Filename	n_sentences	n_tokens	tokens_per_sent	char_per_tok	upos_dist_ADJ	upos_dist_ADP	upos_dist_ADV	upos_dist_AUX	upos_dist_CCONJ	upos_dist_DET	upos_dist_NOUN	upos_dist_NUM	upos_dist_PART	upos_dist_PRON	upos_dist_PROPN	upos_dist_PUNCT	upos_dist_SCONJ	upos_dist_VERB	lexical_density	verbs_tense_dist_Past	verbs_tense_dist_Pres	verbs_mood_dist_Imp	verbs_mood_dist_Ind	verbs_form_dist_Fin	verbs_form_dist_Ger	verbs_form_dist_Inf	verbs_form_dist_Part	verbs_num_pers_dist_+	verbs_num_pers_dist_Sing+3	aux_tense_dist_Past	aux_tense_dist_Pres	aux_mood_dist_Ind	aux_form_dist_Fin	aux_form_dist_Ger	aux_form_dist_Inf	aux_form_dist_Part	aux_num_pers_dist_+	aux_num_pers_dist_Sing+3	verbal_head_per_sent	verbal_root_perc	avg_verb_edges	verb_edges_dist_0	verb_edges_dist_1	verb_edges_dist_2	verb_edges_dist_3	verb_edges_dist_4	verb_edges_dist_5	verb_edges_dist_6	avg_max_depth	avg_token_per_clause	avg_max_links_len	avg_links_len	max_links_len	avg_prepositional_chain_len	n_prepositional_chains	prep_dist_1	prep_dist_2	prep_dist_3	prep_dist_4	obj_pre	obj_post	subj_pre	subj_post	dep_dist_acl	dep_dist_acl:relcl	dep_dist_advcl	dep_dist_advmod	dep_dist_amod	dep_dist_appos	dep_dist_aux	dep_dist_aux:pass	dep_dist_case	dep_dist_cc	dep_dist_ccomp	dep_dist_compound	dep_dist_compound:prt	dep_dist_conj	dep_dist_cop	dep_dist_csubj	dep_dist_det	dep_dist_fixed	dep_dist_mark	dep_dist_nmod	dep_dist_nmod:npmod	dep_dist_nmod:poss	dep_dist_nsubj	dep_dist_nsubj:pass	dep_dist_nummod	dep_dist_obj	dep_dist_obl	dep_dist_obl:npmod	dep_dist_obl:tmod	dep_dist_parataxis	dep_dist_punct	dep_dist_root	dep_dist_xcomp	principal_proposition_dist	subordinate_proposition_dist	subordinate_post	subordinate_pre	avg_subordinate_chain_len	subordinate_dist_1	subordinate_dist_2	subordinate_dist_3	subordinate_dist_4
english_clean_1.conllu	1	16	16.0	4.428571428571429	6.25	12.5	0	6.25	12.5	6.25	31.25	0	0	0	12.5	12.5	0	0	0.5714285714285714	0	0	0	0	0	0	0	0	0	0	0	100.0	100.0	100.0	0	0	0	0	100.0	1.0	100.0	0	0	0	0	0	0	0	0	3.0	16.0	7.0	2.1538461538461537	7	1.0	1	100.0	0	0	0	0	0	100.0	0.0	0	0	0	0	6.25	0	0	0	12.5	12.5	0	6.25	0	12.5	6.25	0	6.25	0	0	6.25	0	0	6.25	0	0	0	6.25	0	0	0	12.5	6.25	0	100.0	0.0	0	0	0	0	0	0	0
english_clean_2.conllu	1	25	25.0	3.869565217391304	4.0	8.0	4.0	4.0	8.0	12.0	16.0	4.0	0	8.0	0	8.0	8.0	16.0	0.43478260869565216	33.333333333333336	66.66666666666667	0	100.0	50.0	25.0	0	25.0	0	100.0	0	100.0	100.0	100.0	0	0	0	0	100.0	4.0	100.0	3.5	0	0	25.0	0	75.0	0	0	4.0	6.25	15.0	2.8636363636363638	15	0	0	0	0	0	0	0.0	100.0	100.0	0.0	0	0	8.0	4.0	4.0	0	0	4.0	8.0	8.0	0	0	0	8.0	0	0	12.0	0	8.0	0	0	0	8.0	0	4.0	8.0	4.0	0	0	0	8.0	4.0	0	33.333333333333336	66.66666666666667	100.0	0.0	1.0	100.0	0	0	0
english_clean_3.conllu	1	16	16.0	4.785714285714286	0	12.5	6.25	0	18.75	6.25	31.25	0	0	0	6.25	12.5	0	6.25	0.5714285714285714	100.0	0	0	100.0	100.0	0	0	0	100.0	0	0	0	0	0	0	0	0	0	0	1.0	100.0	4.0	0	0	0	0	100.0	0	0	3.0	16.0	11.0	2.5384615384615383	11	1.0	1	100.0	0	0	0	0	0	100.0	0.0	0	0	0	6.25	0	0	0	0	12.5	18.75	0	0	0	18.75	0	0	6.25	0	0	6.25	0	0	6.25	0	0	0	6.25	0	0	0	12.5	6.25	0	100.0	0.0	0	0	0	0	0	0	0
english_clean_4.conllu	1	16	16.0	4.2	6.25	25.0	0	6.25	6.25	6.25	31.25	0	0	6.25	0	6.25	0	6.25	0.4666666666666667	100.0	0	0	100.0	100.0	0	0	0	100.0	0	100.0	0	100.0	100.0	0	0	0	100.0	0	2.0	100.0	2.0	0	0	100.0	0	0	0	0	3.0	8.0	6.0	2.0714285714285716	6	1.0	2	100.0	0	0	0	0	0	100.0	0.0	0	0	0	0	0	0	0	0	25.0	6.25	0	0	0	6.25	6.25	0	6.25	0	0	12.5	0	6.25	6.25	0	0	0	12.5	0	0	0	6.25	6.25	0	100.0	0.0	0	0	0	0	0	0	0
english_clean_5.conllu	1	18	18.0	4.4375	0	11.11111111111111	5.555555555555555	5.555555555555555	5.555555555555555	5.555555555555555	22.22222222222222	0	0	5.555555555555555	0	11.11111111111111	11.11111111111111	16.666666666666668	0.5	100.0	0	0	0	0	66.66666666666667	0	33.333333333333336	0	0	100.0	0	100.0	100.0	0	0	0	0	100.0	3.0	100.0	3.0	0	0	66.66666666666667	0	0	33.333333333333336	0	5.0	6.0	7.0	1.9333333333333333	7	1.0	2	100.0	0	0	0	0.0	100.0	100.0	0.0	0	0	5.555555555555555	5.555555555555555	0	0	0	5.555555555555555	16.666666666666668	5.555555555555555	0	0	0	5.555555555555555	0	0	5.555555555555555	0	5.555555555555555	11.11111111111111	0	0	0	5.555555555555555	0	5.555555555555555	5.555555555555555	0	0	0	11.11111111111111	5.555555555555555	0	50.0	50.0	100.0	0.0	1.0	100.0	0	0	0
english_clean_6.conllu	1	32	32.0	5.25	6.25	21.875	3.125	0	6.25	12.5	25.0	6.25	0	0	3.125	12.5	0	3.125	0.4642857142857143	100.0	0	0	0	0	0	0	100.0	0	0	0	0	0	0	0	0	0	0	0	1.0	0.0	1.0	0	100.0	0	0	0	0	0	6.0	32.0	7.0	2.2962962962962963	7	2.25	4	50.0	0	25.0	25.0	0	0	0	0	0	0	0	3.125	6.25	0	0	0	21.875	6.25	0	3.125	0	6.25	0	0	6.25	3.125	0	21.875	0	0	0	0	6.25	0	0	0	0	0	12.5	3.125	0	0	0	0	0	0	0	0	0	0
english_clean_7.conllu	1	27	27.0	4.909090909090909	7.407407407407407	14.814814814814815	11.11111111111111	3.7037037037037037	7.407407407407407	7.407407407407407	18.51851851851852	0	0	0	3.7037037037037037	18.51851851851852	0	7.407407407407407	0.5909090909090909	100.0	0	0	0	0	50.0	0	50.0	0	0	100.0	0	100.0	100.0	0	0	0	0	100.0	2.0	100.0	4.0	0	0	0	50.0	0	50.0	0	4.0	13.5	8.0	2.619047619047619	8	1.0	1	100.0	0	0	0	0	0	100.0	0.0	0	0	0	3.7037037037037037	3.7037037037037037	0	0	3.7037037037037037	11.11111111111111	11.11111111111111	0	0	0	11.11111111111111	0	0	7.407407407407407	7.407407407407407	0	3.7037037037037037	0	0	0	3.7037037037037037	0	0	7.407407407407407	0	3.7037037037037037	0	18.51851851851852	3.7037037037037037	0	100.0	0.0	0	0	0	0	0	0	0
english_clean_8.conllu	1	19	19.0	5.0588235294117645	5.2631578947368425	10.526315789473685	0	0	5.2631578947368425	10.526315789473685	15.789473684210526	0	0	15.789473684210526	5.2631578947368425	10.526315789473685	0	21.05263157894737	0.5294117647058824	100.0	0	0	100.0	50.0	0	0	50.0	100.0	0	0	0	0	0	0	0	0	0	0	4.0	100.0	2.0	25.0	25.0	0	25.0	25.0	0	0	4.0	4.75	13.0	2.5	13	0	0	0	0	0	0	0.0	100.0	100.0	0.0	5.2631578947368425	0	0	0	10.526315789473685	0	0	0	5.2631578947368425	5.2631578947368425	0	5.2631578947368425	5.2631578947368425	5.2631578947368425	0	0	10.526315789473685	0	0	0	0	5.2631578947368425	10.526315789473685	0	0	10.526315789473685	5.2631578947368425	0	0	0	10.526315789473685	5.2631578947368425	0	50.0	50.0	100.0	0.0	1.0	100.0	0	0	0
english_clean_9.conllu	1	19	19.0	6.0625	15.789473684210526	5.2631578947368425	0	0	15.789473684210526	5.2631578947368425	31.57894736842105	0	0	0	5.2631578947368425	15.789473684210526	0	5.2631578947368425	0.6875	100.0	0	0	100.0	100.0	0	0	0	100.0	0	0	0	0	0	0	0	0	0	0	1.0	100.0	2.0	0	0	100.0	0	0	0	0	4.0	19.0	13.0	3.7333333333333334	13	1.0	1	100.0	0	0	0	0.0	100.0	100.0	0.0	0	0	0	0	10.526315789473685	0	0	0	5.2631578947368425	15.789473684210526	0	0	0	26.31578947368421	0	0	5.2631578947368425	0	0	5.2631578947368425	0	0	5.2631578947368425	0	0	5.2631578947368425	0	0	0	0	15.789473684210526	5.2631578947368425	0	100.0	0.0	0	0	0	0	0	0	0
english_clean_10.conllu	1	18	18.0	5.0625	11.11111111111111	5.555555555555555	5.555555555555555	0	0	16.666666666666668	11.11111111111111	0	0	11.11111111111111	11.11111111111111	11.11111111111111	5.555555555555555	11.11111111111111	0.5625	100.0	0	0	100.0	100.0	0	0	0	100.0	0	0	0	0	0	0	0	0	0	0	2.0	100.0	3.0	0	0	0	100.0	0	0	0	3.0	9.0	9.0	2.2666666666666666	9	1.0	1	100.0	0	0	0	50.0	50.0	100.0	0.0	0	5.555555555555555	5.555555555555555	5.555555555555555	5.555555555555555	0	0	0	5.555555555555555	0	0	0	0	0	0	0	16.666666666666668	0	5.555555555555555	5.555555555555555	0	5.555555555555555	11.11111111111111	0	0	11.11111111111111	0	0	0	0	11.11111111111111	5.555555555555555	0	50.0	50.0	100.0	0.0	1.0	100.0	0	0	0
english_clean_11.conllu	1	25	25.0	4.857142857142857	8.0	12.0	8.0	4.0	4.0	8.0	24.0	0	0	0	4.0	16.0	0	12.0	0.6666666666666666	100.0	0	100.0	0	33.333333333333336	0	0	66.66666666666667	100.0	0	0	100.0	100.0	100.0	0	0	0	0	100.0	4.0	0.0	2.3333333333333335	0	0	66.66666666666667	33.333333333333336	0	0	0	8.0	6.25	6.0	1.9	6	1.0	1	100.0	0	0	0	0.0	100.0	0	0	4.0	0	4.0	8.0	8.0	0	0	0	8.0	4.0	0	4.0	0	8.0	4.0	0	8.0	0	4.0	4.0	0	0	0	0	0	4.0	4.0	0	0	4.0	16.0	4.0	0	0.0	100.0	100.0	0.0	1.0	100.0	0	0	0
english_clean_12.conllu	1	43	43.0	4.7560975609756095	4.651162790697675	6.976744186046512	4.651162790697675	6.976744186046512	9.30232558139535	13.953488372093023	23.25581395348837	2.3255813953488373	0	0	0	4.651162790697675	6.976744186046512	16.27906976744186	0.5121951219512195	100.0	0	0	0	0	57.142857142857146	0	42.857142857142854	0	0	0	100.0	100.0	66.66666666666667	0	33.333333333333336	0	50.0	50.0	7.0	100.0	2.857142857142857	14.285714285714286	0	28.571428571428573	14.285714285714286	28.571428571428573	14.285714285714286	0	6.0	6.142857142857143	33.0	3.025	33	1.0	1	100.0	0	0	0	0.0	100.0	100.0	0.0	0	0	6.976744186046512	2.3255813953488373	4.651162790697675	0	2.3255813953488373	4.651162790697675	6.976744186046512	9.30232558139535	0	0	0	9.30232558139535	0	0	13.953488372093023	0	6.976744186046512	2.3255813953488373	0	0	0	4.651162790697675	2.3255813953488373	6.976744186046512	4.651162790697675	0	0	2.3255813953488373	4.651162790697675	2.3255813953488373	2.3255813953488373	20.0	80.0	100.0	0.0	1.3333333333333333	66.66666666666667	33.333333333333336	0	0
english_clean_13.conllu	1	28	28.0	4.423076923076923	7.142857142857143	10.714285714285714	0	10.714285714285714	7.142857142857143	10.714285714285714	25.0	0	0	7.142857142857143	0	7.142857142857143	3.5714285714285716	10.714285714285714	0.46153846153846156	100.0	0	0	0	0	33.333333333333336	0	66.66666666666667	0	0	33.333333333333336	66.66666666666667	100.0	100.0	0	0	0	0	100.0	4.0	100.0	2.6666666666666665	0	0	66.66666666666667	0	33.333333333333336	0	0	6.0	7.0	19.0	2.52	19	1.0	1	100.0	0	0	0	0.0	100.0	100.0	0.0	3.5714285714285716	3.5714285714285716	0	0	7.142857142857143	0	3.5714285714285716	3.5714285714285716	10.714285714285714	7.142857142857143	0	3.5714285714285716	0	3.5714285714285716	3.5714285714285716	0	10.714285714285714	0	3.5714285714285716	3.5714285714285716	0	0	7.142857142857143	3.5714285714285716	0	3.5714285714285716	7.142857142857143	0	0	0	7.142857142857143	3.5714285714285716	0	25.0	75.0	100.0	0.0	1.5	50.0	50.0	0	0
english_clean_14.conllu	1	24	24.0	5.0	4.166666666666667	16.666666666666668	12.5	4.166666666666667	8.333333333333334	8.333333333333334	20.833333333333332	4.166666666666667	0	4.166666666666667	0	12.5	0	4.166666666666667	0.47619047619047616	100.0	0	0	0	0	0	0	100.0	0	0	0	100.0	100.0	100.0	0	0	0	0	100.0	1.0	100.0	4.0	0	0	0	0	100.0	0	0	6.0	24.0	6.0	2.3	6	1.0	1	100.0	0	0	0	0	0	100.0	0.0	0	0	0	8.333333333333334	4.166666666666667	0	0	4.166666666666667	16.666666666666668	8.333333333333334	0	4.166666666666667	0	12.5	0	0	4.166666666666667	0	0	4.166666666666667	0	0	0	4.166666666666667	4.166666666666667	0	8.333333333333334	0	0	0	12.5	4.166666666666667	0	100.0	0.0	0	0	0	0	0	0	0
english_clean_15.conllu	1	35	35.0	5.464285714285714	5.714285714285714	11.428571428571429	0	0	2.857142857142857	11.428571428571429	22.857142857142858	0	2.857142857142857	2.857142857142857	11.428571428571429	20.0	0	8.571428571428571	0.6071428571428571	0	100.0	0	100.0	66.66666666666667	0	33.333333333333336	0	100.0	0	0	0	0	0	0	0	0	0	0	3.0	100.0	2.6666666666666665	0	0	66.66666666666667	0	33.333333333333336	0	0	7.0	11.666666666666666	12.0	2.7037037037037037	12	1.0	3	100.0	0	0	0	0.0	100.0	100.0	0.0	2.857142857142857	2.857142857142857	0	0	5.714285714285714	0	0	0	11.428571428571429	2.857142857142857	0	2.857142857142857	0	8.571428571428571	0	0	11.428571428571429	0	2.857142857142857	8.571428571428571	0	0	5.714285714285714	0	0	8.571428571428571	2.857142857142857	0	0	0	20.0	2.857142857142857	0	33.333333333333336	66.66666666666667	100.0	0.0	1.0	100.0	0	0	0
english_clean_16.conllu	1	50	50.0	4.702127659574468	10.0	12.0	0	6.0	2.0	12.0	20.0	0	2.0	12.0	2.0	6.0	2.0	14.0	0.48936170212765956	100.0	0	0	100.0	42.857142857142854	14.285714285714286	14.285714285714286	28.571428571428573	100.0	0	33.333333333333336	66.66666666666667	100.0	100.0	0	0	0	33.333333333333336	66.66666666666667	8.0	100.0	2.5714285714285716	0	14.285714285714286	28.571428571428573	42.857142857142854	14.285714285714286	0	0	10.0	6.25	10.0	2.4565217391304346	10	1.0	2	100.0	0	0	0	0.0	100.0	100.0	0.0	2.0	4.0	4.0	0	8.0	0	2.0	2.0	12.0	2.0	2.0	0	0	2.0	2.0	0	10.0	0	4.0	4.0	0	8.0	8.0	2.0	0	6.0	8.0	0	0	0	6.0	2.0	0	14.285714285714286	85.71428571428571	83.33333333333333	16.666666666666668	1.2	80.0	20.0	0	0
english_clean_17.conllu	1	18	18.0	5.8	11.11111111111111	16.666666666666668	0	5.555555555555555	0	5.555555555555555	38.888888888888886	0	0	0	0	16.666666666666668	0	5.555555555555555	0.6666666666666666	100.0	0	0	0	0	0	0	100.0	0	0	0	100.0	100.0	100.0	0	0	0	0	100.0	2.0	100.0	0.0	100.0	0	0	0	0	0	0	3.0	9.0	9.0	3.142857142857143	9	1.0	2	100.0	0	0	0	0	0	100.0	0.0	0	0	0	0	16.666666666666668	0	0	0	16.666666666666668	0	0	11.11111111111111	0	0	5.555555555555555	0	5.555555555555555	0	0	11.11111111111111	0	0	5.555555555555555	0	0	0	5.555555555555555	0	0	0	16.666666666666668	5.555555555555555	0	100.0	0.0	0	0	0	0	0	0	0
english_clean_18.conllu	1	13	13.0	6.083333333333333	0	7.6923076923076925	7.6923076923076925	7.6923076923076925	0	7.6923076923076925	30.76923076923077	0	0	7.6923076923076925	0	7.6923076923076925	0	23.076923076923077	0.6666666666666666	50.0	50.0	0	100.0	33.333333333333336	33.333333333333336	0	33.333333333333336	100.0	0	0	100.0	100.0	100.0	0	0	0	0	100.0	3.0	100.0	2.3333333333333335	0	33.333333333333336	33.333333333333336	0	33.333333333333336	0	0	4.0	4.333333333333333	3.0	1.5454545454545454	3	0	0	0	0	0	0	0.0	100.0	100.0	0.0	0	7.6923076923076925	0	7.6923076923076925	0	0	0	7.6923076923076925	7.6923076923076925	0	0	7.6923076923076925	0	0	0	0	7.6923076923076925	0	0	0	0	0	7.6923076923076925	7.6923076923076925	0	7.6923076923076925	7.6923076923076925	0	0	0	7.6923076923076925	7.6923076923076925	7.6923076923076925	33.333333333333336	66.66666666666667	100.0	0.0	2.0	0	100.0	0	0
english_clean_19.conllu	1	28	28.0	6.56	10.714285714285714	10.714285714285714	7.142857142857143	7.142857142857143	3.5714285714285716	7.142857142857143	21.428571428571427	0	0	0	10.714285714285714	10.714285714285714	0	10.714285714285714	0.68	100.0	0	0	0	0	33.333333333333336	0	66.66666666666667	0	0	0	100.0	100.0	100.0	0	0	0	0	100.0	3.0	100.0	3.0	33.333333333333336	0	0	0	33.333333333333336	33.333333333333336	0	4.0	9.333333333333334	8.0	2.6666666666666665	8	1.5	2	50.0	50.0	0	0	0	0	100.0	0.0	0	0	0	7.142857142857143	7.142857142857143	0	0	7.142857142857143	14.285714285714286	3.5714285714285716	0	14.285714285714286	0	3.5714285714285716	0	0	7.142857142857143	0	0	10.714285714285714	0	0	0	3.5714285714285716	0	0	3.5714285714285716	0	0	0	10.714285714285714	3.5714285714285716	3.5714285714285716	50.0	50.0	100.0	0.0	1.0	100.0	0	0	0
english_clean_20.conllu	1	20	20.0	6.444444444444445	15.0	5.0	5.0	0	5.0	5.0	30.0	0	5.0	5.0	0	10.0	0	15.0	0.7222222222222222	0	100.0	0	100.0	66.66666666666667	0	33.333333333333336	0	100.0	0	0	0	0	0	0	0	0	0	0	3.0	100.0	2.6666666666666665	0	0	33.333333333333336	66.66666666666667	0	0	0	4.0	6.666666666666667	10.0	2.6470588235294117	10	1.0	1	100.0	0	0	0	0.0	100.0	100.0	0.0	0	5.0	5.0	5.0	15.0	0	0	0	5.0	5.0	0	0	0	5.0	0	0	5.0	0	5.0	5.0	0	0	10.0	0	0	15.0	0	0	0	0	10.0	5.0	0	33.333333333333336	66.66666666666667	0.0	100.0	2.0	0	100.0	0	0
english_clean_21.conllu	1	26	26.0	4.318181818181818	7.6923076923076925	15.384615384615385	7.6923076923076925	7.6923076923076925	0	7.6923076923076925	23.076923076923077	0	3.8461538461538463	11.538461538461538	0	15.384615384615385	0	0	0.45454545454545453	0	0	0	0	0	0	0	0	0	0	0	100.0	100.0	100.0	0	0	0	0	100.0	2.0	100.0	0	0	0	0	0	0	0	0	2.0	13.0	11.0	2.5714285714285716	11	1.0	2	100.0	0	0	0	0	0	100.0	0.0	0	0	0	11.538461538461538	3.8461538461538463	0	0	0	15.384615384615385	0	0	0	0	0	7.6923076923076925	0	7.6923076923076925	0	0	7.6923076923076925	3.8461538461538463	3.8461538461538463	11.538461538461538	0	0	0	7.6923076923076925	0	0	0	15.384615384615385	3.8461538461538463	0	50.0	50.0	0.0	100.0	1.0	100.0	0	0	0
english_clean_22.conllu	1	29	29.0	5.222222222222222	13.793103448275861	24.137931034482758	3.4482758620689653	3.4482758620689653	3.4482758620689653	6.896551724137931	34.48275862068966	0	0	0	0	6.896551724137931	0	3.4482758620689653	0.5925925925925926	100.0	0	0	0	0	0	0	100.0	0	0	0	100.0	100.0	100.0	0	0	0	100.0	0	1.0	100.0	3.0	0	0	0	100.0	0	0	0	5.0	29.0	21.0	2.9615384615384617	21	1.25	4	75.0	25.0	0	0	0	0	100.0	0.0	0	0	0	3.4482758620689653	13.793103448275861	0	3.4482758620689653	0	24.137931034482758	3.4482758620689653	0	3.4482758620689653	0	3.4482758620689653	0	0	6.896551724137931	0	0	17.24137931034483	0	0	3.4482758620689653	0	0	0	6.896551724137931	0	0	0	6.896551724137931	3.4482758620689653	0	100.0	0.0	0	0	0	0	0	0	0
english_clean_23.conllu	1	20	20.0	5.388888888888889	5.0	15.0	5.0	5.0	5.0	5.0	35.0	0	5.0	0	0	10.0	0	10.0	0.6111111111111112	100.0	0	0	0	0	0	50.0	50.0	0	0	0	100.0	100.0	100.0	0	0	0	100.0	0	2.0	100.0	2.5	0	0	50.0	50.0	0	0	0	5.0	10.0	5.0	1.8823529411764706	5	2.0	1	0	100.0	0	0	0.0	100.0	100.0	0.0	0	0	0	5.0	5.0	0	5.0	0	15.0	5.0	0	5.0	0	5.0	0	0	5.0	0	5.0	10.0	0	0	5.0	0	0	5.0	5.0	0	0	0	10.0	5.0	5.0	50.0	50.0	100.0	0.0	1.0	100.0	0	0	0
english_clean_24.conllu	1	37	37.0	4.875	10.81081081081081	16.216216216216218	0	2.7027027027027026	2.7027027027027026	16.216216216216218	37.83783783783784	0	0	0	0	13.513513513513514	0	0	0.5625	0	0	0	0	0	0	0	0	0	0	0	100.0	100.0	100.0	0	0	0	100.0	0	1.0	100.0	0	0	0	0	0	0	0	0	5.0	37.0	17.0	3.032258064516129	17	1.5	4	50.0	50.0	0	0	0	0	100.0	0.0	0	0	0	0	10.81081081081081	0	0	0	16.216216216216218	2.7027027027027026	0	8.108108108108109	0	5.405405405405405	2.7027027027027026	0	16.216216216216218	0	0	16.216216216216218	0	0	2.7027027027027026	0	0	0	0	2.7027027027027026	0	0	13.513513513513514	2.7027027027027026	0	100.0	0.0	0	0	0	0	0	0	0
english_clean_25.conllu	1	19	19.0	6.6875	5.2631578947368425	10.526315789473685	5.2631578947368425	5.2631578947368425	0	5.2631578947368425	31.57894736842105	0	0	0	0	15.789473684210526	5.2631578947368425	15.789473684210526	0.6875	50.0	50.0	0	100.0	33.333333333333336	33.333333333333336	0	33.333333333333336	0	100.0	0	100.0	100.0	100.0	0	0	0	100.0	0	3.0	100.0	2.3333333333333335	0	33.333333333333336	0	66.66666666666667	0	0	0	5.0	6.333333333333333	7.0	2.7333333333333334	7	1.0	1	100.0	0	0	0	0.0	100.0	100.0	0.0	0	0	0	5.2631578947368425	5.2631578947368425	0	5.2631578947368425	0	10.526315789473685	0	5.2631578947368425	10.526315789473685	0	0	0	5.2631578947368425	5.2631578947368425	0	5.2631578947368425	5.2631578947368425	0	0	5.2631578947368425	0	0	5.2631578947368425	5.2631578947368425	0	0	0	15.789473684210526	5.2631578947368425	0	33.333333333333336	66.66666666666667	100.0	0.0	2.0	0	100.0	0	0
english_clean_26.conllu	1	12	12.0	5.7272727272727275	25.0	8.333333333333334	0	8.333333333333334	0	16.666666666666668	25.0	0	0	0	0	8.333333333333334	0	8.333333333333334	0.6363636363636364	100.0	0	0	0	0	0	0	100.0	0	0	100.0	0	100.0	100.0	0	0	0	0	100.0	2.0	100.0	0.0	100.0	0	0	0	0	0	0	2.0	6.0	6.0	2.8	6	1.0	1	100.0	0	0	0	0	0	100.0	0.0	0	0	0	0	33.333333333333336	0	0	0	8.333333333333334	0	0	0	0	0	8.333333333333334	0	16.666666666666668	0	0	8.333333333333334	0	0	8.333333333333334	0	0	0	0	0	0	0	8.333333333333334	8.333333333333334	0	100.0	0.0	0	0	0	0	0	0	0
english_clean_27.conllu	1	31	31.0	4.925925925925926	12.903225806451612	16.129032258064516	3.225806451612903	3.225806451612903	6.451612903225806	6.451612903225806	22.580645161290324	0	0	9.67741935483871	0	12.903225806451612	0	6.451612903225806	0.5185185185185185	100.0	0	0	0	0	0	0	100.0	0	0	0	100.0	100.0	100.0	0	0	0	0	100.0	2.0	100.0	3.0	50.0	0	0	0	0	0	50.0	5.0	15.5	15.0	3.076923076923077	15	1.0	1	100.0	0	0	0	0	0	100.0	0.0	0	0	0	3.225806451612903	16.129032258064516	3.225806451612903	0	3.225806451612903	12.903225806451612	6.451612903225806	0	0	0	9.67741935483871	0	0	6.451612903225806	3.225806451612903	0	3.225806451612903	0	6.451612903225806	0	3.225806451612903	0	0	6.451612903225806	0	0	0	12.903225806451612	3.225806451612903	0	100.0	0.0	0	0	0	0	0	0	0
english_clean_28.conllu	1	23	23.0	5.2631578947368425	13.043478260869565	4.3478260869565215	0	8.695652173913043	4.3478260869565215	4.3478260869565215	13.043478260869565	0	8.695652173913043	4.3478260869565215	8.695652173913043	17.391304347826086	0	13.043478260869565	0.5789473684210527	100.0	0	0	0	0	0	33.333333333333336	66.66666666666667	0	0	0	100.0	100.0	50.0	0	50.0	0	0	100.0	3.0	0.0	2.3333333333333335	0	0	66.66666666666667	33.333333333333336	0	0	0	5.0	7.666666666666667	13.0	2.6666666666666665	13	1.0	1	100.0	0	0	0	0.0	100.0	100.0	0.0	0	0	8.695652173913043	0	8.695652173913043	0	4.3478260869565215	4.3478260869565215	4.3478260869565215	4.3478260869565215	0	0	0	8.695652173913043	0	0	4.3478260869565215	0	8.695652173913043	4.3478260869565215	0	0	0	4.3478260869565215	0	4.3478260869565215	0	0	0	4.3478260869565215	17.391304347826086	4.3478260869565215	4.3478260869565215	0.0	100.0	100.0	0.0	1.0	100.0	0	0	0
english_clean_29.conllu	1	16	16.0	4.0	0	12.5	6.25	6.25	0	18.75	25.0	12.5	6.25	0	0	6.25	0	6.25	0.4	0	0	0	0	0	0	100.0	0	0	0	100.0	0	100.0	100.0	0	0	0	0	100.0	1.0	0.0	2.0	0	0	100.0	0	0	0	0	5.0	16.0	4.0	1.8571428571428572	4	1.0	2	100.0	0	0	0	0.0	100.0	100.0	0.0	6.25	0	0	6.25	0	0	0	0	12.5	0	0	0	0	0	6.25	0	18.75	0	6.25	12.5	0	0	6.25	0	6.25	6.25	0	0	0	0	6.25	6.25	0	0.0	100.0	100.0	0.0	1.0	100.0	0	0	0
english_clean_30.conllu	1	17	17.0	5.4375	17.647058823529413	5.882352941176471	0	0	0	17.647058823529413	23.529411764705884	0	0	5.882352941176471	0	5.882352941176471	5.882352941176471	17.647058823529413	0.625	100.0	0	0	100.0	66.66666666666667	33.333333333333336	0	0	100.0	0	0	0	0	0	0	0	0	0	0	3.0	100.0	2.3333333333333335	0	0	66.66666666666667	33.333333333333336	0	0	0	5.0	5.666666666666667	6.0	2.066666666666667	6	0	0	0	0	0	0	0.0	100.0	100.0	0.0	0	5.882352941176471	5.882352941176471	0	17.647058823529413	0	0	0	5.882352941176471	0	0	0	0	0	0	0	17.647058823529413	0	5.882352941176471	0	0	0	11.764705882352942	0	0	11.764705882352942	5.882352941176471	0	0	0	5.882352941176471	5.882352941176471	0	33.333333333333336	66.66666666666667	100.0	0.0	2.0	0	100.0	0	0
english_clean_31.conllu	1	24	24.0	5.260869565217392	4.166666666666667	16.666666666666668	8.333333333333334	8.333333333333334	4.166666666666667	8.333333333333334	20.833333333333332	0	4.166666666666667	4.166666666666667	0	4.166666666666667	0	16.666666666666668	0.5217391304347826	100.0	0	0	0	0	0	50.0	50.0	0	0	50.0	50.0	100.0	50.0	0	0	50.0	0	100.0	4.0	100.0	2.75	0	25.0	25.0	0	50.0	0	0	5.0	6.0	8.0	2.5	8	0	0	0	0	0	0	0.0	100.0	100.0	0.0	4.166666666666667	0	0	8.333333333333334	8.333333333333334	0	4.166666666666667	4.166666666666667	12.5	4.166666666666667	0	0	0	4.166666666666667	0	0	8.333333333333334	4.166666666666667	4.166666666666667	0	0	4.166666666666667	0	4.166666666666667	0	4.166666666666667	12.5	0	0	0	4.166666666666667	4.166666666666667	0	50.0	50.0	100.0	0.0	1.0	100.0	0	0	0
english_clean_32.conllu	1	28	28.0	5.269230769230769	17.857142857142858	17.857142857142858	3.5714285714285716	3.5714285714285716	7.142857142857143	14.285714285714286	14.285714285714286	0	0	3.5714285714285716	3.5714285714285716	7.142857142857143	0	7.142857142857143	0.5	100.0	0	0	100.0	50.0	0	0	50.0	100.0	0	100.0	0	100.0	100.0	0	0	0	100.0	0	2.0	100.0	3.0	0	0	0	100.0	0	0	0	5.0	14.0	18.0	2.56	18	1.5	2	50.0	50.0	0	0	0	0	100.0	0.0	0	0	0	3.5714285714285716	7.142857142857143	0	3.5714285714285716	0	17.857142857142858	7.142857142857143	0	0	0	7.142857142857143	0	0	14.285714285714286	0	0	10.714285714285714	0	0	7.142857142857143	0	0	0	7.142857142857143	0	0	0	7.142857142857143	3.5714285714285716	3.5714285714285716	100.0	0.0	0	0	0	0	0	0	0
english_clean_33.conllu	1	34	34.0	5.766666666666667	8.823529411764707	8.823529411764707	2.9411764705882355	11.764705882352942	5.882352941176471	2.9411764705882355	29.41176470588235	0	0	5.882352941176471	0	11.764705882352942	2.9411764705882355	8.823529411764707	0.5666666666666667	100.0	0	0	0	0	0	0	100.0	0	0	0	100.0	100.0	75.0	0	25.0	0	33.333333333333336	66.66666666666667	4.0	100.0	3.3333333333333335	0	33.333333333333336	0	33.333333333333336	0	0	33.333333333333336	5.0	8.5	21.0	3.0344827586206895	21	1.0	1	100.0	0	0	0	0.0	100.0	100.0	0.0	2.9411764705882355	0	2.9411764705882355	2.9411764705882355	8.823529411764707	2.9411764705882355	5.882352941176471	2.9411764705882355	8.823529411764707	5.882352941176471	0	2.9411764705882355	0	5.882352941176471	2.9411764705882355	0	2.9411764705882355	0	2.9411764705882355	2.9411764705882355	0	2.9411764705882355	5.882352941176471	2.9411764705882355	0	2.9411764705882355	5.882352941176471	0	0	0	11.764705882352942	2.9411764705882355	0	33.333333333333336	66.66666666666667	50.0	50.0	1.0	100.0	0	0	0
english_clean_34.conllu	1	19	19.0	6.375	5.2631578947368425	10.526315789473685	10.526315789473685	15.789473684210526	0	0	21.05263157894737	0	0	5.2631578947368425	0	15.789473684210526	5.2631578947368425	10.526315789473685	0.5625	100.0	0	0	0	0	0	0	100.0	0	0	33.333333333333336	66.66666666666667	100.0	66.66666666666667	0	0	33.333333333333336	100.0	0	2.0	100.0	4.5	0	0	0	0	50.0	50.0	0	3.0	9.5	7.0	2.933333333333333	7	1.0	1	100.0	0	0	0	0	0	100.0	0.0	0	0	5.2631578947368425	10.526315789473685	5.2631578947368425	0	5.2631578947368425	10.526315789473685	10.526315789473685	0	0	0	0	0	0	0	0	0	5.2631578947368425	5.2631578947368425	0	5.2631578947368425	0	10.526315789473685	0	0	5.2631578947368425	0	0	0	15.789473684210526	5.2631578947368425	0	50.0	50.0	100.0	0.0	1.0	100.0	0	0	0
english_clean_35.conllu	1	35	35.0	5.03125	0	11.428571428571429	0	5.714285714285714	5.714285714285714	14.285714285714286	22.857142857142858	0	2.857142857142857	0	20.0	8.571428571428571	2.857142857142857	5.714285714285714	0.53125	100.0	0	0	0	0	50.0	0	50.0	0	0	0	100.0	100.0	100.0	0	0	0	0	100.0	3.0	100.0	3.5	0	0	50.0	0	0	50.0	0	5.0	11.666666666666666	15.0	2.806451612903226	15	1.5	2	50.0	50.0	0	0	0.0	100.0	100.0	0.0	2.857142857142857	0	0	0	0	2.857142857142857	0	2.857142857142857	14.285714285714286	5.714285714285714	0	11.428571428571429	0	5.714285714285714	2.857142857142857	0	14.285714285714286	0	2.857142857142857	8.571428571428571	0	2.857142857142857	0	2.857142857142857	0	2.857142857142857	2.857142857142857	0	2.857142857142857	0	8.571428571428571	2.857142857142857	0	50.0	50.0	100.0	0.0	1.0	100.0	0	0	0
english_clean_36.conllu	1	29	29.0	5.72	10.344827586206897	6.896551724137931	3.4482758620689653	6.896551724137931	3.4482758620689653	3.4482758620689653	24.137931034482758	6.896551724137931	0	3.4482758620689653	0	13.793103448275861	6.896551724137931	10.344827586206897	0.56	100.0	0	0	100.0	33.333333333333336	66.66666666666667	0	0	100.0	0	50.0	50.0	100.0	50.0	0	0	50.0	0	100.0	4.0	100.0	2.6666666666666665	0	0	33.333333333333336	66.66666666666667	0	0	0	6.0	7.25	17.0	3.2916666666666665	17	1.0	1	100.0	0	0	0	0.0	100.0	100.0	0.0	0	0	6.896551724137931	3.4482758620689653	10.344827586206897	0	3.4482758620689653	0	6.896551724137931	3.4482758620689653	0	3.4482758620689653	0	6.896551724137931	3.4482758620689653	0	3.4482758620689653	0	6.896551724137931	3.4482758620689653	0	0	3.4482758620689653	0	3.4482758620689653	6.896551724137931	3.4482758620689653	0	0	3.4482758620689653	13.793103448275861	3.4482758620689653	0	25.0	75.0	100.0	0.0	3.0	0	0	100.0	0
english_clean_37.conllu	1	21	21.0	5.421052631578948	9.523809523809524	19.047619047619047	4.761904761904762	4.761904761904762	0	4.761904761904762	23.80952380952381	9.523809523809524	4.761904761904762	0	0	9.523809523809524	0	9.523809523809524	0.5263157894736842	100.0	0	0	0	0	0	50.0	50.0	0	0	0	100.0	100.0	100.0	0	0	0	0	100.0	2.0	100.0	2.0	0	0	100.0	0	0	0	0	6.0	10.5	6.0	2.5	6	1.5	2	50.0	50.0	0	0	0.0	100.0	100.0	0.0	0	0	0	4.761904761904762	9.523809523809524	0	4.761904761904762	0	19.047619047619047	0	0	4.761904761904762	0	0	0	0	4.761904761904762	0	4.761904761904762	14.285714285714286	0	0	4.761904761904762	0	4.761904761904762	4.761904761904762	0	0	0	0	9.523809523809524	4.761904761904762	4.761904761904762	50.0	50.0	100.0	0.0	1.0	100.0	0	0	0
english_clean_38.conllu	1	27	27.0	7.090909090909091	18.51851851851852	0	3.7037037037037037	0	3.7037037037037037	7.407407407407407	33.333333333333336	0	3.7037037037037037	0	0	18.51851851851852	3.7037037037037037	7.407407407407407	0.7727272727272727	0	100.0	0	100.0	50.0	0	50.0	0	0	100.0	0	0	0	0	0	0	0	0	0	2.0	100.0	2.5	0	0	50.0	50.0	0	0	0	5.0	13.5	14.0	3.9523809523809526	14	0	0	0	0	0	0	0.0	100.0	100.0	0.0	3.7037037037037037	0	3.7037037037037037	3.7037037037037037	14.814814814814815	0	0	0	0	3.7037037037037037	0	0	0	14.814814814814815	0	0	7.407407407407407	0	7.407407407407407	0	0	0	7.407407407407407	0	0	7.407407407407407	0	0	3.7037037037037037	0	18.51851851851852	3.7037037037037037	0	50.0	50.0	100.0	0.0	1.0	100.0	0	0	0
english_clean_39.conllu	1	13	13.0	4.7	7.6923076923076925	15.384615384615385	0	7.6923076923076925	0	7.6923076923076925	23.076923076923077	7.6923076923076925	0	0	7.6923076923076925	23.076923076923077	0	0	0.5	0	0	0	0	0	0	0	0	0	0	0	100.0	100.0	100.0	0	0	0	0	100.0	1.0	100.0	0	0	0	0	0	0	0	0	3.0	13.0	9.0	2.888888888888889	9	1.0	1	100.0	0	0	0	0	0	100.0	0.0	0	0	0	0	7.6923076923076925	0	0	0	15.384615384615385	0	0	7.6923076923076925	0	0	7.6923076923076925	0	7.6923076923076925	0	0	7.6923076923076925	0	0	7.6923076923076925	0	0	0	7.6923076923076925	0	0	0	23.076923076923077	7.6923076923076925	0	100.0	0.0	0	0	0	0	0	0	0
english_clean_40.conllu	1	20	20.0	4.684210526315789	5.0	5.0	0	5.0	0	10.0	30.0	0	10.0	10.0	0	5.0	0	20.0	0.5789473684210527	0	100.0	0	100.0	25.0	0	75.0	0	0	100.0	0	0	0	100.0	0	0	0	100.0	0	4.0	100.0	2.5	0	0	50.0	50.0	0	0	0	6.0	5.0	6.0	2.0	6	0	0	0	0	0	0	0.0	100.0	100.0	0.0	0	5.0	0	0	5.0	0	5.0	0	5.0	0	5.0	5.0	0	0	0	0	10.0	0	10.0	0	0	5.0	10.0	0	0	15.0	5.0	0	0	0	5.0	5.0	5.0	25.0	75.0	100.0	0.0	1.5	50.0	50.0	0	0
english_clean_41.conllu	1	25	25.0	5.9523809523809526	20.0	4.0	4.0	0	4.0	8.0	20.0	0	4.0	4.0	0	16.0	4.0	12.0	0.6666666666666666	0	100.0	0	100.0	66.66666666666667	0	33.333333333333336	0	50.0	50.0	0	0	0	0	0	0	0	0	0	3.0	100.0	3.0	0	0	33.333333333333336	33.333333333333336	33.333333333333336	0	0	5.0	8.333333333333334	16.0	2.8	16	1.0	1	100.0	0	0	0	0.0	100.0	100.0	0.0	0	0	4.0	4.0	20.0	0	0	0	4.0	4.0	0	0	0	4.0	0	0	8.0	0	8.0	4.0	0	0	8.0	0	0	8.0	0	0	0	0	16.0	4.0	4.0	33.333333333333336	66.66666666666667	100.0	0.0	1.0	100.0	0	0	0
english_clean_42.conllu	1	23	23.0	4.8	8.695652173913043	17.391304347826086	0	4.3478260869565215	0	13.043478260869565	17.391304347826086	4.3478260869565215	4.3478260869565215	0	4.3478260869565215	13.043478260869565	0	13.043478260869565	0.5	100.0	0	0	0	0	0	66.66666666666667	33.333333333333336	0	0	0	100.0	100.0	100.0	0	0	0	0	100.0	3.0	100.0	2.6666666666666665	0	33.333333333333336	0	33.333333333333336	33.333333333333336	0	0	4.0	7.666666666666667	9.0	2.8947368421052633	9	1.0	1	100.0	0	0	0	0.0	100.0	100.0	0.0	0	0	0	4.3478260869565215	8.695652173913043	0	4.3478260869565215	0	17.391304347826086	0	0	0	0	0	0	0	13.043478260869565	0	4.3478260869565215	4.3478260869565215	0	0	4.3478260869565215	0	0	4.3478260869565215	13.043478260869565	0	0	0	13.043478260869565	4.3478260869565215	4.3478260869565215	50.0	50.0	100.0	0.0	1.0	100.0	0	0	0
english_clean_43.conllu	1	20	20.0	3.8947368421052633	5.0	10.0	5.0	5.0	5.0	15.0	25.0	5.0	5.0	0	0	5.0	0	15.0	0.5263157894736842	100.0	0	0	0	0	0	66.66666666666667	33.333333333333336	0	0	0	100.0	100.0	100.0	0	0	0	0	100.0	4.0	100.0	1.6666666666666667	0	66.66666666666667	0	33.333333333333336	0	0	0	3.0	5.0	8.0	2.4444444444444446	8	1.0	1	100.0	0	0	0	0.0	100.0	100.0	0.0	5.0	0	0	5.0	5.0	0	0	0	10.0	5.0	0	0	0	5.0	5.0	0	15.0	0	5.0	5.0	0	0	5.0	0	5.0	5.0	5.0	0	0	0	5.0	5.0	5.0	33.333333333333336	66.66666666666667	100.0	0.0	2.0	0	100.0	0	0
english_clean_44.conllu	1	25	25.0	4.391304347826087	4.0	16.0	4.0	8.0	4.0	16.0	24.0	0	0	8.0	0	8.0	0	8.0	0.43478260869565216	50.0	50.0	0	100.0	50.0	0	0	50.0	0	100.0	0	0	0	50.0	0	50.0	0	100.0	0	2.0	100.0	3.0	0	0	0	100.0	0	0	0	5.0	12.5	10.0	2.6818181818181817	10	1.0	1	100.0	0	0	0	0	0	100.0	0.0	0	4.0	0	4.0	4.0	0	4.0	4.0	16.0	4.0	0	4.0	0	4.0	0	0	16.0	0	0	4.0	0	0	4.0	4.0	0	0	12.0	0	0	0	8.0	4.0	0	50.0	50.0	100.0	0.0	1.0	100.0	0	0	0
english_clean_45.conllu	1	20	20.0	4.2631578947368425	5.0	10.0	5.0	5.0	0	20.0	25.0	0	10.0	0	0	5.0	0	15.0	0.5263157894736842	100.0	0	0	0	0	33.333333333333336	33.333333333333336	33.333333333333336	0	0	0	100.0	100.0	100.0	0	0	0	0	100.0	3.0	100.0	2.6666666666666665	0	33.333333333333336	33.333333333333336	0	0	33.333333333333336	0	4.0	6.666666666666667	7.0	2.388888888888889	7	1.0	1	100.0	0	0	0	0.0	100.0	100.0	0.0	0	0	5.0	5.0	5.0	0	0	5.0	15.0	0	0	0	0	0	0	0	20.0	0	5.0	5.0	0	5.0	0	5.0	0	5.0	5.0	0	0	0	5.0	5.0	5.0	33.333333333333336	66.66666666666667	100.0	0.0	2.0	0	100.0	0	0
english_clean_46.conllu	1	19	19.0	5.733333333333333	21.05263157894737	10.526315789473685	5.2631578947368425	5.2631578947368425	0	10.526315789473685	21.05263157894737	0	0	0	0	21.05263157894737	0	5.2631578947368425	0.6666666666666666	100.0	0	0	0	0	0	0	100.0	0	0	100.0	0	100.0	100.0	0	0	0	0	100.0	1.0	100.0	5.0	0	0	0	0	0	100.0	0	3.0	19.0	7.0	2.7857142857142856	7	0	0	0	0	0	0	0	0	100.0	0.0	0	0	0	5.2631578947368425	21.05263157894737	0	0	5.2631578947368425	10.526315789473685	0	0	5.2631578947368425	0	0	0	0	10.526315789473685	0	0	0	0	0	0	5.2631578947368425	0	0	10.526315789473685	0	0	0	21.05263157894737	5.2631578947368425	0	100.0	0.0	0	0	0	0	0	0	0
english_clean_47.conllu	1	23	23.0	5.190476190476191	21.73913043478261	8.695652173913043	0	0	4.3478260869565215	21.73913043478261	26.08695652173913	0	0	0	0	8.695652173913043	0	8.695652173913043	0.6190476190476191	100.0	0	0	100.0	100.0	0	0	0	100.0	0	0	0	0	0	0	0	0	0	0	2.0	100.0	2.0	0	50.0	0	50.0	0	0	0	4.0	11.5	12.0	3.15	12	1.0	1	100.0	0	0	0	0.0	100.0	100.0	0.0	0	0	4.3478260869565215	0	21.73913043478261	0	0	0	8.695652173913043	4.3478260869565215	0	4.3478260869565215	0	4.3478260869565215	0	0	21.73913043478261	0	0	4.3478260869565215	0	0	4.3478260869565215	0	0	4.3478260869565215	4.3478260869565215	0	0	0	8.695652173913043	4.3478260869565215	0	50.0	50.0	0.0	100.0	1.0	100.0	0	0	0
english_clean_48.conllu	1	11	11.0	5.9	9.090909090909092	18.181818181818183	9.090909090909092	9.090909090909092	0	9.090909090909092	36.36363636363637	0	0	0	0	9.090909090909092	0	0	0.6	0	0	0	0	0	0	0	0	0	0	100.0	0	100.0	100.0	0	0	0	100.0	0	1.0	100.0	0	0	0	0	0	0	0	0	3.0	11.0	3.0	2.0	3	2.0	1	0	100.0	0	0	0	0	100.0	0.0	0	0	0	9.090909090909092	9.090909090909092	0	0	0	18.181818181818183	0	0	0	0	0	9.090909090909092	0	9.090909090909092	0	0	18.181818181818183	0	0	9.090909090909092	0	0	0	0	0	0	0	9.090909090909092	9.090909090909092	0	100.0	0.0	0	0	0	0	0	0	0
english_clean_49.conllu	1	15	15.0	5.6923076923076925	20.0	13.333333333333334	6.666666666666667	6.666666666666667	0	6.666666666666667	26.666666666666668	0	0	6.666666666666667	0	13.333333333333334	0	0	0.6153846153846154	0	0	0	0	0	0	0	0	0	0	0	100.0	100.0	100.0	0	0	0	100.0	0	1.0	100.0	0	0	0	0	0	0	0	0	3.0	15.0	10.0	2.9166666666666665	10	1.0	1	100.0	0	0	0	0	0	100.0	0.0	0	0	0	6.666666666666667	13.333333333333334	0	0	0	13.333333333333334	0	0	0	0	0	6.666666666666667	0	6.666666666666667	0	0	6.666666666666667	0	6.666666666666667	6.666666666666667	0	0	0	6.666666666666667	0	6.666666666666667	0	13.333333333333334	6.666666666666667	0	100.0	0.0	0	0	0	0	0	0	0
english_clean_50.conllu	1	36	36.0	4.9393939393939394	13.88888888888889	19.444444444444443	0	8.333333333333334	2.7777777777777777	2.7777777777777777	27.77777777777778	0	0	5.555555555555555	0	8.333333333333334	5.555555555555555	5.555555555555555	0.5151515151515151	50.0	50.0	0	100.0	50.0	0	0	50.0	0	100.0	0	100.0	100.0	66.66666666666667	0	33.333333333333336	0	50.0	50.0	3.0	100.0	3.5	0	0	0	50.0	50.0	0	0	6.0	12.0	16.0	2.71875	16	1.3333333333333333	3	66.66666666666667	33.333333333333336	0	0	0	0	100.0	0.0	0	2.7777777777777777	2.7777777777777777	0	11.11111111111111	0	2.7777777777777777	2.7777777777777777	19.444444444444443	2.7777777777777777	0	2.7777777777777777	0	2.7777777777777777	2.7777777777777777	0	2.7777777777777777	2.7777777777777777	2.7777777777777777	11.11111111111111	0	0	5.555555555555555	2.7777777777777777	0	0	8.333333333333334	0	0	0	8.333333333333334	2.7777777777777777	0	33.333333333333336	66.66666666666667	100.0	0.0	2.0	0	100.0	0	0
english_clean_51.conllu	1	11	11.0	5.3	9.090909090909092	9.090909090909092	0	9.090909090909092	9.090909090909092	9.090909090909092	45.45454545454545	0	0	0	0	9.090909090909092	0	0	0.6	0	0	0	0	0	0	0	0	0	0	0	100.0	100.0	100.0	0	0	0	0	100.0	1.0	100.0	0	0	0	0	0	0	0	0	3.0	11.0	4.0	1.8888888888888888	4	1.0	1	100.0	0	0	0	0	0	100.0	0.0	0	0	0	0	9.090909090909092	0	0	0	9.090909090909092	9.090909090909092	0	9.090909090909092	0	9.090909090909092	9.090909090909092	0	9.090909090909092	0	0	9.090909090909092	0	0	9.090909090909092	0	0	0	0	0	0	0	9.090909090909092	9.090909090909092	0	100.0	0.0	0	0	0	0	0	0	0
english_clean_52.conllu	1	28	28.0	5.1923076923076925	14.285714285714286	10.714285714285714	14.285714285714286	7.142857142857143	0	10.714285714285714	21.428571428571427	0	0	3.5714285714285716	0	7.142857142857143	3.5714285714285716	7.142857142857143	0.6153846153846154	100.0	0	0	0	0	0	0	100.0	0	0	0	100.0	100.0	100.0	0	0	0	0	100.0	3.0	100.0	3.0	0	0	50.0	0	50.0	0	0	4.0	9.333333333333334	11.0	2.96	11	1.0	1	100.0	0	0	0	0	0	100.0	0.0	3.5714285714285716	0	3.5714285714285716	14.285714285714286	10.714285714285714	0	3.5714285714285716	0	10.714285714285714	0	0	3.5714285714285716	0	0	3.5714285714285716	0	10.714285714285714	0	3.5714285714285716	3.5714285714285716	0	3.5714285714285716	7.142857142857143	0	0	0	7.142857142857143	0	0	0	7.142857142857143	3.5714285714285716	0	33.333333333333336	66.66666666666667	50.0	50.0	1.0	100.0	0	0	0
english_clean_53.conllu	1	30	30.0	5.851851851851852	10.0	6.666666666666667	3.3333333333333335	6.666666666666667	3.3333333333333335	10.0	26.666666666666668	0	3.3333333333333335	3.3333333333333335	0	10.0	0	16.666666666666668	0.6296296296296297	75.0	25.0	0	100.0	20.0	0	20.0	60.0	100.0	0	0	100.0	100.0	50.0	50.0	0	0	0	100.0	5.0	100.0	1.6	20.0	20.0	40.0	20.0	0	0	0	8.0	6.0	5.0	2.1153846153846154	5	1.0	2	100.0	0	0	0	0.0	100.0	100.0	0.0	0	3.3333333333333335	0	3.3333333333333335	16.666666666666668	0	3.3333333333333335	3.3333333333333335	6.666666666666667	3.3333333333333335	0	3.3333333333333335	0	6.666666666666667	0	0	10.0	0	3.3333333333333335	6.666666666666667	0	0	3.3333333333333335	3.3333333333333335	0	6.666666666666667	0	0	0	0	10.0	3.3333333333333335	3.3333333333333335	33.333333333333336	66.66666666666667	100.0	0.0	2.0	0	100.0	0	0
english_clean_54.conllu	1	19	19.0	5.588235294117647	5.2631578947368425	15.789473684210526	0	5.2631578947368425	5.2631578947368425	10.526315789473685	36.8421052631579	0	0	0	0	10.526315789473685	0	10.526315789473685	0.5882352941176471	100.0	0	0	0	0	50.0	0	50.0	0	0	0	100.0	100.0	100.0	0	0	0	100.0	0	2.0	100.0	3.5	0	0	50.0	0	0	50.0	0	3.0	9.5	12.0	2.8125	12	1.0	1	100.0	0	0	0	0.0	100.0	100.0	0.0	0	0	0	0	5.2631578947368425	0	5.2631578947368425	0	15.789473684210526	5.2631578947368425	0	5.2631578947368425	0	5.2631578947368425	0	0	10.526315789473685	0	0	5.2631578947368425	0	0	10.526315789473685	0	0	5.2631578947368425	10.526315789473685	0	0	0	10.526315789473685	5.2631578947368425	0	100.0	0.0	0	0	0	0	0	0	0
english_clean_55.conllu	1	55	55.0	5.038461538461538	14.545454545454545	5.454545454545454	14.545454545454545	9.090909090909092	0	1.8181818181818181	14.545454545454545	0	1.8181818181818181	10.909090909090908	0	5.454545454545454	7.2727272727272725	14.545454545454545	0.6153846153846154	80.0	20.0	33.333333333333336	66.66666666666667	37.5	12.5	12.5	37.5	100.0	0	0	100.0	100.0	100.0	0	0	0	60.0	40.0	10.0	100.0	3.875	0	12.5	0	12.5	37.5	37.5	0	5.0	5.5	32.0	3.372549019607843	32	0	0	0	0	0	0	0.0	100.0	100.0	0.0	0	1.8181818181818181	7.2727272727272725	10.909090909090908	9.090909090909092	0	0	5.454545454545454	5.454545454545454	0	7.2727272727272725	0	0	0	3.6363636363636362	0	1.8181818181818181	0	12.727272727272727	0	0	0	7.2727272727272725	5.454545454545454	0	7.2727272727272725	5.454545454545454	0	0	0	5.454545454545454	1.8181818181818181	1.8181818181818181	10.0	90.0	100.0	0.0	1.8	40.0	40.0	20.0	0
english_clean_56.conllu	1	28	28.0	5.291666666666667	14.285714285714286	7.142857142857143	0	7.142857142857143	3.5714285714285716	3.5714285714285716	28.571428571428573	0	3.5714285714285716	0	0	14.285714285714286	7.142857142857143	10.714285714285714	0.625	50.0	50.0	0	100.0	33.333333333333336	33.333333333333336	0	33.333333333333336	100.0	0	0	0	0	50.0	0	50.0	0	100.0	0	3.0	100.0	2.6666666666666665	0	0	66.66666666666667	0	33.333333333333336	0	0	7.0	9.333333333333334	7.0	2.391304347826087	7	2.0	1	0	100.0	0	0	0.0	100.0	100.0	0.0	0	0	3.5714285714285716	0	10.714285714285714	0	3.5714285714285716	3.5714285714285716	10.714285714285714	3.5714285714285716	3.5714285714285716	0	0	7.142857142857143	0	0	3.5714285714285716	3.5714285714285716	7.142857142857143	7.142857142857143	0	3.5714285714285716	3.5714285714285716	3.5714285714285716	0	3.5714285714285716	0	0	0	0	14.285714285714286	3.5714285714285716	0	33.333333333333336	66.66666666666667	100.0	0.0	2.0	0	100.0	0	0
english_clean_57.conllu	1	26	26.0	4.869565217391305	7.6923076923076925	3.8461538461538463	3.8461538461538463	11.538461538461538	3.8461538461538463	11.538461538461538	26.923076923076923	0	3.8461538461538463	3.8461538461538463	0	11.538461538461538	0	11.538461538461538	0.5652173913043478	66.66666666666667	33.333333333333336	0	100.0	33.333333333333336	0	0	66.66666666666667	0	100.0	0	100.0	100.0	33.333333333333336	33.333333333333336	33.333333333333336	0	0	100.0	3.0	100.0	3.0	0	33.333333333333336	0	33.333333333333336	0	33.333333333333336	0	5.0	8.666666666666666	13.0	2.4545454545454546	13	0	0	0	0	0	0	0.0	100.0	100.0	0.0	7.6923076923076925	0	0	3.8461538461538463	3.8461538461538463	0	3.8461538461538463	3.8461538461538463	3.8461538461538463	3.8461538461538463	0	7.6923076923076925	0	3.8461538461538463	3.8461538461538463	0	11.538461538461538	0	3.8461538461538463	0	0	0	7.6923076923076925	0	0	7.6923076923076925	3.8461538461538463	0	0	0	11.538461538461538	3.8461538461538463	3.8461538461538463	33.333333333333336	66.66666666666667	100.0	0.0	1.0	100.0	0	0	0
english_clean_58.conllu	1	21	21.0	4.1	9.523809523809524	9.523809523809524	4.761904761904762	4.761904761904762	0	19.047619047619047	28.571428571428573	0	4.761904761904762	0	0	4.761904761904762	0	14.285714285714286	0.6	0	0	0	0	0	33.333333333333336	66.66666666666667	0	0	0	0	0	0	100.0	0	0	0	100.0	0	3.0	100.0	2.6666666666666665	0	0	33.333333333333336	66.66666666666667	0	0	0	5.0	7.0	9.0	2.473684210526316	9	1.0	1	100.0	0	0	0	0.0	100.0	100.0	0.0	0	0	4.761904761904762	4.761904761904762	9.523809523809524	0	4.761904761904762	0	9.523809523809524	0	0	4.761904761904762	0	0	0	0	19.047619047619047	0	4.761904761904762	4.761904761904762	0	0	4.761904761904762	0	0	9.523809523809524	4.761904761904762	0	0	0	4.761904761904762	4.761904761904762	4.761904761904762	33.333333333333336	66.66666666666667	100.0	0.0	2.0	0	100.0	0	0
english_clean_59.conllu	1	17	17.0	4.866666666666666	11.764705882352942	5.882352941176471	0	5.882352941176471	0	11.764705882352942	29.41176470588235	0	0	0	5.882352941176471	11.764705882352942	5.882352941176471	11.764705882352942	0.6666666666666666	100.0	0	0	0	0	50.0	0	50.0	0	0	0	100.0	100.0	100.0	0	0	0	0	100.0	3.0	100.0	1.5	0	50.0	50.0	0	0	0	0	3.0	5.666666666666667	7.0	2.642857142857143	7	1.0	1	100.0	0	0	0	0.0	100.0	100.0	0.0	5.882352941176471	0	5.882352941176471	0	11.764705882352942	0	0	0	5.882352941176471	0	0	11.764705882352942	0	0	5.882352941176471	0	11.764705882352942	0	5.882352941176471	5.882352941176471	0	0	5.882352941176471	0	0	5.882352941176471	0	0	0	0	11.764705882352942	5.882352941176471	0	33.333333333333336	66.66666666666667	100.0	0.0	2.0	0	100.0	0	0
english_clean_60.conllu	1	21	21.0	4.65	14.285714285714286	9.523809523809524	0	4.761904761904762	4.761904761904762	14.285714285714286	23.80952380952381	0	0	4.761904761904762	0	4.761904761904762	4.761904761904762	14.285714285714286	0.55	100.0	0	0	0	0	66.66666666666667	0	33.333333333333336	0	0	0	100.0	100.0	100.0	0	0	0	0	100.0	3.0	100.0	3.0	0	0	0	100.0	0	0	0	4.0	7.0	7.0	2.3684210526315788	7	1.0	1	100.0	0	0	0	0.0	100.0	100.0	0.0	0	0	4.761904761904762	0	14.285714285714286	0	0	4.761904761904762	9.523809523809524	4.761904761904762	0	4.761904761904762	0	4.761904761904762	0	0	14.285714285714286	0	4.761904761904762	4.761904761904762	0	0	0	4.761904761904762	0	9.523809523809524	4.761904761904762	0	0	0	4.761904761904762	4.761904761904762	0	50.0	50.0	100.0	0.0	1.0	100.0	0	0	0
english_clean_61.conllu	1	22	22.0	5.157894736842105	9.090909090909092	13.636363636363637	9.090909090909092	0	0	13.636363636363637	22.727272727272727	0	0	4.545454545454546	0	13.636363636363637	0	13.636363636363637	0.631578947368421	50.0	50.0	0	100.0	33.333333333333336	33.333333333333336	0	33.333333333333336	0	100.0	0	0	0	0	0	0	0	0	0	3.0	100.0	2.0	0	33.333333333333336	33.333333333333336	33.333333333333336	0	0	0	6.0	7.333333333333333	6.0	2.388888888888889	6	1.0	1	100.0	0	0	0	0.0	100.0	100.0	0.0	4.545454545454546	0	4.545454545454546	9.090909090909092	9.090909090909092	0	0	0	13.636363636363637	0	0	4.545454545454546	0	0	0	0	13.636363636363637	0	0	4.545454545454546	0	0	4.545454545454546	0	0	4.545454545454546	9.090909090909092	0	0	0	13.636363636363637	4.545454545454546	0	33.333333333333336	66.66666666666667	100.0	0.0	1.0	100.0	0	0	0
english_clean_62.conllu	1	28	28.0	5.36	0	7.142857142857143	14.285714285714286	3.5714285714285716	10.714285714285714	14.285714285714286	21.428571428571427	0	0	0	0	10.714285714285714	3.5714285714285716	14.285714285714286	0.56	100.0	0	0	0	0	75.0	0	25.0	0	0	0	100.0	100.0	100.0	0	0	0	0	100.0	4.0	100.0	2.75	0	0	0	33.333333333333336	66.66666666666667	0	0	4.0	7.0	11.0	2.5	11	0	0	0	0	0	0	0.0	100.0	100.0	0.0	0	0	0	14.285714285714286	0	0	0	3.5714285714285716	7.142857142857143	10.714285714285714	0	0	0	10.714285714285714	0	0	14.285714285714286	0	3.5714285714285716	0	0	0	0	3.5714285714285716	0	10.714285714285714	7.142857142857143	0	0	0	10.714285714285714	3.5714285714285716	0	100.0	0.0	0	0	0	0	0	0	0
english_clean_63.conllu	1	33	33.0	4.689655172413793	21.21212121212121	15.151515151515152	6.0606060606060606	3.0303030303030303	3.0303030303030303	9.090909090909092	21.21212121212121	0	0	3.0303030303030303	3.0303030303030303	12.121212121212121	0	3.0303030303030303	0.6206896551724138	0	100.0	0	100.0	100.0	0	0	0	0	100.0	0	100.0	100.0	100.0	0	0	0	0	100.0	2.0	100.0	4.0	0	0	0	0	100.0	0	0	4.0	16.5	18.0	3.142857142857143	18	1.0	3	100.0	0	0	0	0.0	100.0	100.0	0.0	0	0	0	6.0606060606060606	15.151515151515152	0	0	0	15.151515151515152	3.0303030303030303	0	3.0303030303030303	0	6.0606060606060606	3.0303030303030303	0	9.090909090909092	0	0	9.090909090909092	0	0	6.0606060606060606	0	0	3.0303030303030303	3.0303030303030303	0	0	3.0303030303030303	12.121212121212121	3.0303030303030303	0	100.0	0.0	0	0	0	0	0	0	0
english_clean_64.conllu	1	32	32.0	5.428571428571429	12.5	9.375	6.25	9.375	3.125	6.25	21.875	0	3.125	3.125	0	12.5	0	12.5	0.6071428571428571	66.66666666666667	33.333333333333336	0	100.0	25.0	0	25.0	50.0	100.0	0	33.333333333333336	66.66666666666667	100.0	66.66666666666667	0	0	33.333333333333336	0	100.0	4.0	100.0	3.25	0	0	25.0	50.0	0	25.0	0	5.0	8.0	18.0	2.7037037037037037	18	1.0	1	100.0	0	0	0	0.0	100.0	100.0	0.0	0	3.125	0	6.25	12.5	0	3.125	6.25	9.375	3.125	0	3.125	0	3.125	0	0	6.25	0	3.125	3.125	0	0	0	6.25	0	6.25	6.25	0	0	0	12.5	3.125	3.125	33.333333333333336	66.66666666666667	100.0	0.0	1.0	100.0	0	0	0
english_clean_65.conllu	1	20	20.0	4.705882352941177	0	20.0	5.0	5.0	0	10.0	30.0	5.0	0	0	5.0	15.0	0	5.0	0.5294117647058824	100.0	0	0	0	0	0	0	100.0	0	0	0	100.0	100.0	100.0	0	0	0	0	100.0	2.0	100.0	0.0	100.0	0	0	0	0	0	0	3.0	10.0	10.0	2.6875	10	1.3333333333333333	3	66.66666666666667	33.333333333333336	0	0	0	0	100.0	0.0	0	0	0	5.0	5.0	5.0	0	0	20.0	0	0	0	0	0	5.0	0	10.0	0	0	20.0	0	0	5.0	0	5.0	0	0	0	0	0	15.0	5.0	0	100.0	0.0	0	0	0	0	0	0	0
english_clean_66.conllu	1	12	12.0	4.636363636363637	0	8.333333333333334	16.666666666666668	8.333333333333334	0	8.333333333333334	41.666666666666664	0	0	0	0	8.333333333333334	0	8.333333333333334	0.7272727272727273	100.0	0	0	0	0	0	0	100.0	0	0	0	100.0	100.0	100.0	0	0	0	100.0	0	2.0	100.0	2.0	0	0	100.0	0	0	0	0	4.0	6.0	9.0	2.4	9	0	0	0	0	0	0	0	0	100.0	0.0	8.333333333333334	0	0	16.666666666666668	0	0	0	0	8.333333333333334	0	0	16.666666666666668	0	0	8.333333333333334	0	8.333333333333334	0	0	0	0	0	8.333333333333334	0	0	0	8.333333333333334	0	0	0	8.333333333333334	8.333333333333334	0	50.0	50.0	0.0	100.0	1.0	100.0	0	0	0
english_clean_67.conllu	1	40	40.0	4.742857142857143	10.0	10.0	2.5	0	7.5	10.0	27.5	0	7.5	0	0	12.5	2.5	10.0	0.5714285714285714	0	100.0	0	100.0	25.0	0	75.0	0	0	100.0	0	0	0	0	0	0	0	0	0	4.0	100.0	4.0	0	0	0	50.0	25.0	0	25.0	9.0	10.0	14.0	2.8529411764705883	14	1.0	2	100.0	0	0	0	0.0	100.0	100.0	0.0	2.5	0	2.5	2.5	7.5	0	0	0	7.5	7.5	0	0	0	5.0	0	0	10.0	5.0	12.5	5.0	0	0	5.0	0	0	10.0	2.5	0	0	0	12.5	2.5	0	33.333333333333336	66.66666666666667	100.0	0.0	1.0	100.0	0	0	0
english_clean_68.conllu	1	16	16.0	4.866666666666666	6.25	18.75	12.5	6.25	0	6.25	25.0	12.5	0	0	0	6.25	0	6.25	0.5333333333333333	100.0	0	0	0	0	0	0	100.0	0	0	0	100.0	100.0	100.0	0	0	0	0	100.0	1.0	100.0	4.0	0	0	0	0	100.0	0	0	3.0	16.0	8.0	2.2857142857142856	8	1.0	1	100.0	0	0	0	0	0	100.0	0.0	0	0	0	12.5	6.25	0	0	6.25	18.75	0	0	0	0	0	0	0	6.25	0	0	6.25	0	0	0	6.25	12.5	0	12.5	0	0	0	6.25	6.25	0	100.0	0.0	0	0	0	0	0	0	0
english_clean_69.conllu	1	30	30.0	4.269230769230769	3.3333333333333335	16.666666666666668	6.666666666666667	10.0	6.666666666666667	6.666666666666667	23.333333333333332	0	0	3.3333333333333335	0	13.333333333333334	0	10.0	0.5	100.0	0	0	0	0	0	0	100.0	0	0	100.0	0	100.0	100.0	0	0	0	66.66666666666667	33.333333333333336	3.0	100.0	4.0	0	0	0	33.333333333333336	33.333333333333336	33.333333333333336	0	4.0	10.0	15.0	2.56	15	1.0	2	100.0	0	0	0	0	0	100.0	0.0	0	3.3333333333333335	0	6.666666666666667	3.3333333333333335	0	0	10.0	16.666666666666668	6.666666666666667	0	0	0	6.666666666666667	0	0	3.3333333333333335	0	0	6.666666666666667	0	0	0	10.0	0	0	10.0	0	0	0	13.333333333333334	3.3333333333333335	0	50.0	50.0	100.0	0.0	1.0	100.0	0	0	0
english_clean_70.conllu	1	42	42.0	5.230769230769231	9.523809523809524	14.285714285714286	4.761904761904762	4.761904761904762	0	16.666666666666668	23.80952380952381	0	2.380952380952381	0	2.380952380952381	7.142857142857143	2.380952380952381	11.904761904761905	0.5641025641025641	100.0	0	0	0	0	40.0	0	60.0	0	0	100.0	0	100.0	50.0	0	50.0	0	0	100.0	6.0	100.0	1.8	20.0	0	60.0	20.0	0	0	0	9.0	7.0	12.0	2.5	12	2.0	2	0	100.0	0	0	0.0	100.0	100.0	0.0	2.380952380952381	0	7.142857142857143	2.380952380952381	9.523809523809524	0	0	2.380952380952381	14.285714285714286	0	0	2.380952380952381	0	0	2.380952380952381	0	16.666666666666668	0	7.142857142857143	9.523809523809524	0	0	2.380952380952381	0	0	4.761904761904762	4.761904761904762	0	0	0	7.142857142857143	2.380952380952381	2.380952380952381	20.0	80.0	100.0	0.0	4.0	0	0	0	100.0
english_clean_71.conllu	1	40	40.0	4.666666666666667	10.0	5.0	0	5.0	2.5	22.5	25.0	2.5	2.5	2.5	0	10.0	2.5	10.0	0.5	50.0	50.0	0	100.0	50.0	0	0	50.0	50.0	50.0	0	100.0	100.0	50.0	0	50.0	0	0	100.0	4.0	100.0	4.0	0	0	0	25.0	50.0	25.0	0	5.0	10.0	29.0	3.4	29	1.0	1	100.0	0	0	0	0.0	100.0	100.0	0.0	0	0	2.5	0	7.5	0	0	5.0	5.0	2.5	2.5	0	0	5.0	0	0	22.5	0	5.0	2.5	2.5	0	7.5	2.5	2.5	2.5	2.5	0	5.0	0	10.0	2.5	2.5	33.333333333333336	66.66666666666667	100.0	0.0	1.0	100.0	0	0	0
english_clean_72.conllu	1	22	22.0	5.0	13.636363636363637	13.636363636363637	4.545454545454546	0	0	4.545454545454546	31.818181818181817	0	0	4.545454545454546	0	9.090909090909092	4.545454545454546	13.636363636363637	0.7	33.333333333333336	66.66666666666667	0	100.0	100.0	0	0	0	100.0	0	0	0	0	0	0	0	0	0	0	3.0	100.0	2.6666666666666665	0	0	33.333333333333336	66.66666666666667	0	0	0	6.0	7.333333333333333	4.0	2.0526315789473686	4	1.0	2	100.0	0	0	0	0.0	100.0	100.0	0.0	0	4.545454545454546	0	4.545454545454546	13.636363636363637	0	0	0	13.636363636363637	0	4.545454545454546	4.545454545454546	0	0	0	0	4.545454545454546	0	4.545454545454546	9.090909090909092	0	0	13.636363636363637	0	0	4.545454545454546	4.545454545454546	0	0	0	9.090909090909092	4.545454545454546	0	33.333333333333336	66.66666666666667	100.0	0.0	1.0	100.0	0	0	0
english_clean_73.conllu	1	13	13.0	4.666666666666667	7.6923076923076925	0	0	7.6923076923076925	7.6923076923076925	23.076923076923077	23.076923076923077	0	0	7.6923076923076925	0	7.6923076923076925	0	15.384615384615385	0.5	0	100.0	0	100.0	100.0	0	0	0	0	100.0	0	100.0	100.0	100.0	0	0	0	0	100.0	3.0	100.0	2.0	0	0	100.0	0	0	0	0	4.0	4.333333333333333	3.0	1.6363636363636365	3	0	0	0	0	0	0	0.0	100.0	100.0	0.0	0	7.6923076923076925	0	0	7.6923076923076925	0	0	0	0	7.6923076923076925	0	0	0	7.6923076923076925	7.6923076923076925	0	23.076923076923077	0	0	0	0	0	15.384615384615385	0	0	7.6923076923076925	0	0	0	0	7.6923076923076925	7.6923076923076925	0	50.0	50.0	100.0	0.0	1.0	100.0	0	0	0
english_clean_74.conllu	1	23	23.0	4.095238095238095	4.3478260869565215	13.043478260869565	8.695652173913043	13.043478260869565	4.3478260869565215	13.043478260869565	17.391304347826086	0	0	8.695652173913043	0	8.695652173913043	0	8.695652173913043	0.42857142857142855	100.0	0	0	0	0	0	0	100.0	0	0	0	100.0	100.0	66.66666666666667	0	33.333333333333336	0	50.0	50.0	2.0	100.0	5.0	0	0	0	0	0	100.0	0	3.0	11.5	13.0	2.75	13	1.0	1	100.0	0	0	0	0	0	100.0	0.0	0	0	0	8.695652173913043	4.3478260869565215	0	4.3478260869565215	8.695652173913043	13.043478260869565	4.3478260869565215	0	0	0	4.3478260869565215	0	0	13.043478260869565	0	0	4.3478260869565215	0	4.3478260869565215	0	8.695652173913043	0	0	8.695652173913043	0	0	0	8.695652173913043	4.3478260869565215	0	100.0	0.0	0	0	0	0	0	0	0
english_clean_75.conllu	1	14	14.0	5.076923076923077	14.285714285714286	14.285714285714286	0	7.142857142857143	7.142857142857143	7.142857142857143	28.571428571428573	0	0	7.142857142857143	0	7.142857142857143	0	7.142857142857143	0.5384615384615384	100.0	0	0	0	0	0	0	100.0	0	0	0	100.0	100.0	100.0	0	0	0	0	100.0	1.0	100.0	3.0	0	0	0	100.0	0	0	0	4.0	14.0	3.0	1.75	3	1.0	1	100.0	0	0	0	0	0	100.0	0.0	0	0	0	0	14.285714285714286	0	0	7.142857142857143	14.285714285714286	7.142857142857143	0	0	0	7.142857142857143	0	0	7.142857142857143	0	0	7.142857142857143	0	7.142857142857143	0	7.142857142857143	0	0	7.142857142857143	0	0	0	7.142857142857143	7.142857142857143	0	100.0	0.0	0	0	0	0	0	0	0
english_clean_76.conllu	1	17	17.0	5.857142857142857	5.882352941176471	17.647058823529413	5.882352941176471	5.882352941176471	0	5.882352941176471	23.529411764705884	0	0	5.882352941176471	0	17.647058823529413	0	11.764705882352942	0.5714285714285714	100.0	0	0	0	0	0	0	100.0	0	0	100.0	0	100.0	100.0	0	0	0	100.0	0	2.0	100.0	3.0	0	0	0	100.0	0	0	0	5.0	8.5	4.0	2.0	4	1.0	1	100.0	0	0	0	0	0	100.0	0.0	0	5.882352941176471	0	5.882352941176471	5.882352941176471	0	0	5.882352941176471	17.647058823529413	0	0	0	0	0	0	0	5.882352941176471	0	0	5.882352941176471	0	0	5.882352941176471	5.882352941176471	0	0	11.764705882352942	0	0	0	17.647058823529413	5.882352941176471	0	50.0	50.0	100.0	0.0	1.0	100.0	0	0	0
english_clean_77.conllu	1	21	21.0	5.2	14.285714285714286	23.80952380952381	4.761904761904762	0	0	14.285714285714286	28.571428571428573	0	0	0	0	4.761904761904762	0	9.523809523809524	0.6	100.0	0	0	100.0	50.0	50.0	0	0	100.0	0	0	0	0	0	0	0	0	0	0	2.0	100.0	1.5	50.0	0	0	50.0	0	0	0	5.0	10.5	12.0	2.789473684210526	12	3.0	1	0	0	100.0	0	0	0	100.0	0.0	0	0	0	4.761904761904762	14.285714285714286	0	0	0	23.80952380952381	0	0	4.761904761904762	0	0	0	0	14.285714285714286	0	0	14.285714285714286	0	0	4.761904761904762	0	0	0	4.761904761904762	0	0	0	4.761904761904762	4.761904761904762	4.761904761904762	100.0	0.0	0	0	0	0	0	0	0
english_clean_78.conllu	1	11	11.0	5.4	9.090909090909092	0	9.090909090909092	9.090909090909092	0	18.181818181818183	27.272727272727273	0	9.090909090909092	0	0	9.090909090909092	0	9.090909090909092	0.6	0	0	0	0	0	0	100.0	0	0	0	0	0	0	100.0	0	0	0	100.0	0	1.0	100.0	3.0	0	0	0	100.0	0	0	0	3.0	11.0	3.0	1.7777777777777777	3	0	0	0	0	0	0	0.0	100.0	100.0	0.0	0	0	0	9.090909090909092	9.090909090909092	0	9.090909090909092	0	9.090909090909092	0	0	0	0	0	0	0	18.181818181818183	0	0	0	0	9.090909090909092	9.090909090909092	0	0	9.090909090909092	0	0	0	0	9.090909090909092	9.090909090909092	0	100.0	0.0	0	0	0	0	0	0	0
english_clean_79.conllu	1	20	20.0	4.9411764705882355	15.0	15.0	0	5.0	0	15.0	20.0	0	0	5.0	5.0	15.0	0	5.0	0.5294117647058824	0	100.0	0	100.0	100.0	0	0	0	0	100.0	0	100.0	100.0	100.0	0	0	0	100.0	0	2.0	100.0	2.0	0	0	100.0	0	0	0	0	4.0	10.0	5.0	2.25	5	1.0	1	100.0	0	0	0	0.0	100.0	100.0	0.0	0	5.0	0	0	10.0	0	0	0	15.0	0	0	5.0	0	0	5.0	0	15.0	0	0	5.0	0	0	10.0	0	0	5.0	5.0	0	0	0	15.0	5.0	0	50.0	50.0	100.0	0.0	1.0	100.0	0	0	0
english_clean_80.conllu	1	21	21.0	4.421052631578948	23.80952380952381	14.285714285714286	0	9.523809523809524	4.761904761904762	4.761904761904762	23.80952380952381	0	0	4.761904761904762	0	9.523809523809524	4.761904761904762	0	0.5263157894736842	0	0	0	0	0	0	0	0	0	0	0	100.0	100.0	100.0	0	0	0	0	100.0	2.0	100.0	0	0	0	0	0	0	0	0	4.0	10.5	14.0	2.888888888888889	14	1.5	2	50.0	50.0	0	0	0	0	100.0	0.0	0	0	4.761904761904762	0	14.285714285714286	0	0	0	14.285714285714286	4.761904761904762	0	0	0	0	9.523809523809524	0	4.761904761904762	0	4.761904761904762	14.285714285714286	0	0	14.285714285714286	0	0	0	0	0	0	0	9.523809523809524	4.761904761904762	0	50.0	50.0	100.0	0.0	1.0	100.0	0	0	0
english_clean_81.conllu	1	18	18.0	4.764705882352941	16.666666666666668	5.555555555555555	5.555555555555555	11.11111111111111	5.555555555555555	16.666666666666668	22.22222222222222	0	0	5.555555555555555	5.555555555555555	5.555555555555555	0	0	0.5294117647058824	0	0	0	0	0	0	0	0	0	0	0	100.0	100.0	100.0	0	0	0	100.0	0	2.0	100.0	0	0	0	0	0	0	0	0	3.0	9.0	11.0	2.9375	11	1.0	1	100.0	0	0	0	0	0	100.0	0.0	0	5.555555555555555	0	5.555555555555555	16.666666666666668	0	0	0	5.555555555555555	5.555555555555555	0	0	0	5.555555555555555	11.11111111111111	0	16.666666666666668	0	0	5.555555555555555	0	0	11.11111111111111	0	0	0	0	0	0	0	5.555555555555555	5.555555555555555	0	50.0	50.0	100.0	0.0	1.0	100.0	0	0	0
english_clean_82.conllu	1	18	18.0	4.571428571428571	33.333333333333336	5.555555555555555	5.555555555555555	5.555555555555555	5.555555555555555	5.555555555555555	11.11111111111111	0	0	0	0	22.22222222222222	0	5.555555555555555	0.7142857142857143	100.0	0	0	0	0	0	0	100.0	0	0	0	100.0	100.0	100.0	0	0	0	100.0	0	2.0	100.0	1.0	0	100.0	0	0	0	0	0	4.0	9.0	7.0	2.5384615384615383	7	0	0	0	0	0	0	0	0	100.0	0.0	5.555555555555555	0	0	5.555555555555555	11.11111111111111	0	0	0	5.555555555555555	5.555555555555555	0	0	0	16.666666666666668	5.555555555555555	0	5.555555555555555	0	0	0	0	0	5.555555555555555	0	0	0	5.555555555555555	0	0	0	22.22222222222222	5.555555555555555	0	50.0	50.0	0.0	100.0	1.0	100.0	0	0	0
english_clean_83.conllu	1	26	26.0	4.708333333333333	15.384615384615385	3.8461538461538463	3.8461538461538463	7.6923076923076925	3.8461538461538463	11.538461538461538	23.076923076923077	0	3.8461538461538463	3.8461538461538463	0	7.6923076923076925	3.8461538461538463	11.538461538461538	0.5833333333333334	33.333333333333336	66.66666666666667	0	100.0	66.66666666666667	0	0	33.333333333333336	50.0	50.0	0	100.0	100.0	50.0	0	50.0	0	0	100.0	4.0	100.0	2.6666666666666665	0	33.333333333333336	0	33.333333333333336	33.333333333333336	0	0	4.0	6.5	14.0	2.6956521739130435	14	1.0	1	100.0	0	0	0	0.0	100.0	100.0	0.0	0	3.8461538461538463	3.8461538461538463	3.8461538461538463	15.384615384615385	0	0	3.8461538461538463	3.8461538461538463	3.8461538461538463	0	0	0	3.8461538461538463	3.8461538461538463	0	11.538461538461538	0	7.6923076923076925	3.8461538461538463	0	0	7.6923076923076925	3.8461538461538463	0	3.8461538461538463	0	0	0	0	7.6923076923076925	3.8461538461538463	3.8461538461538463	25.0	75.0	0.0	100.0	3.0	0	0	100.0	0
english_clean_84.conllu	1	26	26.0	5.92	11.538461538461538	19.23076923076923	0	3.8461538461538463	3.8461538461538463	15.384615384615385	23.076923076923077	0	0	0	15.384615384615385	3.8461538461538463	0	3.8461538461538463	0.56	0	0	0	0	0	100.0	0	0	0	0	0	100.0	100.0	100.0	0	0	0	0	100.0	2.0	100.0	1.0	0	100.0	0	0	0	0	0	5.0	13.0	8.0	2.2916666666666665	8	1.3333333333333333	3	66.66666666666667	33.333333333333336	0	0	0	0	100.0	0.0	3.8461538461538463	0	0	0	11.538461538461538	0	0	0	19.23076923076923	3.8461538461538463	0	7.6923076923076925	0	3.8461538461538463	3.8461538461538463	0	15.384615384615385	0	0	15.384615384615385	0	0	3.8461538461538463	0	0	0	3.8461538461538463	0	0	0	3.8461538461538463	3.8461538461538463	0	50.0	50.0	100.0	0.0	1.0	100.0	0	0	0
english_clean_85.conllu	1	19	19.0	5.642857142857143	5.2631578947368425	5.2631578947368425	0	5.2631578947368425	10.526315789473685	0	42.10526315789474	0	0	5.2631578947368425	0	26.31578947368421	0	0	0.6428571428571429	0	0	0	0	0	0	0	0	0	0	0	100.0	100.0	100.0	0	0	0	0	100.0	1.0	100.0	0	0	0	0	0	0	0	0	3.0	19.0	15.0	4.461538461538462	15	0	0	0	0	0	0	0	0	100.0	0.0	0	0	0	0	0	0	0	0	5.2631578947368425	10.526315789473685	0	10.526315789473685	0	26.31578947368421	5.2631578947368425	0	0	0	0	0	0	0	5.2631578947368425	0	0	0	5.2631578947368425	0	0	0	26.31578947368421	5.2631578947368425	0	100.0	0.0	0	0	0	0	0	0	0
english_clean_86.conllu	1	32	32.0	5.517241379310345	9.375	6.25	3.125	3.125	9.375	6.25	18.75	0	9.375	3.125	0	9.375	3.125	18.75	0.5517241379310345	0	100.0	0	100.0	16.666666666666668	0	83.33333333333333	0	0	100.0	0	100.0	100.0	100.0	0	0	0	0	100.0	7.0	100.0	2.5	16.666666666666668	0	16.666666666666668	50.0	16.666666666666668	0	0	8.0	4.571428571428571	8.0	2.4642857142857144	8	1.0	1	100.0	0	0	0	0.0	100.0	100.0	0.0	0	0	3.125	3.125	3.125	0	0	0	6.25	9.375	6.25	0	0	12.5	3.125	0	6.25	0	12.5	3.125	0	3.125	6.25	0	0	6.25	3.125	0	0	0	9.375	3.125	0	25.0	75.0	100.0	0.0	1.0	100.0	0	0	0
english_clean_87.conllu	1	26	26.0	6.0	11.538461538461538	15.384615384615385	3.8461538461538463	3.8461538461538463	3.8461538461538463	7.6923076923076925	30.76923076923077	0	0	7.6923076923076925	0	7.6923076923076925	0	7.6923076923076925	0.5833333333333334	50.0	50.0	0	100.0	50.0	0	0	50.0	0	100.0	0	100.0	100.0	100.0	0	0	0	0	100.0	2.0	100.0	3.5	0	0	0	50.0	50.0	0	0	5.0	13.0	8.0	2.3043478260869565	8	1.0	2	100.0	0	0	0	0.0	100.0	100.0	0.0	0	0	0	3.8461538461538463	11.538461538461538	0	3.8461538461538463	0	15.384615384615385	3.8461538461538463	0	3.8461538461538463	0	3.8461538461538463	0	0	7.6923076923076925	0	0	7.6923076923076925	0	7.6923076923076925	3.8461538461538463	0	0	7.6923076923076925	7.6923076923076925	0	0	0	7.6923076923076925	3.8461538461538463	0	100.0	0.0	0	0	0	0	0	0	0
english_clean_88.conllu	1	21	21.0	6.0	19.047619047619047	14.285714285714286	0	4.761904761904762	0	4.761904761904762	23.80952380952381	0	9.523809523809524	4.761904761904762	0	9.523809523809524	0	9.523809523809524	0.5789473684210527	0	0	0	0	0	0	100.0	0	0	0	0	100.0	100.0	100.0	0	0	0	0	100.0	2.0	100.0	3.5	0	0	0	50.0	50.0	0	0	4.0	10.5	5.0	2.388888888888889	5	1.0	1	100.0	0	0	0	0.0	100.0	100.0	0.0	0	0	0	4.761904761904762	19.047619047619047	0	4.761904761904762	0	14.285714285714286	0	0	4.761904761904762	0	0	0	0	4.761904761904762	0	4.761904761904762	4.761904761904762	0	0	4.761904761904762	0	0	4.761904761904762	9.523809523809524	0	0	0	9.523809523809524	4.761904761904762	4.761904761904762	50.0	50.0	100.0	0.0	1.0	100.0	0	0	0
english_clean_89.conllu	1	27	27.0	6.521739130434782	3.7037037037037037	7.407407407407407	3.7037037037037037	0	11.11111111111111	7.407407407407407	33.333333333333336	0	3.7037037037037037	0	0	14.814814814814815	3.7037037037037037	11.11111111111111	0.6086956521739131	0	100.0	0	100.0	33.333333333333336	33.333333333333336	33.333333333333336	0	0	100.0	0	0	0	0	0	0	0	0	0	3.0	100.0	3.6666666666666665	0	0	33.333333333333336	33.333333333333336	0	0	33.333333333333336	5.0	9.0	19.0	3.3636363636363638	19	1.0	1	100.0	0	0	0	0.0	100.0	100.0	0.0	0	0	3.7037037037037037	3.7037037037037037	3.7037037037037037	0	0	0	7.407407407407407	11.11111111111111	0	3.7037037037037037	0	14.814814814814815	0	0	7.407407407407407	0	7.407407407407407	3.7037037037037037	0	0	3.7037037037037037	0	0	7.407407407407407	0	0	0	0	14.814814814814815	3.7037037037037037	3.7037037037037037	33.333333333333336	66.66666666666667	100.0	0.0	2.0	0	100.0	0	0
english_clean_90.conllu	1	31	31.0	5.481481481481482	6.451612903225806	9.67741935483871	9.67741935483871	3.225806451612903	3.225806451612903	12.903225806451612	22.580645161290324	0	0	3.225806451612903	0	12.903225806451612	3.225806451612903	12.903225806451612	0.5925925925925926	50.0	50.0	0	100.0	25.0	50.0	0	25.0	0	100.0	0	100.0	100.0	100.0	0	0	0	0	100.0	4.0	100.0	3.0	0	0	50.0	25.0	0	25.0	0	5.0	7.75	19.0	2.6538461538461537	19	1.0	2	100.0	0	0	0	0.0	100.0	100.0	0.0	0	3.225806451612903	3.225806451612903	9.67741935483871	3.225806451612903	0	0	3.225806451612903	9.67741935483871	3.225806451612903	0	6.451612903225806	0	3.225806451612903	0	0	12.903225806451612	0	3.225806451612903	6.451612903225806	0	0	3.225806451612903	3.225806451612903	0	6.451612903225806	3.225806451612903	0	0	0	12.903225806451612	3.225806451612903	0	33.333333333333336	66.66666666666667	100.0	0.0	1.0	100.0	0	0	0
english_clean_91.conllu	1	18	18.0	5.866666666666666	11.11111111111111	11.11111111111111	5.555555555555555	0	0	5.555555555555555	27.77777777777778	16.666666666666668	0	0	0	16.666666666666668	0	5.555555555555555	0.6	0	100.0	0	100.0	100.0	0	0	0	0	100.0	0	0	0	0	0	0	0	0	0	1.0	100.0	5.0	0	0	0	0	0	100.0	0	4.0	18.0	12.0	3.0	12	0	0	0	0	0	0	0.0	100.0	100.0	0.0	0	0	0	11.11111111111111	5.555555555555555	0	0	0	5.555555555555555	0	0	5.555555555555555	0	0	0	0	5.555555555555555	5.555555555555555	0	0	0	0	5.555555555555555	0	11.11111111111111	11.11111111111111	5.555555555555555	0	5.555555555555555	0	16.666666666666668	5.555555555555555	0	100.0	0.0	0	0	0	0	0	0	0
english_clean_92.conllu	1	18	18.0	5.764705882352941	5.555555555555555	11.11111111111111	0	5.555555555555555	5.555555555555555	16.666666666666668	44.44444444444444	0	0	0	0	5.555555555555555	0	5.555555555555555	0.5882352941176471	100.0	0	0	0	0	0	0	100.0	0	0	0	100.0	100.0	100.0	0	0	0	0	100.0	2.0	100.0	2.0	0	0	100.0	0	0	0	0	4.0	9.0	4.0	2.0	4	1.0	1	100.0	0	0	0	0	0	100.0	0.0	5.555555555555555	0	0	0	5.555555555555555	0	0	0	11.11111111111111	5.555555555555555	0	16.666666666666668	0	5.555555555555555	5.555555555555555	0	16.666666666666668	0	0	5.555555555555555	0	0	5.555555555555555	0	0	0	5.555555555555555	0	0	0	5.555555555555555	5.555555555555555	0	50.0	50.0	100.0	0.0	1.0	100.0	0	0	0
english_clean_93.conllu	1	17	17.0	5.857142857142857	5.882352941176471	11.764705882352942	0	0	5.882352941176471	5.882352941176471	47.05882352941177	0	0	0	0	17.647058823529413	0	5.882352941176471	0.7142857142857143	0	100.0	0	100.0	100.0	0	0	0	100.0	0	0	0	0	0	0	0	0	0	0	1.0	100.0	3.0	0	0	0	100.0	0	0	0	3.0	17.0	8.0	2.3076923076923075	8	1.0	2	100.0	0	0	0	0.0	100.0	100.0	0.0	0	0	0	0	0	0	0	0	11.764705882352942	5.882352941176471	0	11.764705882352942	0	11.764705882352942	0	0	5.882352941176471	5.882352941176471	0	11.764705882352942	0	0	5.882352941176471	0	0	5.882352941176471	0	0	0	0	17.647058823529413	5.882352941176471	0	100.0	0.0	0	0	0	0	0	0	0
english_clean_94.conllu	1	22	22.0	5.176470588235294	9.090909090909092	13.636363636363637	0	9.090909090909092	4.545454545454546	0	22.727272727272727	0	0	4.545454545454546	0	22.727272727272727	4.545454545454546	9.090909090909092	0.5294117647058824	100.0	0	0	0	0	0	50.0	50.0	0	0	0	100.0	100.0	100.0	0	0	0	100.0	0	2.0	100.0	3.5	0	0	50.0	0	0	50.0	0	4.0	11.0	15.0	3.0625	15	0	0	0	0	0	0	0	0	100.0	0.0	0	0	4.545454545454546	0	4.545454545454546	0	4.545454545454546	4.545454545454546	13.636363636363637	4.545454545454546	0	0	0	9.090909090909092	0	0	0	4.545454545454546	4.545454545454546	0	0	0	0	4.545454545454546	0	0	13.636363636363637	0	0	0	22.727272727272727	4.545454545454546	0	50.0	50.0	0.0	100.0	1.0	100.0	0	0	0
english_clean_95.conllu	1	24	24.0	5.565217391304348	0	8.333333333333334	4.166666666666667	4.166666666666667	4.166666666666667	16.666666666666668	45.833333333333336	0	4.166666666666667	4.166666666666667	0	4.166666666666667	0	4.166666666666667	0.5652173913043478	0	100.0	0	100.0	100.0	0	0	0	0	100.0	0	100.0	100.0	100.0	0	0	0	0	100.0	2.0	100.0	4.0	0	0	0	0	100.0	0	0	4.0	12.0	10.0	2.5	10	1.0	1	100.0	0	0	0	0.0	100.0	100.0	0.0	0	4.166666666666667	0	4.166666666666667	0	0	0	0	12.5	4.166666666666667	0	16.666666666666668	0	4.166666666666667	4.166666666666667	0	16.666666666666668	0	0	4.166666666666667	0	4.166666666666667	8.333333333333334	0	0	4.166666666666667	4.166666666666667	0	0	0	4.166666666666667	4.166666666666667	0	50.0	50.0	100.0	0.0	1.0	100.0	0	0	0
english_clean_96.conllu	1	25	25.0	4.681818181818182	12.0	16.0	0	8.0	4.0	16.0	24.0	0	0	4.0	0	12.0	4.0	0	0.4090909090909091	0	0	0	0	0	0	0	0	0	0	0	100.0	100.0	100.0	0	0	0	0	100.0	2.0	100.0	0	0	0	0	0	0	0	0	4.0	12.5	11.0	2.5714285714285716	11	0	0	0	0	0	0	0	0	100.0	0.0	0	0	4.0	0	4.0	0	0	0	16.0	4.0	0	0	0	4.0	8.0	0	16.0	0	4.0	0	0	0	8.0	0	0	0	16.0	0	0	0	12.0	4.0	0	50.0	50.0	100.0	0.0	1.0	100.0	0	0	0
english_clean_97.conllu	1	17	17.0	5.4	17.647058823529413	5.882352941176471	0	5.882352941176471	0	17.647058823529413	23.529411764705884	0	5.882352941176471	0	5.882352941176471	11.764705882352942	0	5.882352941176471	0.6	0	0	0	0	0	0	100.0	0	0	0	100.0	0	100.0	100.0	0	0	0	0	100.0	2.0	100.0	2.0	0	0	100.0	0	0	0	0	3.0	8.5	11.0	2.857142857142857	11	0	0	0	0	0	0	0.0	100.0	100.0	0.0	5.882352941176471	0	0	0	17.647058823529413	0	0	0	5.882352941176471	0	0	5.882352941176471	0	0	5.882352941176471	0	17.647058823529413	0	5.882352941176471	0	0	0	5.882352941176471	0	0	5.882352941176471	5.882352941176471	0	0	0	11.764705882352942	5.882352941176471	0	50.0	50.0	100.0	0.0	1.0	100.0	0	0	0
english_clean_98.conllu	1	39	39.0	4.5	15.384615384615385	10.256410256410257	0	5.128205128205129	2.5641025641025643	10.256410256410257	23.076923076923077	2.5641025641025643	5.128205128205129	0	0	7.6923076923076925	5.128205128205129	12.820512820512821	0.5555555555555556	100.0	0	0	0	0	0	40.0	60.0	0	0	0	0	0	50.0	0	50.0	0	100.0	0	5.0	100.0	3.0	0	0	40.0	20.0	40.0	0	0	5.0	7.8	22.0	2.742857142857143	22	2.0	1	0	100.0	0	0	0.0	100.0	100.0	0.0	0	0	7.6923076923076925	0	10.256410256410257	0	2.5641025641025643	2.5641025641025643	10.256410256410257	2.5641025641025643	0	2.5641025641025643	0	2.5641025641025643	0	0	10.256410256410257	2.5641025641025643	10.256410256410257	5.128205128205129	0	0	7.6923076923076925	0	2.5641025641025643	2.5641025641025643	5.128205128205129	0	0	0	7.6923076923076925	2.5641025641025643	2.5641025641025643	20.0	80.0	100.0	0.0	2.0	50.0	0	50.0	0
english_clean_99.conllu	1	22	22.0	6.55	13.636363636363637	22.727272727272727	4.545454545454546	0	4.545454545454546	9.090909090909092	27.272727272727273	0	0	0	0	9.090909090909092	0	9.090909090909092	0.6	100.0	0	0	100.0	100.0	0	0	0	100.0	0	0	0	0	0	0	0	0	0	0	2.0	100.0	3.0	0	0	0	100.0	0	0	0	5.0	11.0	9.0	2.263157894736842	9	1.0	1	100.0	0	0	0	0	0	100.0	0.0	0	0	4.545454545454546	0	13.636363636363637	0	0	0	22.727272727272727	4.545454545454546	0	0	0	4.545454545454546	0	0	9.090909090909092	0	4.545454545454546	4.545454545454546	0	0	4.545454545454546	0	0	0	13.636363636363637	0	0	0	9.090909090909092	4.545454545454546	0	50.0	50.0	100.0	0.0	1.0	100.0	0	0	0