Filename	n_sentences	n_tokens	tokens_per_sent	char_per_tok	upos_dist_ADJ	upos_dist_ADP	upos_dist_ADV	upos_dist_AUX	upos_dist_CCONJ	upos_dist_DET	upos_dist_NOUN	upos_dist_NUM	upos_dist_PRON	upos_dist_PROPN	upos_dist_PUNCT	upos_dist_SCONJ	upos_dist_VERB	upos_dist_X	lexical_density	verbs_tense_dist_Fut	verbs_tense_dist_Imp	verbs_tense_dist_Past	verbs_tense_dist_Pres	verbs_mood_dist_Cnd	verbs_mood_dist_Imp	verbs_mood_dist_Ind	verbs_mood_dist_Sub	verbs_form_dist_Fin	verbs_form_dist_Ger	verbs_form_dist_Inf	verbs_form_dist_Part	verbs_num_pers_dist_Plur+3	verbs_num_pers_dist_Sing+2	verbs_num_pers_dist_Sing+3	aux_tense_dist_Imp	aux_tense_dist_Past	aux_tense_dist_Pres	aux_mood_dist_Cnd	aux_mood_dist_Ind	aux_mood_dist_Sub	aux_form_dist_Fin	aux_form_dist_Inf	aux_form_dist_Part	aux_num_pers_dist_Plur+3	aux_num_pers_dist_Sing+3	verbal_head_per_sent	verbal_root_perc	avg_verb_edges	verb_edges_dist_0	verb_edges_dist_1	verb_edges_dist_2	verb_edges_dist_3	verb_edges_dist_4	verb_edges_dist_5	verb_edges_dist_6	avg_max_depth	avg_token_per_clause	avg_max_links_len	avg_links_len	max_links_len	avg_prepositional_chain_len	n_prepositional_chains	prep_dist_1	prep_dist_2	prep_dist_3	prep_dist_4	obj_pre	obj_post	subj_pre	subj_post	dep_dist_acl	dep_dist_acl:relcl	dep_dist_advcl	dep_dist_advmod	dep_dist_amod	dep_dist_appos	dep_dist_aux	dep_dist_aux:pass	dep_dist_case	dep_dist_cc	dep_dist_ccomp	dep_dist_conj	dep_dist_cop	dep_dist_csubj	dep_dist_det	dep_dist_fixed	dep_dist_flat	dep_dist_iobj	dep_dist_mark	dep_dist_nmod	dep_dist_nsubj	dep_dist_nsubj:pass	dep_dist_nummod	dep_dist_obj	dep_dist_obl	dep_dist_parataxis	dep_dist_punct	dep_dist_root	dep_dist_xcomp	principal_proposition_dist	subordinate_proposition_dist	subordinate_post	subordinate_pre	avg_subordinate_chain_len	subordinate_dist_1	subordinate_dist_2	subordinate_dist_3	subordinate_dist_5
spanish_clean_1.conllu	1	46	46.0	4.2682926829268295	6.521739130434782	10.869565217391305	4.3478260869565215	2.1739130434782608	10.869565217391305	15.217391304347826	19.565217391304348	2.1739130434782608	8.695652173913043	2.1739130434782608	10.869565217391305	0	6.521739130434782	0	0.43902439024390244	0	0	0	100.0	0	33.333333333333336	66.66666666666667	0	100.0	0	0	0	0	33.333333333333336	66.66666666666667	0	0	100.0	0	100.0	0	100.0	0	0	0	100.0	4.0	100.0	3.6666666666666665	0	0	33.333333333333336	33.333333333333336	0	0	33.333333333333336	5.0	11.5	18.0	2.95	18	1.0	2	100.0	0	0	0	66.66666666666667	33.333333333333336	100.0	0.0	0	0	2.1739130434782608	2.1739130434782608	6.521739130434782	0	0	0	10.869565217391305	8.695652173913043	0	10.869565217391305	2.1739130434782608	0	15.217391304347826	2.1739130434782608	0	2.1739130434782608	2.1739130434782608	4.3478260869565215	6.521739130434782	0	2.1739130434782608	4.3478260869565215	4.3478260869565215	0	10.869565217391305	2.1739130434782608	0	50.0	50.0	100.0	0.0	1.0	100.0	0	0	0
spanish_clean_2.conllu	1	21	21.0	3.6842105263157894	0	9.523809523809524	4.761904761904762	0	14.285714285714286	23.80952380952381	23.80952380952381	0	9.523809523809524	0	9.523809523809524	0	4.761904761904762	0	0.3684210526315789	0	100.0	0	0	0	0	100.0	0	100.0	0	0	0	0	0	100.0	0	0	0	0	0	0	0	0	0	0	0	1.0	100.0	3.0	0	0	0	100.0	0	0	0	4.0	21.0	13.0	3.0555555555555554	13	1.0	2	100.0	0	0	0	0.0	100.0	0	0	0	0	0	4.761904761904762	0	0	0	0	9.523809523809524	14.285714285714286	0	14.285714285714286	0	0	28.571428571428573	0	0	0	0	9.523809523809524	0	0	0	4.761904761904762	0	0	9.523809523809524	4.761904761904762	0	100.0	0.0	0	0	0	0	0	0	0
spanish_clean_3.conllu	1	20	20.0	4.157894736842105	0	25.0	0	0	5.0	15.0	30.0	0	10.0	0	5.0	0	10.0	0	0.42105263157894735	0	100.0	0	0	50.0	0	50.0	0	100.0	0	0	0	100.0	0	0	0	0	0	0	0	0	0	0	0	0	0	2.0	100.0	3.5	0	0	0	50.0	50.0	0	0	4.0	10.0	7.0	2.111111111111111	7	1.0	3	100.0	0	0	0	100.0	0.0	100.0	0.0	0	0	0	0	0	0	0	0	25.0	5.0	0	5.0	0	0	15.0	0	0	10.0	0	15.0	5.0	0	0	0	10.0	0	5.0	5.0	0	100.0	0.0	0	0	0	0	0	0	0
spanish_clean_4.conllu	1	25	25.0	3.782608695652174	0	24.0	4.0	0	4.0	20.0	24.0	0	12.0	0	8.0	0	4.0	0	0.34782608695652173	0	100.0	0	0	0	0	100.0	0	100.0	0	0	0	0	0	100.0	0	0	0	0	0	0	0	0	0	0	0	1.0	100.0	6.0	0	0	0	0	0	0	100.0	5.0	25.0	10.0	2.3636363636363638	10	1.5	2	50.0	50.0	0	0	100.0	0.0	100.0	0.0	0	0	0	4.0	0	0	0	0	24.0	4.0	0	4.0	0	0	20.0	0	0	4.0	0	12.0	4.0	0	0	4.0	8.0	0	8.0	4.0	0	100.0	0.0	0	0	0	0	0	0	0
spanish_clean_5.conllu	1	28	28.0	4.88	0	17.857142857142858	7.142857142857143	0	7.142857142857143	25.0	25.0	0	3.5714285714285716	0	10.714285714285714	0	3.5714285714285716	0	0.4	0	100.0	0	0	0	0	100.0	0	100.0	0	0	0	0	0	100.0	0	0	0	0	0	0	0	0	0	0	0	1.0	100.0	3.0	0	0	0	100.0	0	0	0	5.0	28.0	16.0	2.7083333333333335	16	1.6666666666666667	3	66.66666666666667	0	33.333333333333336	0	0.0	100.0	0	0	0	0	0	7.142857142857143	0	0	0	0	17.857142857142858	7.142857142857143	0	7.142857142857143	0	0	25.0	0	0	0	0	17.857142857142858	0	0	0	3.5714285714285716	0	0	10.714285714285714	3.5714285714285716	0	100.0	0.0	0	0	0	0	0	0	0
spanish_clean_6.conllu	1	30	30.0	4.32	3.3333333333333335	16.666666666666668	3.3333333333333335	3.3333333333333335	10.0	16.666666666666668	20.0	0	3.3333333333333335	3.3333333333333335	16.666666666666668	0	3.3333333333333335	0	0.4	0	0	100.0	0	0	0	0	0	0	0	0	100.0	0	0	0	100.0	0	0	0	100.0	0	100.0	0	0	0	100.0	1.0	100.0	5.0	0	0	0	0	0	100.0	0	5.0	30.0	16.0	2.6666666666666665	16	2.0	1	0	100.0	0	0	0	0	100.0	0.0	0	0	0	0	0	0	0	3.3333333333333335	16.666666666666668	10.0	0	13.333333333333334	0	0	16.666666666666668	3.3333333333333335	0	0	0	6.666666666666667	0	3.3333333333333335	0	0	6.666666666666667	0	16.666666666666668	3.3333333333333335	0	100.0	0.0	0	0	0	0	0	0	0
spanish_clean_7.conllu	1	22	22.0	5.0	13.636363636363637	9.090909090909092	4.545454545454546	0	4.545454545454546	13.636363636363637	18.181818181818183	0	4.545454545454546	4.545454545454546	9.090909090909092	4.545454545454546	13.636363636363637	0	0.6	0	100.0	0	0	0	0	100.0	0	66.66666666666667	0	0	33.333333333333336	0	0	100.0	0	0	0	0	0	0	0	0	0	0	0	3.0	100.0	3.3333333333333335	0	33.333333333333336	0	0	33.333333333333336	33.333333333333336	0	4.0	7.333333333333333	14.0	2.736842105263158	14	0	0	0	0	0	0	0.0	100.0	100.0	0.0	4.545454545454546	0	0	4.545454545454546	13.636363636363637	0	0	0	9.090909090909092	4.545454545454546	0	4.545454545454546	0	0	13.636363636363637	0	0	0	4.545454545454546	0	9.090909090909092	0	0	9.090909090909092	9.090909090909092	0	9.090909090909092	4.545454545454546	0	50.0	50.0	100.0	0.0	1.0	100.0	0	0	0
spanish_clean_8.conllu	1	25	25.0	4.590909090909091	8.0	4.0	4.0	0	12.0	28.0	28.0	0	0	0	12.0	0	4.0	0	0.5	0	100.0	0	0	0	0	100.0	0	100.0	0	0	0	0	0	100.0	0	0	0	0	0	0	0	0	0	0	0	1.0	100.0	2.0	0	0	100.0	0	0	0	0	4.0	25.0	10.0	2.761904761904762	10	1.0	1	100.0	0	0	0	0.0	100.0	0	0	0	0	0	4.0	8.0	4.0	0	0	4.0	12.0	0	16.0	0	0	28.0	0	0	0	0	4.0	0	0	0	4.0	0	0	12.0	4.0	0	100.0	0.0	0	0	0	0	0	0	0
spanish_clean_9.conllu	1	19	19.0	5.529411764705882	5.2631578947368425	15.789473684210526	10.526315789473685	0	0	15.789473684210526	15.789473684210526	0	10.526315789473685	5.2631578947368425	10.526315789473685	0	10.526315789473685	0	0.5294117647058824	0	100.0	0	0	0	0	100.0	0	100.0	0	0	0	100.0	0	0	0	0	0	0	0	0	0	0	0	0	0	2.0	100.0	3.0	0	0	0	100.0	0	0	0	4.0	9.5	8.0	2.0	8	1.0	1	100.0	0	0	0	0.0	100.0	100.0	0.0	0	5.2631578947368425	0	10.526315789473685	5.2631578947368425	0	0	0	15.789473684210526	0	0	0	0	0	15.789473684210526	0	0	0	0	5.2631578947368425	10.526315789473685	0	0	5.2631578947368425	10.526315789473685	0	10.526315789473685	5.2631578947368425	0	50.0	50.0	100.0	0.0	1.0	100.0	0	0	0
spanish_clean_10.conllu	1	24	24.0	3.608695652173913	4.166666666666667	20.833333333333332	0	4.166666666666667	4.166666666666667	16.666666666666668	20.833333333333332	0	4.166666666666667	8.333333333333334	4.166666666666667	4.166666666666667	8.333333333333334	0	0.43478260869565216	0	0	0	100.0	0	0	100.0	0	50.0	0	50.0	0	0	0	100.0	0	0	100.0	0	100.0	0	100.0	0	0	0	100.0	3.0	100.0	2.0	0	50.0	0	50.0	0	0	0	6.0	8.0	6.0	2.090909090909091	6	1.0	3	100.0	0	0	0	100.0	0.0	100.0	0.0	0	4.166666666666667	0	0	4.166666666666667	0	0	0	20.833333333333332	4.166666666666667	0	4.166666666666667	4.166666666666667	0	16.666666666666668	0	0	4.166666666666667	4.166666666666667	12.5	4.166666666666667	0	0	0	4.166666666666667	0	4.166666666666667	4.166666666666667	4.166666666666667	33.333333333333336	66.66666666666667	100.0	0.0	2.0	0	100.0	0	0
spanish_clean_11.conllu	1	22	22.0	5.190476190476191	13.636363636363637	9.090909090909092	0	0	4.545454545454546	18.181818181818183	18.181818181818183	0	4.545454545454546	0	4.545454545454546	4.545454545454546	22.727272727272727	0	0.5714285714285714	0	0	0	100.0	0	0	100.0	0	40.0	40.0	20.0	0	50.0	0	50.0	0	0	0	0	0	0	0	0	0	0	0	5.0	100.0	2.4	0	20.0	40.0	20.0	20.0	0	0	4.0	4.4	12.0	2.3	12	0	0	0	0	0	0	33.333333333333336	66.66666666666667	100.0	0.0	0	0	18.181818181818183	0	9.090909090909092	0	0	0	0	4.545454545454546	0	4.545454545454546	0	0	18.181818181818183	0	0	4.545454545454546	13.636363636363637	0	4.545454545454546	0	0	9.090909090909092	0	0	4.545454545454546	4.545454545454546	4.545454545454546	20.0	80.0	100.0	0.0	2.0	50.0	0	50.0	0
spanish_clean_12.conllu	1	17	17.0	3.8	0	23.529411764705884	0	0	0	17.647058823529413	23.529411764705884	0	11.764705882352942	0	11.764705882352942	0	11.764705882352942	0	0.4	0	0	0	100.0	0	0	100.0	0	50.0	0	50.0	0	0	0	100.0	0	0	0	0	0	0	0	0	0	0	0	2.0	100.0	2.5	0	0	50.0	50.0	0	0	0	4.0	8.5	7.0	2.0	7	2.0	1	0	100.0	0	0	50.0	50.0	0.0	100.0	0	0	5.882352941176471	0	0	0	0	0	17.647058823529413	0	0	0	0	0	17.647058823529413	0	0	5.882352941176471	5.882352941176471	11.764705882352942	5.882352941176471	0	0	5.882352941176471	5.882352941176471	0	11.764705882352942	5.882352941176471	0	50.0	50.0	100.0	0.0	1.0	100.0	0	0	0
spanish_clean_13.conllu	1	31	31.0	3.7142857142857144	6.451612903225806	12.903225806451612	3.225806451612903	3.225806451612903	6.451612903225806	22.580645161290324	22.580645161290324	0	6.451612903225806	0	9.67741935483871	0	6.451612903225806	0	0.42857142857142855	0	0	0	100.0	0	0	100.0	0	50.0	50.0	0	0	0	0	100.0	0	0	100.0	0	100.0	0	100.0	0	0	0	100.0	3.0	100.0	3.0	0	0	50.0	0	50.0	0	0	7.0	10.333333333333334	9.0	2.1481481481481484	9	1.0	2	100.0	0	0	0	50.0	50.0	100.0	0.0	0	3.225806451612903	3.225806451612903	3.225806451612903	3.225806451612903	0	0	0	12.903225806451612	6.451612903225806	0	6.451612903225806	3.225806451612903	0	22.580645161290324	0	0	3.225806451612903	0	6.451612903225806	3.225806451612903	0	0	3.225806451612903	6.451612903225806	0	9.67741935483871	3.225806451612903	0	33.333333333333336	66.66666666666667	100.0	0.0	2.0	0	100.0	0	0
spanish_clean_14.conllu	1	52	52.0	4.877551020408164	5.769230769230769	13.461538461538462	1.9230769230769231	0	1.9230769230769231	21.153846153846153	21.153846153846153	0	5.769230769230769	1.9230769230769231	5.769230769230769	7.6923076923076925	13.461538461538462	0	0.46938775510204084	0	66.66666666666667	0	33.333333333333336	0	0	100.0	0	85.71428571428571	0	14.285714285714286	0	66.66666666666667	0	33.333333333333336	0	0	0	0	0	0	0	0	0	0	0	7.0	100.0	3.0	0	0	42.857142857142854	28.571428571428573	14.285714285714286	14.285714285714286	0	10.0	7.428571428571429	8.0	2.2916666666666665	8	1.0	3	100.0	0	0	0	28.571428571428573	71.42857142857143	50.0	50.0	0	5.769230769230769	1.9230769230769231	1.9230769230769231	5.769230769230769	0	0	0	13.461538461538462	1.9230769230769231	0	1.9230769230769231	0	0	21.153846153846153	0	0	5.769230769230769	7.6923076923076925	5.769230769230769	3.8461538461538463	0	0	7.6923076923076925	5.769230769230769	0	5.769230769230769	1.9230769230769231	1.9230769230769231	16.666666666666668	83.33333333333333	100.0	0.0	1.25	75.0	25.0	0	0
spanish_clean_15.conllu	1	22	22.0	4.095238095238095	0	22.727272727272727	0	4.545454545454546	0	27.272727272727273	22.727272727272727	0	0	4.545454545454546	4.545454545454546	4.545454545454546	9.090909090909092	0	0.38095238095238093	0	0	50.0	50.0	0	0	100.0	0	50.0	0	0	50.0	0	0	100.0	0	100.0	0	0	100.0	0	100.0	0	0	0	100.0	2.0	100.0	2.5	0	0	50.0	50.0	0	0	0	5.0	11.0	7.0	2.2	7	1.5	2	50.0	50.0	0	0	0	0	100.0	0.0	0	4.545454545454546	0	0	0	0	0	4.545454545454546	22.727272727272727	0	0	0	0	0	27.272727272727273	0	0	0	0	13.636363636363637	4.545454545454546	4.545454545454546	0	0	9.090909090909092	0	4.545454545454546	4.545454545454546	0	50.0	50.0	100.0	0.0	1.0	100.0	0	0	0
spanish_clean_16.conllu	1	42	42.0	4.0	4.761904761904762	14.285714285714286	4.761904761904762	0	2.380952380952381	21.428571428571427	19.047619047619047	4.761904761904762	9.523809523809524	0	7.142857142857143	2.380952380952381	9.523809523809524	0	0.41025641025641024	0	33.333333333333336	33.333333333333336	33.333333333333336	0	0	100.0	0	75.0	0	0	25.0	66.66666666666667	0	33.333333333333336	0	0	0	0	0	0	0	0	0	0	0	4.0	100.0	3.5	0	0	25.0	50.0	0	0	25.0	9.0	10.5	13.0	2.473684210526316	13	1.0	2	100.0	0	0	0	75.0	25.0	50.0	50.0	2.380952380952381	2.380952380952381	0	4.761904761904762	4.761904761904762	0	0	0	14.285714285714286	2.380952380952381	0	2.380952380952381	0	0	21.428571428571427	0	0	7.142857142857143	2.380952380952381	4.761904761904762	4.761904761904762	0	4.761904761904762	2.380952380952381	9.523809523809524	0	7.142857142857143	2.380952380952381	0	33.333333333333336	66.66666666666667	100.0	0.0	1.0	100.0	0	0	0
spanish_clean_17.conllu	1	23	23.0	5.190476190476191	8.695652173913043	21.73913043478261	0	4.3478260869565215	0	13.043478260869565	34.78260869565217	0	0	0	8.695652173913043	4.3478260869565215	4.3478260869565215	0	0.5238095238095238	0	0	0	100.0	0	0	100.0	0	100.0	0	0	0	100.0	0	0	0	0	100.0	0	100.0	0	100.0	0	0	0	100.0	2.0	100.0	3.0	0	0	0	100.0	0	0	0	4.0	11.5	7.0	2.1	7	1.3333333333333333	3	66.66666666666667	33.333333333333336	0	0	0.0	100.0	100.0	0.0	0	4.3478260869565215	0	0	8.695652173913043	0	0	0	21.73913043478261	0	0	0	4.3478260869565215	0	13.043478260869565	0	0	0	4.3478260869565215	17.391304347826086	4.3478260869565215	0	0	4.3478260869565215	4.3478260869565215	0	8.695652173913043	4.3478260869565215	0	50.0	50.0	100.0	0.0	1.0	100.0	0	0	0
spanish_clean_18.conllu	1	15	15.0	6.571428571428571	13.333333333333334	6.666666666666667	6.666666666666667	6.666666666666667	0	20.0	20.0	0	0	0	6.666666666666667	6.666666666666667	13.333333333333334	0	0.5714285714285714	0	0	50.0	50.0	0	0	0	100.0	50.0	0	0	50.0	100.0	0	0	0	0	100.0	0	100.0	0	100.0	0	0	0	100.0	2.0	100.0	3.0	0	0	50.0	0	50.0	0	0	4.0	7.5	4.0	1.6153846153846154	4	0	0	0	0	0	0	0.0	100.0	100.0	0.0	0	6.666666666666667	0	6.666666666666667	13.333333333333334	0	0	6.666666666666667	6.666666666666667	0	0	0	0	0	20.0	0	0	0	6.666666666666667	0	0	6.666666666666667	0	6.666666666666667	6.666666666666667	0	6.666666666666667	6.666666666666667	0	50.0	50.0	100.0	0.0	1.0	100.0	0	0	0
spanish_clean_19.conllu	1	35	35.0	5.483870967741935	5.714285714285714	14.285714285714286	2.857142857142857	5.714285714285714	2.857142857142857	14.285714285714286	14.285714285714286	0	8.571428571428571	8.571428571428571	11.428571428571429	0	11.428571428571429	0	0.4838709677419355	0	0	100.0	0	0	0	0	0	0	25.0	25.0	50.0	0	0	0	0	0	100.0	0	100.0	0	100.0	0	0	0	100.0	5.0	100.0	2.25	0	50.0	25.0	0	0	25.0	0	4.0	7.0	11.0	2.7	11	1.0	2	100.0	0	0	0	0.0	100.0	100.0	0.0	0	0	5.714285714285714	2.857142857142857	8.571428571428571	0	0	5.714285714285714	11.428571428571429	2.857142857142857	0	2.857142857142857	2.857142857142857	0	17.142857142857142	0	0	0	2.857142857142857	8.571428571428571	0	2.857142857142857	0	5.714285714285714	5.714285714285714	0	11.428571428571429	2.857142857142857	0	33.333333333333336	66.66666666666667	50.0	50.0	1.0	100.0	0	0	0
spanish_clean_20.conllu	1	23	23.0	5.857142857142857	8.695652173913043	8.695652173913043	8.695652173913043	0	4.3478260869565215	17.391304347826086	26.08695652173913	0	0	0	8.695652173913043	4.3478260869565215	13.043478260869565	0	0.6190476190476191	0	50.0	0	50.0	0	0	100.0	0	66.66666666666667	0	33.333333333333336	0	100.0	0	0	0	0	0	0	0	0	0	0	0	0	0	3.0	100.0	2.6666666666666665	0	0	33.333333333333336	66.66666666666667	0	0	0	6.0	7.666666666666667	12.0	2.5	12	1.0	1	100.0	0	0	0	0.0	100.0	100.0	0.0	0	4.3478260869565215	4.3478260869565215	8.695652173913043	8.695652173913043	0	0	0	4.3478260869565215	4.3478260869565215	0	4.3478260869565215	0	0	17.391304347826086	0	0	0	8.695652173913043	4.3478260869565215	4.3478260869565215	0	0	13.043478260869565	0	0	8.695652173913043	4.3478260869565215	0	33.333333333333336	66.66666666666667	0.0	100.0	1.0	100.0	0	0	0
spanish_clean_21.conllu	1	28	28.0	4.28	14.285714285714286	17.857142857142858	7.142857142857143	7.142857142857143	0	17.857142857142858	25.0	0	0	0	10.714285714285714	0	0	0	0.52	0	0	0	0	0	0	0	0	0	0	0	0	0	0	0	0	0	100.0	0	100.0	0	100.0	0	0	0	100.0	2.0	100.0	0	0	0	0	0	0	0	0	5.0	14.0	14.0	2.625	14	1.6666666666666667	3	66.66666666666667	0	33.333333333333336	0	0	0	100.0	0.0	0	0	0	7.142857142857143	10.714285714285714	0	0	0	17.857142857142858	0	0	0	7.142857142857143	0	17.857142857142858	0	0	0	0	17.857142857142858	7.142857142857143	0	0	0	0	0	10.714285714285714	3.5714285714285716	0	50.0	50.0	0.0	100.0	1.0	100.0	0	0	0
spanish_clean_22.conllu	1	39	39.0	5.0	5.128205128205129	25.641025641025642	5.128205128205129	2.5641025641025643	2.5641025641025643	17.94871794871795	30.76923076923077	0	2.5641025641025643	0	5.128205128205129	0	2.5641025641025643	0	0.4594594594594595	0	0	100.0	0	0	0	0	0	0	0	0	100.0	0	0	0	0	0	100.0	0	100.0	0	100.0	0	0	100.0	0	1.0	100.0	4.0	0	0	0	0	100.0	0	0	6.0	39.0	28.0	2.9444444444444446	28	1.3333333333333333	6	83.33333333333333	0	16.666666666666668	0	0	0	100.0	0.0	0	0	0	5.128205128205129	5.128205128205129	0	2.5641025641025643	0	25.641025641025642	2.5641025641025643	0	2.5641025641025643	0	0	20.512820512820515	0	0	0	0	20.512820512820515	2.5641025641025643	0	0	0	5.128205128205129	0	5.128205128205129	2.5641025641025643	0	100.0	0.0	0	0	0	0	0	0	0
spanish_clean_23.conllu	1	25	25.0	5.173913043478261	12.0	20.0	0	4.0	4.0	16.0	28.0	0	0	0	8.0	0	8.0	0	0.5217391304347826	0	0	100.0	0	0	0	0	0	0	0	50.0	50.0	0	0	0	0	0	100.0	0	100.0	0	100.0	0	0	100.0	0	2.0	100.0	2.5	0	0	50.0	50.0	0	0	0	5.0	12.5	9.0	2.0454545454545454	9	1.5	2	50.0	50.0	0	0	0.0	100.0	100.0	0.0	0	0	4.0	0	12.0	0	4.0	0	16.0	4.0	0	4.0	0	0	16.0	0	0	0	4.0	12.0	4.0	0	0	4.0	4.0	0	8.0	4.0	0	50.0	50.0	100.0	0.0	1.0	100.0	0	0	0
spanish_clean_24.conllu	1	43	43.0	5.025	6.976744186046512	18.6046511627907	0	2.3255813953488373	2.3255813953488373	25.58139534883721	30.232558139534884	0	0	0	6.976744186046512	2.3255813953488373	4.651162790697675	0	0.45	0	0	0	100.0	0	0	100.0	0	50.0	0	0	50.0	100.0	0	0	0	0	100.0	0	100.0	0	100.0	0	0	100.0	0	3.0	100.0	1.5	0	50.0	50.0	0	0	0	0	6.0	14.333333333333334	22.0	2.5384615384615383	22	1.0	7	100.0	0	0	0	0.0	100.0	100.0	0.0	2.3255813953488373	2.3255813953488373	0	0	6.976744186046512	0	0	0	18.6046511627907	2.3255813953488373	0	4.651162790697675	2.3255813953488373	0	25.58139534883721	0	0	0	2.3255813953488373	16.27906976744186	2.3255813953488373	0	0	2.3255813953488373	2.3255813953488373	0	6.976744186046512	2.3255813953488373	0	33.333333333333336	66.66666666666667	100.0	0.0	1.0	100.0	0	0	0
spanish_clean_25.conllu	1	31	31.0	4.607142857142857	6.451612903225806	22.580645161290324	0	3.225806451612903	0	19.35483870967742	29.032258064516128	0	0	0	9.67741935483871	3.225806451612903	6.451612903225806	0	0.4642857142857143	0	0	50.0	50.0	0	0	100.0	0	50.0	0	0	50.0	0	0	100.0	0	0	100.0	0	100.0	0	100.0	0	0	100.0	0	2.0	100.0	3.0	0	0	0	100.0	0	0	0	5.0	15.5	15.0	3.0	15	1.6666666666666667	3	33.333333333333336	66.66666666666667	0	0	0	0	100.0	0.0	0	0	0	0	6.451612903225806	0	3.225806451612903	0	22.580645161290324	0	3.225806451612903	0	0	0	19.35483870967742	0	0	0	3.225806451612903	16.129032258064516	6.451612903225806	0	0	0	6.451612903225806	0	9.67741935483871	3.225806451612903	0	50.0	50.0	100.0	0.0	1.0	100.0	0	0	0
spanish_clean_26.conllu	1	28	28.0	5.166666666666667	10.714285714285714	14.285714285714286	3.5714285714285716	3.5714285714285716	7.142857142857143	10.714285714285714	17.857142857142858	0	0	10.714285714285714	14.285714285714286	0	7.142857142857143	0	0.5833333333333334	0	0	0	0	0	0	0	0	0	0	0	100.0	0	0	0	0	100.0	0	0	100.0	0	100.0	0	0	0	100.0	3.0	100.0	1.5	0	50.0	50.0	0	0	0	0	7.0	9.333333333333334	20.0	2.608695652173913	20	1.0	2	100.0	0	0	0	0	0	100.0	0.0	7.142857142857143	0	0	3.5714285714285716	7.142857142857143	0	0	0	14.285714285714286	7.142857142857143	0	10.714285714285714	3.5714285714285716	0	10.714285714285714	0	0	0	0	7.142857142857143	3.5714285714285716	0	0	0	7.142857142857143	0	14.285714285714286	3.5714285714285716	0	33.333333333333336	66.66666666666667	50.0	50.0	1.0	100.0	0	0	0
spanish_clean_27.conllu	1	20	20.0	4.0	5.0	10.0	0	5.0	10.0	5.0	5.0	5.0	10.0	20.0	10.0	5.0	10.0	0	0.4444444444444444	0	0	50.0	50.0	0	0	100.0	0	100.0	0	0	0	0	0	100.0	100.0	0	0	0	100.0	0	100.0	0	0	0	100.0	3.0	100.0	3.0	0	0	0	100.0	0	0	0	4.0	6.666666666666667	10.0	2.3529411764705883	10	1.0	1	100.0	0	0	0	100.0	0.0	0.0	100.0	0	0	0	0	5.0	0	0	0	10.0	10.0	0	15.0	5.0	5.0	5.0	0	0	10.0	5.0	5.0	0	0	5.0	0	5.0	0	10.0	5.0	0	50.0	50.0	100.0	0.0	1.0	100.0	0	0	0
spanish_clean_28.conllu	1	26	26.0	5.083333333333333	11.538461538461538	23.076923076923077	0	0	0	19.23076923076923	23.076923076923077	0	3.8461538461538463	0	7.6923076923076925	0	11.538461538461538	0	0.5	0	50.0	50.0	0	0	0	100.0	0	66.66666666666667	0	33.333333333333336	0	50.0	0	50.0	0	0	0	0	0	0	0	0	0	0	0	3.0	100.0	2.3333333333333335	0	0	66.66666666666667	33.333333333333336	0	0	0	6.0	8.666666666666666	9.0	2.217391304347826	9	1.0	2	100.0	0	0	0	100.0	0.0	100.0	0.0	0	3.8461538461538463	3.8461538461538463	0	11.538461538461538	0	0	0	19.23076923076923	0	0	0	0	0	19.23076923076923	0	0	3.8461538461538463	3.8461538461538463	7.6923076923076925	3.8461538461538463	0	0	0	11.538461538461538	0	7.6923076923076925	3.8461538461538463	0	33.333333333333336	66.66666666666667	100.0	0.0	2.0	0	100.0	0	0
spanish_clean_29.conllu	1	40	40.0	4.891891891891892	12.5	22.5	2.5	0	2.5	17.5	20.0	0	2.5	7.5	7.5	0	5.0	0	0.5135135135135135	0	0	100.0	0	0	0	100.0	0	100.0	0	0	0	0	0	100.0	0	0	0	0	0	0	0	0	0	0	0	2.0	100.0	4.5	0	0	0	50.0	0	0	50.0	5.0	20.0	18.0	2.7777777777777777	18	1.3333333333333333	3	66.66666666666667	33.333333333333336	0	0	100.0	0.0	100.0	0.0	0	0	0	0	10.0	0	0	0	22.5	2.5	0	2.5	0	0	17.5	5.0	0	2.5	0	10.0	2.5	0	2.5	0	12.5	0	7.5	2.5	0	100.0	0.0	0	0	0	0	0	0	0
spanish_clean_30.conllu	1	44	44.0	5.358974358974359	2.272727272727273	18.181818181818183	2.272727272727273	4.545454545454546	4.545454545454546	20.454545454545453	25.0	0	2.272727272727273	0	11.363636363636363	0	9.090909090909092	0	0.4358974358974359	0	0	50.0	50.0	0	0	100.0	0	25.0	0	25.0	50.0	0	0	100.0	0	0	0	100.0	0	0	50.0	50.0	0	100.0	0	4.0	100.0	2.0	0	25.0	50.0	25.0	0	0	0	6.0	11.0	17.0	2.6315789473684212	17	1.2	5	80.0	20.0	0	0	0.0	100.0	0	0	2.272727272727273	0	0	2.272727272727273	2.272727272727273	0	4.545454545454546	0	18.181818181818183	4.545454545454546	0	6.818181818181818	0	0	20.454545454545453	0	0	2.272727272727273	0	13.636363636363637	0	0	0	2.272727272727273	4.545454545454546	0	11.363636363636363	2.272727272727273	2.272727272727273	33.333333333333336	66.66666666666667	100.0	0.0	1.0	100.0	0	0	0
spanish_clean_31.conllu	1	22	22.0	5.8	13.636363636363637	18.181818181818183	4.545454545454546	9.090909090909092	0	4.545454545454546	18.181818181818183	0	9.090909090909092	0	9.090909090909092	4.545454545454546	9.090909090909092	0	0.5	0	0	50.0	50.0	0	0	100.0	0	50.0	0	0	50.0	100.0	0	0	0	50.0	50.0	0	100.0	0	50.0	0	50.0	0	100.0	2.0	100.0	4.5	0	0	0	0	50.0	50.0	0	4.0	11.0	9.0	2.4210526315789473	9	1.0	1	100.0	0	0	0	100.0	0.0	50.0	50.0	0	0	4.545454545454546	4.545454545454546	13.636363636363637	0	4.545454545454546	4.545454545454546	18.181818181818183	0	0	0	0	0	4.545454545454546	0	0	4.545454545454546	4.545454545454546	4.545454545454546	4.545454545454546	4.545454545454546	0	0	9.090909090909092	0	9.090909090909092	4.545454545454546	0	50.0	50.0	100.0	0.0	1.0	100.0	0	0	0
spanish_clean_32.conllu	1	11	11.0	4.5	18.181818181818183	9.090909090909092	9.090909090909092	9.090909090909092	0	18.181818181818183	18.181818181818183	0	0	9.090909090909092	9.090909090909092	0	0	0	0.6	0	0	0	0	0	0	0	0	0	0	0	0	0	0	0	0	0	100.0	0	100.0	0	100.0	0	0	0	100.0	1.0	100.0	0	0	0	0	0	0	0	0	3.0	11.0	6.0	2.2222222222222223	6	1.0	1	100.0	0	0	0	0	0	0.0	100.0	0	0	0	9.090909090909092	18.181818181818183	0	0	0	9.090909090909092	0	0	0	9.090909090909092	0	18.181818181818183	0	0	0	0	9.090909090909092	9.090909090909092	0	0	0	0	0	9.090909090909092	9.090909090909092	0	100.0	0.0	0	0	0	0	0	0	0
spanish_clean_33.conllu	1	21	21.0	4.8	0	23.80952380952381	0	4.761904761904762	0	19.047619047619047	9.523809523809524	4.761904761904762	0	28.571428571428573	4.761904761904762	0	4.761904761904762	0	0.45	0	0	100.0	0	0	0	0	0	0	0	0	100.0	0	0	0	0	100.0	0	0	100.0	0	100.0	0	0	0	100.0	1.0	100.0	4.0	0	0	0	0	100.0	0	0	3.0	21.0	9.0	2.3157894736842106	9	1.0	3	100.0	0	0	0	0	0	100.0	0.0	0	0	0	0	9.523809523809524	4.761904761904762	0	4.761904761904762	23.80952380952381	0	0	0	0	0	19.047619047619047	0	0	0	0	14.285714285714286	0	4.761904761904762	0	0	9.523809523809524	0	4.761904761904762	4.761904761904762	0	100.0	0.0	0	0	0	0	0	0	0
spanish_clean_34.conllu	1	34	34.0	3.870967741935484	2.9411764705882355	20.58823529411765	0	2.9411764705882355	0	17.647058823529413	14.705882352941176	8.823529411764707	8.823529411764707	8.823529411764707	8.823529411764707	0	5.882352941176471	0	0.3548387096774194	0	0	50.0	50.0	0	0	100.0	0	100.0	0	0	0	0	0	100.0	0	100.0	0	0	100.0	0	100.0	0	0	0	100.0	3.0	100.0	4.0	0	0	0	0	100.0	0	0	7.0	11.333333333333334	27.0	3.033333333333333	27	2.0	2	0	100.0	0	0	100.0	0.0	0.0	100.0	0	2.9411764705882355	0	0	2.9411764705882355	2.9411764705882355	0	0	20.58823529411765	0	0	0	2.9411764705882355	0	17.647058823529413	0	0	5.882352941176471	0	11.764705882352942	8.823529411764707	0	0	0	11.764705882352942	0	8.823529411764707	2.9411764705882355	0	33.333333333333336	66.66666666666667	100.0	0.0	1.0	100.0	0	0	0
spanish_clean_35.conllu	1	37	37.0	5.085714285714285	8.108108108108109	18.91891891891892	0	2.7027027027027026	2.7027027027027026	21.62162162162162	24.324324324324323	0	2.7027027027027026	8.108108108108109	5.405405405405405	0	5.405405405405405	0	0.4857142857142857	0	0	0	100.0	0	0	100.0	0	50.0	50.0	0	0	0	0	100.0	0	0	100.0	0	100.0	0	100.0	0	0	0	100.0	3.0	100.0	3.0	0	50.0	0	0	0	50.0	0	6.0	12.333333333333334	11.0	2.588235294117647	11	1.0	4	100.0	0	0	0	0.0	100.0	100.0	0.0	0	2.7027027027027026	2.7027027027027026	0	10.81081081081081	0	0	0	18.91891891891892	2.7027027027027026	0	2.7027027027027026	2.7027027027027026	0	21.62162162162162	0	0	2.7027027027027026	0	10.81081081081081	5.405405405405405	0	0	2.7027027027027026	5.405405405405405	0	5.405405405405405	2.7027027027027026	0	33.333333333333336	66.66666666666667	100.0	0.0	2.0	0	100.0	0	0
spanish_clean_36.conllu	1	75	75.0	5.260869565217392	14.666666666666666	13.333333333333334	2.6666666666666665	1.3333333333333333	5.333333333333333	16.0	20.0	0	2.6666666666666665	0	8.0	5.333333333333333	10.666666666666666	0	0.5217391304347826	25.0	0	0	75.0	0	0	75.0	25.0	50.0	0	50.0	0	75.0	0	25.0	0	0	100.0	0	0	100.0	100.0	0	0	0	100.0	9.0	100.0	2.875	0	25.0	12.5	25.0	25.0	12.5	0	8.0	8.333333333333334	40.0	3.2941176470588234	40	2.5	2	50.0	0	0	50.0	20.0	80.0	100.0	0.0	0	0	4.0	1.3333333333333333	12.0	0	0	0	13.333333333333334	5.333333333333333	1.3333333333333333	5.333333333333333	1.3333333333333333	0	16.0	1.3333333333333333	0	1.3333333333333333	5.333333333333333	6.666666666666667	5.333333333333333	0	0	5.333333333333333	2.6666666666666665	1.3333333333333333	8.0	1.3333333333333333	1.3333333333333333	14.285714285714286	85.71428571428571	100.0	0.0	1.2	80.0	20.0	0	0
spanish_clean_37.conllu	1	33	33.0	6.766666666666667	15.151515151515152	9.090909090909092	0	3.0303030303030303	9.090909090909092	18.181818181818183	24.242424242424242	0	0	0	9.090909090909092	0	12.121212121212121	0	0.5666666666666667	0	0	0	100.0	0	0	100.0	0	25.0	0	50.0	25.0	0	0	100.0	0	0	100.0	0	100.0	0	100.0	0	0	0	100.0	5.0	100.0	2.0	0	50.0	0	50.0	0	0	0	6.0	6.6	12.0	2.310344827586207	12	1.0	1	100.0	0	0	0	0.0	100.0	100.0	0.0	3.0303030303030303	0	3.0303030303030303	0	15.151515151515152	0	0	0	6.0606060606060606	9.090909090909092	0	9.090909090909092	3.0303030303030303	0	18.181818181818183	0	0	0	3.0303030303030303	3.0303030303030303	3.0303030303030303	0	0	6.0606060606060606	6.0606060606060606	0	9.090909090909092	3.0303030303030303	0	33.333333333333336	66.66666666666667	100.0	0.0	1.0	100.0	0	0	0
spanish_clean_38.conllu	1	27	27.0	4.4	11.11111111111111	18.51851851851852	0	3.7037037037037037	0	18.51851851851852	25.925925925925927	0	0	0	7.407407407407407	3.7037037037037037	11.11111111111111	0	0.52	0	0	0	100.0	0	0	100.0	0	33.333333333333336	0	33.333333333333336	33.333333333333336	0	0	100.0	0	0	100.0	0	100.0	0	100.0	0	0	0	100.0	4.0	100.0	2.0	0	0	100.0	0	0	0	0	7.0	6.75	8.0	2.0	8	1.0	2	100.0	0	0	0	0.0	100.0	100.0	0.0	3.7037037037037037	3.7037037037037037	3.7037037037037037	0	11.11111111111111	0	0	0	14.814814814814815	0	0	0	3.7037037037037037	0	18.51851851851852	0	0	0	7.407407407407407	7.407407407407407	3.7037037037037037	0	0	3.7037037037037037	7.407407407407407	0	7.407407407407407	3.7037037037037037	0	25.0	75.0	100.0	0.0	1.5	50.0	50.0	0	0
spanish_clean_39.conllu	1	27	27.0	4.1923076923076925	0	18.51851851851852	0	3.7037037037037037	3.7037037037037037	18.51851851851852	25.925925925925927	0	3.7037037037037037	0	3.7037037037037037	7.407407407407407	14.814814814814815	0	0.4230769230769231	0	0	0	100.0	0	0	100.0	0	50.0	0	25.0	25.0	0	0	100.0	0	0	100.0	0	100.0	0	100.0	0	0	0	100.0	4.0	100.0	2.5	0	0	75.0	0	25.0	0	0	7.0	6.75	5.0	1.96	5	1.0	1	100.0	0	0	0	33.333333333333336	66.66666666666667	0	0	0	7.407407407407407	3.7037037037037037	0	0	0	3.7037037037037037	0	14.814814814814815	3.7037037037037037	0	3.7037037037037037	0	0	18.51851851851852	0	0	3.7037037037037037	11.11111111111111	3.7037037037037037	0	0	0	7.407407407407407	11.11111111111111	0	3.7037037037037037	3.7037037037037037	0	25.0	75.0	100.0	0.0	1.5	50.0	50.0	0	0
spanish_clean_40.conllu	1	31	31.0	5.275862068965517	9.67741935483871	16.129032258064516	6.451612903225806	0	3.225806451612903	16.129032258064516	22.580645161290324	0	6.451612903225806	0	6.451612903225806	0	12.903225806451612	0	0.5517241379310345	0	0	66.66666666666667	33.333333333333336	0	0	100.0	0	50.0	0	0	50.0	50.0	0	50.0	0	0	0	0	0	0	0	0	0	0	0	4.0	100.0	3.25	0	25.0	25.0	0	25.0	0	25.0	4.0	7.75	13.0	2.4285714285714284	13	1.0	1	100.0	0	0	0	100.0	0.0	33.333333333333336	66.66666666666667	3.225806451612903	0	6.451612903225806	3.225806451612903	9.67741935483871	0	0	0	16.129032258064516	0	0	0	0	0	16.129032258064516	3.225806451612903	0	6.451612903225806	3.225806451612903	3.225806451612903	9.67741935483871	0	0	0	9.67741935483871	0	6.451612903225806	3.225806451612903	0	25.0	75.0	66.66666666666667	33.333333333333336	1.0	100.0	0	0	0
spanish_clean_41.conllu	1	14	14.0	5.769230769230769	21.428571428571427	14.285714285714286	7.142857142857143	7.142857142857143	0	14.285714285714286	21.428571428571427	0	0	0	7.142857142857143	0	7.142857142857143	0	0.6153846153846154	0	0	100.0	0	0	0	0	0	0	0	0	100.0	0	0	0	0	100.0	0	0	100.0	0	100.0	0	0	0	100.0	1.0	100.0	4.0	0	0	0	0	100.0	0	0	4.0	14.0	3.0	1.6666666666666667	3	1.0	1	100.0	0	0	0	0	0	100.0	0.0	0	0	0	7.142857142857143	21.428571428571427	0	0	7.142857142857143	14.285714285714286	0	0	0	0	0	14.285714285714286	0	0	0	0	7.142857142857143	0	7.142857142857143	0	0	7.142857142857143	0	7.142857142857143	7.142857142857143	0	100.0	0.0	0	0	0	0	0	0	0
spanish_clean_42.conllu	1	25	25.0	4.304347826086956	0	24.0	0	0	4.0	24.0	32.0	0	0	0	8.0	0	8.0	0	0.43478260869565216	0	100.0	0	0	0	0	100.0	0	50.0	0	0	50.0	0	0	100.0	0	0	0	0	0	0	0	0	0	0	0	2.0	100.0	1.5	0	50.0	50.0	0	0	0	0	6.0	12.5	10.0	2.227272727272727	10	2.5	2	50.0	0	0	50.0	0.0	100.0	0	0	0	0	4.0	0	0	0	0	0	24.0	4.0	0	4.0	0	0	24.0	0	0	0	0	20.0	0	0	0	4.0	4.0	0	8.0	4.0	0	50.0	50.0	0.0	100.0	1.0	100.0	0	0	0
spanish_clean_43.conllu	1	18	18.0	5.764705882352941	11.11111111111111	16.666666666666668	5.555555555555555	0	0	22.22222222222222	16.666666666666668	0	0	11.11111111111111	5.555555555555555	0	11.11111111111111	0	0.5882352941176471	0	0	100.0	0	0	0	100.0	0	50.0	0	0	50.0	100.0	0	0	0	0	0	0	0	0	0	0	0	0	0	2.0	100.0	2.5	0	0	50.0	50.0	0	0	0	4.0	9.0	11.0	2.3125	11	1.0	1	100.0	0	0	0	0.0	100.0	100.0	0.0	0	0	5.555555555555555	5.555555555555555	11.11111111111111	0	0	0	16.666666666666668	0	0	0	0	0	22.22222222222222	0	0	0	0	5.555555555555555	5.555555555555555	0	5.555555555555555	5.555555555555555	5.555555555555555	0	5.555555555555555	5.555555555555555	0	50.0	50.0	100.0	0.0	1.0	100.0	0	0	0
spanish_clean_44.conllu	1	11	11.0	4.3	9.090909090909092	9.090909090909092	9.090909090909092	9.090909090909092	9.090909090909092	9.090909090909092	18.181818181818183	0	9.090909090909092	0	9.090909090909092	0	9.090909090909092	0	0.5	0	0	0	100.0	0	0	100.0	0	100.0	0	0	0	0	0	100.0	100.0	0	0	0	100.0	0	100.0	0	0	100.0	0	2.0	100.0	3.0	0	0	0	100.0	0	0	0	3.0	5.5	5.0	2.111111111111111	5	0	0	0	0	0	0	100.0	0.0	100.0	0.0	0	0	9.090909090909092	9.090909090909092	0	0	0	0	18.181818181818183	0	0	0	9.090909090909092	0	9.090909090909092	0	0	9.090909090909092	0	0	9.090909090909092	0	0	0	9.090909090909092	0	9.090909090909092	9.090909090909092	0	50.0	50.0	100.0	0.0	1.0	100.0	0	0	0
spanish_clean_45.conllu	1	10	10.0	5.75	10.0	20.0	0	0	0	0	20.0	0	10.0	0	20.0	0	20.0	0	0.625	0	100.0	0	0	0	0	100.0	0	50.0	0	0	50.0	100.0	0	0	0	0	0	0	0	0	0	0	0	0	0	2.0	100.0	2.0	0	50.0	0	50.0	0	0	0	3.0	5.0	6.0	2.0	6	0	0	0	0	0	0	100.0	0.0	0	0	0	0	10.0	0	10.0	0	0	0	20.0	0	0	0	0	0	0	0	0	10.0	0	0	0	0	0	0	20.0	0	20.0	10.0	0	50.0	50.0	0.0	100.0	1.0	100.0	0	0	0
spanish_clean_46.conllu	1	24	24.0	4.454545454545454	8.333333333333334	20.833333333333332	0	0	4.166666666666667	8.333333333333334	25.0	0	8.333333333333334	0	8.333333333333334	4.166666666666667	12.5	0	0.5	0	100.0	0	0	0	0	100.0	0	66.66666666666667	0	0	33.333333333333336	100.0	0	0	0	0	0	0	0	0	0	0	0	0	0	3.0	100.0	3.0	0	33.333333333333336	0	0	66.66666666666667	0	0	4.0	8.0	7.0	2.0476190476190474	7	1.0	1	100.0	0	0	0	0.0	100.0	100.0	0.0	4.166666666666667	0	0	0	8.333333333333334	0	0	0	20.833333333333332	4.166666666666667	0	4.166666666666667	0	0	12.5	0	0	0	4.166666666666667	4.166666666666667	4.166666666666667	0	0	4.166666666666667	16.666666666666668	0	8.333333333333334	4.166666666666667	0	50.0	50.0	100.0	0.0	1.0	100.0	0	0	0
spanish_clean_47.conllu	1	17	17.0	5.25	17.647058823529413	5.882352941176471	5.882352941176471	11.764705882352942	0	17.647058823529413	17.647058823529413	0	5.882352941176471	0	5.882352941176471	5.882352941176471	5.882352941176471	0	0.5	0	0	0	0	0	0	0	0	0	0	100.0	0	0	0	0	100.0	0	0	0	100.0	0	100.0	0	0	0	100.0	2.0	100.0	5.0	0	0	0	0	0	100.0	0	3.0	8.5	7.0	2.2	7	0	0	0	0	0	0	0.0	100.0	50.0	50.0	0	0	0	5.882352941176471	17.647058823529413	0	5.882352941176471	0	5.882352941176471	0	0	0	5.882352941176471	5.882352941176471	17.647058823529413	0	0	5.882352941176471	5.882352941176471	0	5.882352941176471	0	0	0	5.882352941176471	0	5.882352941176471	5.882352941176471	0	50.0	50.0	100.0	0.0	1.0	100.0	0	0	0
spanish_clean_48.conllu	1	30	30.0	4.142857142857143	3.3333333333333335	10.0	6.666666666666667	3.3333333333333335	10.0	16.666666666666668	20.0	0	6.666666666666667	0	6.666666666666667	6.666666666666667	10.0	0	0.42857142857142855	0	0	33.333333333333336	66.66666666666667	0	0	100.0	0	66.66666666666667	0	0	33.333333333333336	0	0	100.0	0	100.0	0	0	100.0	0	100.0	0	0	0	100.0	3.0	100.0	3.3333333333333335	0	0	33.333333333333336	33.333333333333336	0	33.333333333333336	0	7.0	10.0	8.0	2.4074074074074074	8	0	0	0	0	0	0	100.0	0.0	100.0	0.0	0	6.666666666666667	0	3.3333333333333335	3.3333333333333335	0	0	3.3333333333333335	10.0	10.0	0	10.0	0	0	16.666666666666668	3.3333333333333335	0	3.3333333333333335	6.666666666666667	0	0	3.3333333333333335	0	0	6.666666666666667	3.3333333333333335	6.666666666666667	3.3333333333333335	0	33.333333333333336	66.66666666666667	100.0	0.0	1.0	100.0	0	0	0
spanish_clean_49.conllu	1	14	14.0	4.076923076923077	7.142857142857143	14.285714285714286	0	7.142857142857143	7.142857142857143	21.428571428571427	35.714285714285715	0	0	0	7.142857142857143	0	0	0	0.46153846153846156	0	0	0	0	0	0	0	0	0	0	0	0	0	0	0	0	0	100.0	0	100.0	0	100.0	0	0	0	100.0	1.0	100.0	0	0	0	0	0	0	0	0	3.0	14.0	5.0	1.9166666666666667	5	1.0	2	100.0	0	0	0	0	0	100.0	0.0	0	0	0	0	7.142857142857143	0	0	0	14.285714285714286	7.142857142857143	0	7.142857142857143	7.142857142857143	0	21.428571428571427	0	0	0	0	14.285714285714286	7.142857142857143	0	0	0	0	0	7.142857142857143	7.142857142857143	0	100.0	0.0	0	0	0	0	0	0	0
spanish_clean_50.conllu	1	31	31.0	4.827586206896552	6.451612903225806	19.35483870967742	9.67741935483871	9.67741935483871	3.225806451612903	12.903225806451612	19.35483870967742	0	0	6.451612903225806	6.451612903225806	3.225806451612903	3.225806451612903	0	0.4827586206896552	0	0	100.0	0	0	0	0	0	0	0	0	100.0	0	0	0	0	33.333333333333336	66.66666666666667	0	100.0	0	66.66666666666667	0	33.333333333333336	0	100.0	2.0	100.0	5.0	0	0	0	0	0	100.0	0	5.0	15.5	11.0	2.7142857142857144	11	1.3333333333333333	3	66.66666666666667	33.333333333333336	0	0	0	0	100.0	0.0	0	0	3.225806451612903	9.67741935483871	6.451612903225806	0	3.225806451612903	3.225806451612903	19.35483870967742	0	0	0	3.225806451612903	0	12.903225806451612	3.225806451612903	0	0	3.225806451612903	12.903225806451612	3.225806451612903	3.225806451612903	0	0	3.225806451612903	0	6.451612903225806	3.225806451612903	0	50.0	50.0	0.0	100.0	1.0	100.0	0	0	0
spanish_clean_51.conllu	1	31	31.0	5.862068965517241	12.903225806451612	19.35483870967742	0	0	3.225806451612903	12.903225806451612	32.25806451612903	0	0	0	6.451612903225806	3.225806451612903	9.67741935483871	0	0.5862068965517241	0	0	0	100.0	0	0	100.0	0	66.66666666666667	0	33.333333333333336	0	50.0	0	50.0	0	0	0	0	0	0	0	0	0	0	0	3.0	100.0	2.3333333333333335	0	0	66.66666666666667	33.333333333333336	0	0	0	7.0	10.333333333333334	7.0	2.25	7	1.3333333333333333	3	66.66666666666667	33.333333333333336	0	0	0.0	100.0	100.0	0.0	0	3.225806451612903	3.225806451612903	0	12.903225806451612	0	0	0	16.129032258064516	3.225806451612903	0	6.451612903225806	0	0	12.903225806451612	0	0	0	6.451612903225806	12.903225806451612	3.225806451612903	0	0	6.451612903225806	3.225806451612903	0	6.451612903225806	3.225806451612903	0	33.333333333333336	66.66666666666667	100.0	0.0	2.0	0	100.0	0	0
spanish_clean_52.conllu	1	24	24.0	5.136363636363637	4.166666666666667	20.833333333333332	0	4.166666666666667	4.166666666666667	12.5	29.166666666666668	0	4.166666666666667	0	8.333333333333334	4.166666666666667	8.333333333333334	0	0.45454545454545453	0	50.0	50.0	0	0	0	100.0	0	50.0	0	0	50.0	100.0	0	0	0	0	100.0	0	100.0	0	100.0	0	0	100.0	0	2.0	100.0	2.0	0	0	100.0	0	0	0	0	8.0	12.0	5.0	2.0	5	1.6666666666666667	3	33.333333333333336	66.66666666666667	0	0	0.0	100.0	0	0	0	4.166666666666667	0	0	4.166666666666667	0	4.166666666666667	0	25.0	0	0	0	0	0	12.5	0	0	0	4.166666666666667	20.833333333333332	0	0	0	8.333333333333334	4.166666666666667	0	8.333333333333334	4.166666666666667	0	50.0	50.0	100.0	0.0	1.0	100.0	0	0	0
spanish_clean_53.conllu	1	58	58.0	4.537037037037037	10.344827586206897	3.4482758620689653	12.068965517241379	3.4482758620689653	1.7241379310344827	10.344827586206897	15.517241379310345	0	6.896551724137931	0	6.896551724137931	15.517241379310345	13.793103448275861	0	0.5555555555555556	0	0	12.5	87.5	0	0	87.5	12.5	100.0	0	0	0	75.0	0	25.0	0	0	100.0	0	100.0	0	100.0	0	0	0	100.0	10.0	100.0	3.25	0	0	0	87.5	0	12.5	0	13.0	5.8	9.0	2.3773584905660377	9	1.0	1	100.0	0	0	0	66.66666666666667	33.333333333333336	80.0	20.0	0	1.7241379310344827	3.4482758620689653	12.068965517241379	6.896551724137931	0	0	0	6.896551724137931	1.7241379310344827	8.620689655172415	1.7241379310344827	3.4482758620689653	1.7241379310344827	10.344827586206897	0	0	6.896551724137931	12.068965517241379	1.7241379310344827	6.896551724137931	0	0	3.4482758620689653	1.7241379310344827	0	6.896551724137931	1.7241379310344827	0	11.11111111111111	88.88888888888889	100.0	0.0	2.6666666666666665	33.333333333333336	33.333333333333336	0	33.333333333333336
spanish_clean_54.conllu	1	31	31.0	5.142857142857143	3.225806451612903	9.67741935483871	0	6.451612903225806	3.225806451612903	25.806451612903224	25.806451612903224	0	0	0	9.67741935483871	6.451612903225806	9.67741935483871	0	0.42857142857142855	0	0	33.333333333333336	66.66666666666667	0	0	100.0	0	66.66666666666667	0	0	33.333333333333336	100.0	0	0	0	0	100.0	0	100.0	0	50.0	50.0	0	0	100.0	3.0	100.0	3.3333333333333335	0	0	66.66666666666667	0	0	0	33.333333333333336	5.0	10.333333333333334	15.0	3.111111111111111	15	1.0	2	100.0	0	0	0	0.0	100.0	100.0	0.0	0	0	3.225806451612903	0	3.225806451612903	0	3.225806451612903	3.225806451612903	9.67741935483871	3.225806451612903	3.225806451612903	3.225806451612903	0	0	25.806451612903224	0	0	0	6.451612903225806	6.451612903225806	3.225806451612903	3.225806451612903	0	6.451612903225806	3.225806451612903	0	9.67741935483871	3.225806451612903	0	33.333333333333336	66.66666666666667	100.0	0.0	2.0	0	100.0	0	0
spanish_clean_55.conllu	1	36	36.0	3.90625	5.555555555555555	13.88888888888889	0	8.333333333333334	2.7777777777777777	16.666666666666668	22.22222222222222	0	5.555555555555555	0	11.11111111111111	5.555555555555555	8.333333333333334	0	0.40625	0	0	66.66666666666667	33.333333333333336	0	0	100.0	0	33.333333333333336	0	0	66.66666666666667	0	0	100.0	0	0	100.0	0	33.333333333333336	66.66666666666667	100.0	0	0	0	100.0	3.0	100.0	4.0	0	0	33.333333333333336	0	33.333333333333336	0	33.333333333333336	5.0	12.0	21.0	3.3225806451612905	21	1.0	2	100.0	0	0	0	0.0	100.0	100.0	0.0	0	2.7777777777777777	0	0	5.555555555555555	0	2.7777777777777777	5.555555555555555	13.88888888888889	2.7777777777777777	0	2.7777777777777777	0	0	19.444444444444443	0	0	0	5.555555555555555	5.555555555555555	5.555555555555555	2.7777777777777777	0	2.7777777777777777	5.555555555555555	2.7777777777777777	11.11111111111111	2.7777777777777777	0	50.0	50.0	100.0	0.0	1.0	100.0	0	0	0
spanish_clean_56.conllu	1	27	27.0	3.84	3.7037037037037037	14.814814814814815	3.7037037037037037	3.7037037037037037	0	18.51851851851852	25.925925925925927	0	3.7037037037037037	0	7.407407407407407	7.407407407407407	11.11111111111111	0	0.48	0	0	0	100.0	0	0	0	100.0	33.333333333333336	0	66.66666666666667	0	0	0	100.0	0	0	100.0	0	100.0	0	100.0	0	0	0	100.0	3.0	100.0	3.3333333333333335	0	0	33.333333333333336	33.333333333333336	0	33.333333333333336	0	5.0	9.0	11.0	2.2083333333333335	11	1.0	3	100.0	0	0	0	50.0	50.0	50.0	50.0	0	0	3.7037037037037037	3.7037037037037037	3.7037037037037037	0	3.7037037037037037	0	14.814814814814815	0	3.7037037037037037	0	0	0	18.51851851851852	0	0	3.7037037037037037	7.407407407407407	11.11111111111111	7.407407407407407	0	0	3.7037037037037037	3.7037037037037037	0	7.407407407407407	3.7037037037037037	0	33.333333333333336	66.66666666666667	100.0	0.0	2.0	0	100.0	0	0
spanish_clean_57.conllu	1	27	27.0	4.6	0	25.925925925925927	3.7037037037037037	3.7037037037037037	0	18.51851851851852	33.333333333333336	0	0	0	7.407407407407407	0	7.407407407407407	0	0.48	0	0	0	0	0	0	0	0	0	0	50.0	50.0	0	0	0	0	0	100.0	0	100.0	0	100.0	0	0	0	100.0	3.0	100.0	2.0	0	0	100.0	0	0	0	0	5.0	9.0	12.0	2.5	12	1.25	4	75.0	25.0	0	0	0.0	100.0	100.0	0.0	3.7037037037037037	0	3.7037037037037037	3.7037037037037037	0	0	0	0	22.22222222222222	0	0	0	3.7037037037037037	0	18.51851851851852	0	0	0	3.7037037037037037	18.51851851851852	3.7037037037037037	0	0	3.7037037037037037	3.7037037037037037	0	7.407407407407407	3.7037037037037037	0	33.333333333333336	66.66666666666667	100.0	0.0	2.0	0	100.0	0	0
spanish_clean_58.conllu	1	13	13.0	6.2727272727272725	15.384615384615385	7.6923076923076925	7.6923076923076925	7.6923076923076925	0	7.6923076923076925	15.384615384615385	0	7.6923076923076925	0	15.384615384615385	7.6923076923076925	7.6923076923076925	0	0.5454545454545454	0	0	0	100.0	0	0	100.0	0	100.0	0	0	0	0	0	100.0	0	0	100.0	0	100.0	0	100.0	0	0	100.0	0	2.0	100.0	4.0	0	0	0	0	100.0	0	0	3.0	6.5	5.0	2.0	5	0	0	0	0	0	0	100.0	0.0	100.0	0.0	0	0	7.6923076923076925	7.6923076923076925	7.6923076923076925	0	0	0	7.6923076923076925	0	0	0	7.6923076923076925	0	7.6923076923076925	0	0	7.6923076923076925	7.6923076923076925	0	7.6923076923076925	0	0	0	7.6923076923076925	0	15.384615384615385	7.6923076923076925	0	50.0	50.0	100.0	0.0	1.0	100.0	0	0	0
spanish_clean_59.conllu	1	20	20.0	4.722222222222222	0	25.0	10.0	5.0	5.0	5.0	15.0	0	10.0	0	10.0	0	15.0	0	0.4444444444444444	0	0	0	0	0	0	0	0	0	0	33.333333333333336	66.66666666666667	0	0	0	0	0	100.0	0	100.0	0	100.0	0	0	0	100.0	3.0	100.0	2.6666666666666665	0	33.333333333333336	33.333333333333336	0	0	33.333333333333336	0	4.0	6.666666666666667	6.0	2.411764705882353	6	0	0	0	0	0	0	0.0	100.0	0	0	0	0	10.0	10.0	0	0	5.0	0	25.0	5.0	0	5.0	0	0	5.0	0	0	5.0	0	0	0	0	0	0	15.0	0	10.0	5.0	0	33.333333333333336	66.66666666666667	100.0	0.0	1.0	100.0	0	0	0
spanish_clean_60.conllu	1	37	37.0	4.6	8.108108108108109	13.513513513513514	8.108108108108109	0	8.108108108108109	16.216216216216218	27.027027027027028	0	0	0	5.405405405405405	0	5.405405405405405	8.108108108108109	0.5142857142857142	0	0	0	100.0	0	0	100.0	0	100.0	0	0	0	50.0	0	50.0	0	0	0	0	0	0	0	0	0	0	0	2.0	100.0	4.5	0	0	0	50.0	0	0	50.0	4.0	18.5	13.0	2.5	13	1.0	2	100.0	0	0	0	0.0	100.0	100.0	0.0	0	0	2.7027027027027026	2.7027027027027026	8.108108108108109	8.108108108108109	0	0	10.81081081081081	8.108108108108109	0	5.405405405405405	0	0	16.216216216216218	5.405405405405405	0	2.7027027027027026	2.7027027027027026	5.405405405405405	2.7027027027027026	0	0	5.405405405405405	5.405405405405405	0	5.405405405405405	2.7027027027027026	0	50.0	50.0	0.0	100.0	1.0	100.0	0	0	0
spanish_clean_61.conllu	1	29	29.0	4.62962962962963	0	20.689655172413794	3.4482758620689653	0	3.4482758620689653	24.137931034482758	27.586206896551722	0	6.896551724137931	0	6.896551724137931	0	6.896551724137931	0	0.4074074074074074	0	0	0	100.0	0	0	100.0	0	100.0	0	0	0	0	0	100.0	0	0	0	0	0	0	0	0	0	0	0	2.0	100.0	3.5	0	0	0	50.0	50.0	0	0	6.0	14.5	10.0	2.230769230769231	10	1.3333333333333333	3	66.66666666666667	33.333333333333336	0	0	100.0	0.0	100.0	0.0	0	0	0	3.4482758620689653	0	0	0	0	20.689655172413794	3.4482758620689653	0	3.4482758620689653	0	0	24.137931034482758	0	0	6.896551724137931	0	13.793103448275861	3.4482758620689653	0	0	0	6.896551724137931	3.4482758620689653	6.896551724137931	3.4482758620689653	0	100.0	0.0	0	0	0	0	0	0	0
spanish_clean_62.conllu	1	25	25.0	5.173913043478261	8.0	24.0	0	0	8.0	16.0	28.0	0	4.0	0	8.0	0	4.0	0	0.43478260869565216	0	0	0	100.0	0	0	100.0	0	100.0	0	0	0	0	0	100.0	0	0	0	0	0	0	0	0	0	0	0	1.0	100.0	3.0	0	0	0	100.0	0	0	0	6.0	25.0	6.0	1.9545454545454546	6	1.0	3	100.0	0	0	0	100.0	0.0	0	0	0	0	0	0	8.0	0	0	0	24.0	8.0	0	8.0	0	0	16.0	0	0	4.0	0	12.0	0	0	0	0	8.0	0	8.0	4.0	0	100.0	0.0	0	0	0	0	0	0	0
spanish_clean_63.conllu	1	25	25.0	4.636363636363637	0	28.0	4.0	0	4.0	12.0	32.0	0	4.0	0	12.0	0	4.0	0	0.45454545454545453	0	0	0	100.0	0	0	100.0	0	100.0	0	0	0	0	0	100.0	0	0	0	0	0	0	0	0	0	0	0	1.0	100.0	6.0	0	0	0	0	0	0	100.0	4.0	25.0	16.0	3.0	16	1.0	2	100.0	0	0	0	100.0	0.0	0	0	0	0	0	4.0	0	0	0	0	28.0	4.0	0	4.0	0	0	12.0	0	0	4.0	0	8.0	0	0	0	0	20.0	0	12.0	4.0	0	100.0	0.0	0	0	0	0	0	0	0
spanish_clean_64.conllu	1	36	36.0	4.685714285714286	5.555555555555555	16.666666666666668	0	5.555555555555555	8.333333333333334	19.444444444444443	19.444444444444443	0	2.7777777777777777	0	2.7777777777777777	2.7777777777777777	16.666666666666668	0	0.42857142857142855	0	0	0	0	0	0	0	0	0	0	83.33333333333333	16.666666666666668	0	0	0	0	0	100.0	0	100.0	0	100.0	0	0	50.0	50.0	8.0	100.0	2.1666666666666665	0	50.0	16.666666666666668	16.666666666666668	0	16.666666666666668	0	8.0	4.5	10.0	2.1176470588235294	10	1.0	1	100.0	0	0	0	0.0	100.0	100.0	0.0	2.7777777777777777	2.7777777777777777	5.555555555555555	0	2.7777777777777777	0	0	0	8.333333333333334	8.333333333333334	0	8.333333333333334	5.555555555555555	0	19.444444444444443	0	0	2.7777777777777777	11.11111111111111	2.7777777777777777	2.7777777777777777	0	0	5.555555555555555	5.555555555555555	0	2.7777777777777777	2.7777777777777777	0	20.0	80.0	100.0	0.0	1.3333333333333333	66.66666666666667	33.333333333333336	0	0
spanish_clean_65.conllu	1	13	13.0	4.5	7.6923076923076925	7.6923076923076925	0	7.6923076923076925	0	23.076923076923077	23.076923076923077	0	7.6923076923076925	0	7.6923076923076925	7.6923076923076925	7.6923076923076925	0	0.4166666666666667	0	0	0	100.0	0	0	100.0	0	100.0	0	0	0	0	0	100.0	0	0	100.0	0	100.0	0	100.0	0	0	0	100.0	2.0	100.0	3.0	0	0	0	100.0	0	0	0	3.0	6.5	9.0	2.909090909090909	9	0	0	0	0	0	0	100.0	0.0	0.0	100.0	0	7.6923076923076925	0	0	7.6923076923076925	0	0	0	7.6923076923076925	0	0	0	7.6923076923076925	0	23.076923076923077	0	0	7.6923076923076925	7.6923076923076925	0	7.6923076923076925	0	0	0	7.6923076923076925	0	7.6923076923076925	7.6923076923076925	0	50.0	50.0	100.0	0.0	1.0	100.0	0	0	0
spanish_clean_66.conllu	1	13	13.0	5.083333333333333	15.384615384615385	15.384615384615385	7.6923076923076925	7.6923076923076925	0	23.076923076923077	23.076923076923077	0	0	0	7.6923076923076925	0	0	0	0.5	0	0	0	0	0	0	0	0	0	0	0	0	0	0	0	0	0	100.0	0	100.0	0	100.0	0	0	0	100.0	1.0	100.0	0	0	0	0	0	0	0	0	3.0	13.0	6.0	2.090909090909091	6	1.0	2	100.0	0	0	0	0	0	100.0	0.0	0	0	0	7.6923076923076925	7.6923076923076925	0	0	0	15.384615384615385	0	0	0	7.6923076923076925	0	23.076923076923077	0	0	0	0	15.384615384615385	7.6923076923076925	0	0	0	0	0	7.6923076923076925	7.6923076923076925	0	100.0	0.0	0	0	0	0	0	0	0
spanish_clean_67.conllu	1	27	27.0	4.6521739130434785	3.7037037037037037	14.814814814814815	0	0	7.407407407407407	18.51851851851852	29.62962962962963	0	3.7037037037037037	0	14.814814814814815	0	7.407407407407407	0	0.4782608695652174	0	0	0	100.0	0	0	100.0	0	100.0	0	0	0	0	0	100.0	0	0	0	0	0	0	0	0	0	0	0	2.0	100.0	4.5	0	0	0	0	50.0	50.0	0	5.0	13.5	12.0	2.409090909090909	12	1.0	1	100.0	0	0	0	50.0	50.0	100.0	0.0	0	0	0	0	3.7037037037037037	0	0	0	14.814814814814815	7.407407407407407	0	7.407407407407407	0	0	18.51851851851852	0	0	3.7037037037037037	0	3.7037037037037037	7.407407407407407	0	0	3.7037037037037037	11.11111111111111	0	14.814814814814815	3.7037037037037037	0	100.0	0.0	0	0	0	0	0	0	0
spanish_clean_68.conllu	1	11	11.0	6.111111111111111	9.090909090909092	18.181818181818183	0	0	0	18.181818181818183	27.272727272727273	0	0	0	18.181818181818183	0	9.090909090909092	0	0.5555555555555556	0	0	100.0	0	0	0	100.0	0	100.0	0	0	0	100.0	0	0	0	0	0	0	0	0	0	0	0	0	0	1.0	100.0	3.0	0	0	0	100.0	0	0	0	2.0	11.0	4.0	1.875	4	0	0	0	0	0	0	0	0	100.0	0.0	0	0	0	0	9.090909090909092	0	0	0	18.181818181818183	0	0	0	0	0	18.181818181818183	0	0	0	0	0	9.090909090909092	0	0	0	18.181818181818183	0	18.181818181818183	9.090909090909092	0	100.0	0.0	0	0	0	0	0	0	0
spanish_clean_69.conllu	1	23	23.0	5.571428571428571	8.695652173913043	8.695652173913043	4.3478260869565215	0	0	21.73913043478261	13.043478260869565	0	0	17.391304347826086	8.695652173913043	4.3478260869565215	13.043478260869565	0	0.6190476190476191	0	100.0	0	0	0	0	100.0	0	66.66666666666667	0	0	33.333333333333336	50.0	0	50.0	0	0	0	0	0	0	0	0	0	0	0	3.0	100.0	2.0	0	33.333333333333336	33.333333333333336	33.333333333333336	0	0	0	5.0	7.666666666666667	6.0	2.05	6	1.0	1	100.0	0	0	0	0.0	100.0	100.0	0.0	4.3478260869565215	0	4.3478260869565215	0	13.043478260869565	4.3478260869565215	0	0	8.695652173913043	0	0	0	0	0	21.73913043478261	4.3478260869565215	0	0	4.3478260869565215	4.3478260869565215	4.3478260869565215	0	0	8.695652173913043	4.3478260869565215	0	8.695652173913043	4.3478260869565215	0	33.333333333333336	66.66666666666667	100.0	0.0	1.0	100.0	0	0	0
spanish_clean_70.conllu	1	9	9.0	6.125	11.11111111111111	0	0	11.11111111111111	0	22.22222222222222	22.22222222222222	0	0	0	11.11111111111111	11.11111111111111	11.11111111111111	0	0.5	0	0	0	100.0	0	0	100.0	0	100.0	0	0	0	0	0	100.0	0	0	100.0	0	100.0	0	100.0	0	0	100.0	0	2.0	100.0	2.0	0	0	100.0	0	0	0	0	4.0	4.5	6.0	2.0	6	0	0	0	0	0	0	0	0	50.0	50.0	0	11.11111111111111	0	0	0	0	0	0	0	0	0	0	11.11111111111111	0	22.22222222222222	0	0	0	11.11111111111111	0	22.22222222222222	0	0	0	0	0	11.11111111111111	11.11111111111111	0	50.0	50.0	0.0	100.0	1.0	100.0	0	0	0
spanish_clean_71.conllu	1	23	23.0	5.181818181818182	0	21.73913043478261	4.3478260869565215	0	8.695652173913043	17.391304347826086	34.78260869565217	0	0	0	4.3478260869565215	0	8.695652173913043	0	0.5	0	0	0	100.0	0	0	100.0	0	50.0	50.0	0	0	0	0	100.0	0	0	0	0	0	0	0	0	0	0	0	2.0	100.0	2.5	0	50.0	0	0	50.0	0	0	5.0	11.5	6.0	2.142857142857143	6	1.5	2	50.0	50.0	0	0	0.0	100.0	0	0	0	0	4.3478260869565215	4.3478260869565215	0	0	0	0	21.73913043478261	8.695652173913043	0	8.695652173913043	0	0	17.391304347826086	0	0	0	0	13.043478260869565	0	0	0	4.3478260869565215	8.695652173913043	0	4.3478260869565215	4.3478260869565215	0	50.0	50.0	100.0	0.0	1.0	100.0	0	0	0
spanish_clean_72.conllu	1	33	33.0	4.7	3.0303030303030303	24.242424242424242	3.0303030303030303	0	3.0303030303030303	18.181818181818183	27.272727272727273	0	0	0	9.090909090909092	3.0303030303030303	9.090909090909092	0	0.4666666666666667	33.333333333333336	0	0	66.66666666666667	0	0	100.0	0	100.0	0	0	0	0	0	100.0	0	0	0	0	0	0	0	0	0	0	0	3.0	100.0	2.3333333333333335	0	33.333333333333336	33.333333333333336	0	33.333333333333336	0	0	4.0	11.0	17.0	2.7241379310344827	17	1.3333333333333333	3	66.66666666666667	33.333333333333336	0	0	0.0	100.0	100.0	0.0	0	3.0303030303030303	0	3.0303030303030303	3.0303030303030303	0	0	0	24.242424242424242	3.0303030303030303	0	3.0303030303030303	0	0	18.181818181818183	0	0	0	3.0303030303030303	12.121212121212121	3.0303030303030303	0	0	3.0303030303030303	6.0606060606060606	3.0303030303030303	9.090909090909092	3.0303030303030303	0	50.0	50.0	100.0	0.0	1.0	100.0	0	0	0
spanish_clean_73.conllu	1	19	19.0	5.277777777777778	5.2631578947368425	21.05263157894737	5.2631578947368425	10.526315789473685	5.2631578947368425	5.2631578947368425	26.31578947368421	0	5.2631578947368425	0	5.2631578947368425	0	10.526315789473685	0	0.5	0	0	0	0	0	0	0	0	0	0	100.0	0	0	0	0	0	0	100.0	0	100.0	0	50.0	50.0	0	0	100.0	2.0	100.0	3.0	0	0	0	100.0	0	0	0	4.0	9.5	12.0	2.3529411764705883	12	2.0	1	0	100.0	0	0	0.0	100.0	0	0	0	0	5.2631578947368425	5.2631578947368425	5.2631578947368425	0	10.526315789473685	0	15.789473684210526	5.2631578947368425	0	5.2631578947368425	0	0	5.2631578947368425	0	0	0	5.2631578947368425	10.526315789473685	0	0	0	10.526315789473685	5.2631578947368425	0	5.2631578947368425	5.2631578947368425	0	50.0	50.0	100.0	0.0	1.0	100.0	0	0	0
spanish_clean_74.conllu	1	16	16.0	5.0	6.25	6.25	0	6.25	0	18.75	25.0	0	0	0	12.5	12.5	12.5	0	0.5	0	0	0	100.0	0	0	100.0	0	100.0	0	0	0	0	0	100.0	0	0	100.0	0	100.0	0	100.0	0	0	0	100.0	3.0	100.0	2.0	0	0	100.0	0	0	0	0	3.0	5.333333333333333	8.0	2.1538461538461537	8	0	0	0	0	0	0	0.0	100.0	100.0	0.0	0	12.5	0	0	6.25	0	0	0	6.25	0	0	0	6.25	0	18.75	0	0	0	12.5	0	6.25	0	0	12.5	0	0	12.5	6.25	0	33.333333333333336	66.66666666666667	100.0	0.0	1.0	100.0	0	0	0
spanish_clean_75.conllu	1	12	12.0	4.454545454545454	8.333333333333334	8.333333333333334	8.333333333333334	8.333333333333334	0	16.666666666666668	16.666666666666668	0	8.333333333333334	0	8.333333333333334	8.333333333333334	8.333333333333334	0	0.45454545454545453	0	0	0	100.0	0	0	100.0	0	100.0	0	0	0	0	0	100.0	0	0	100.0	0	100.0	0	100.0	0	0	0	100.0	2.0	100.0	2.0	0	0	100.0	0	0	0	0	4.0	6.0	4.0	1.8	4	1.0	1	100.0	0	0	0	0.0	100.0	0	0	0	8.333333333333334	0	8.333333333333334	8.333333333333334	0	0	0	8.333333333333334	0	0	0	8.333333333333334	0	16.666666666666668	0	0	0	8.333333333333334	8.333333333333334	0	0	0	8.333333333333334	0	0	8.333333333333334	8.333333333333334	0	50.0	50.0	100.0	0.0	1.0	100.0	0	0	0
spanish_clean_76.conllu	1	29	29.0	4.777777777777778	6.896551724137931	24.137931034482758	3.4482758620689653	0	6.896551724137931	20.689655172413794	24.137931034482758	0	0	0	6.896551724137931	0	6.896551724137931	0	0.4444444444444444	0	0	0	100.0	0	0	100.0	0	50.0	0	50.0	0	0	0	100.0	0	0	0	0	0	0	0	0	0	0	0	2.0	100.0	3.0	0	0	0	100.0	0	0	0	5.0	14.5	13.0	2.576923076923077	13	1.0	2	100.0	0	0	0	0.0	100.0	100.0	0.0	0	0	3.4482758620689653	3.4482758620689653	6.896551724137931	0	0	0	20.689655172413794	6.896551724137931	0	6.896551724137931	0	0	20.689655172413794	0	0	0	3.4482758620689653	6.896551724137931	3.4482758620689653	0	0	3.4482758620689653	3.4482758620689653	0	6.896551724137931	3.4482758620689653	0	50.0	50.0	100.0	0.0	1.0	100.0	0	0	0
spanish_clean_77.conllu	1	14	14.0	4.6923076923076925	14.285714285714286	7.142857142857143	0	0	0	14.285714285714286	21.428571428571427	0	14.285714285714286	0	7.142857142857143	7.142857142857143	14.285714285714286	0	0.5384615384615384	0	0	0	100.0	0	0	100.0	0	100.0	0	0	0	0	0	100.0	0	0	0	0	0	0	0	0	0	0	0	2.0	100.0	3.5	0	0	0	50.0	50.0	0	0	3.0	7.0	5.0	2.0833333333333335	5	0	0	0	0	0	0	100.0	0.0	50.0	50.0	0	0	7.142857142857143	0	14.285714285714286	0	0	0	7.142857142857143	0	0	0	0	0	14.285714285714286	0	0	14.285714285714286	7.142857142857143	0	14.285714285714286	0	0	0	7.142857142857143	0	7.142857142857143	7.142857142857143	0	50.0	50.0	0.0	100.0	1.0	100.0	0	0	0
spanish_clean_78.conllu	1	24	24.0	5.25	12.5	12.5	0	0	4.166666666666667	16.666666666666668	29.166666666666668	4.166666666666667	0	0	16.666666666666668	0	4.166666666666667	0	0.55	0	0	0	100.0	0	0	100.0	0	100.0	0	0	0	100.0	0	0	0	0	0	0	0	0	0	0	0	0	0	1.0	100.0	3.0	0	0	0	100.0	0	0	0	4.0	24.0	12.0	2.6315789473684212	12	1.0	2	100.0	0	0	0	0.0	100.0	0.0	100.0	0	0	0	0	12.5	4.166666666666667	0	0	12.5	4.166666666666667	0	4.166666666666667	0	0	16.666666666666668	0	0	0	0	8.333333333333334	4.166666666666667	0	4.166666666666667	4.166666666666667	4.166666666666667	0	16.666666666666668	4.166666666666667	0	100.0	0.0	0	0	0	0	0	0	0
spanish_clean_79.conllu	1	27	27.0	4.8	14.814814814814815	11.11111111111111	0	0	3.7037037037037037	11.11111111111111	22.22222222222222	0	3.7037037037037037	0	7.407407407407407	7.407407407407407	18.51851851851852	0	0.6	0	0	0	100.0	0	0	100.0	0	80.0	0	20.0	0	25.0	0	75.0	0	0	0	0	0	0	0	0	0	0	0	5.0	100.0	2.4	20.0	0	20.0	40.0	20.0	0	0	5.0	5.4	17.0	2.4583333333333335	17	1.0	1	100.0	0	0	0	100.0	0.0	33.333333333333336	66.66666666666667	0	3.7037037037037037	3.7037037037037037	0	14.814814814814815	0	0	0	11.11111111111111	3.7037037037037037	0	3.7037037037037037	0	0	11.11111111111111	0	0	3.7037037037037037	7.407407407407407	3.7037037037037037	11.11111111111111	0	0	0	7.407407407407407	0	7.407407407407407	3.7037037037037037	3.7037037037037037	25.0	75.0	0.0	100.0	1.5	50.0	50.0	0	0
spanish_clean_80.conllu	1	31	31.0	3.5714285714285716	3.225806451612903	9.67741935483871	9.67741935483871	3.225806451612903	6.451612903225806	19.35483870967742	22.580645161290324	3.225806451612903	3.225806451612903	0	9.67741935483871	3.225806451612903	6.451612903225806	0	0.4642857142857143	0	0	0	100.0	0	0	100.0	0	50.0	0	50.0	0	0	0	100.0	0	0	100.0	0	100.0	0	100.0	0	0	0	100.0	2.0	100.0	4.0	0	0	0	0	100.0	0	0	4.0	15.5	12.0	2.6296296296296298	12	1.0	3	100.0	0	0	0	33.333333333333336	66.66666666666667	100.0	0.0	0	0	3.225806451612903	6.451612903225806	3.225806451612903	0	3.225806451612903	0	9.67741935483871	6.451612903225806	0	6.451612903225806	0	0	19.35483870967742	0	0	3.225806451612903	3.225806451612903	9.67741935483871	3.225806451612903	0	3.225806451612903	6.451612903225806	0	0	9.67741935483871	3.225806451612903	0	50.0	50.0	0.0	100.0	1.0	100.0	0	0	0
spanish_clean_81.conllu	1	42	42.0	4.45945945945946	9.523809523809524	19.047619047619047	0	2.380952380952381	2.380952380952381	14.285714285714286	14.285714285714286	0	7.142857142857143	9.523809523809524	11.904761904761905	0	9.523809523809524	0	0.4864864864864865	0	0	0	100.0	0	0	100.0	0	25.0	0	25.0	50.0	0	0	100.0	0	0	100.0	0	100.0	0	100.0	0	0	0	100.0	5.0	100.0	2.0	0	50.0	0	50.0	0	0	0	7.0	8.4	24.0	2.638888888888889	24	1.3333333333333333	3	66.66666666666667	33.333333333333336	0	0	0.0	100.0	50.0	50.0	2.380952380952381	2.380952380952381	0	0	7.142857142857143	0	0	0	19.047619047619047	2.380952380952381	0	2.380952380952381	2.380952380952381	2.380952380952381	14.285714285714286	2.380952380952381	2.380952380952381	0	0	9.523809523809524	2.380952380952381	0	0	4.761904761904762	9.523809523809524	0	11.904761904761905	2.380952380952381	0	20.0	80.0	75.0	25.0	1.0	100.0	0	0	0
spanish_clean_82.conllu	1	21	21.0	4.368421052631579	19.047619047619047	23.80952380952381	0	0	0	9.523809523809524	28.571428571428573	0	4.761904761904762	0	9.523809523809524	0	4.761904761904762	0	0.5789473684210527	0	0	0	100.0	0	0	100.0	0	100.0	0	0	0	0	0	100.0	0	0	0	0	0	0	0	0	0	0	0	1.0	100.0	3.0	0	0	0	100.0	0	0	0	4.0	21.0	10.0	2.2222222222222223	10	1.3333333333333333	3	66.66666666666667	33.333333333333336	0	0	100.0	0.0	0.0	100.0	0	0	0	0	14.285714285714286	0	0	0	23.80952380952381	0	0	0	0	0	9.523809523809524	4.761904761904762	0	4.761904761904762	0	19.047619047619047	4.761904761904762	0	0	0	4.761904761904762	0	9.523809523809524	4.761904761904762	0	100.0	0.0	0	0	0	0	0	0	0
spanish_clean_83.conllu	1	51	51.0	5.133333333333334	11.764705882352942	15.686274509803921	5.882352941176471	1.9607843137254901	3.9215686274509802	13.72549019607843	21.568627450980394	1.9607843137254901	1.9607843137254901	1.9607843137254901	11.764705882352942	1.9607843137254901	5.882352941176471	0	0.5333333333333333	0	0	0	100.0	0	0	100.0	0	66.66666666666667	0	0	33.333333333333336	0	0	100.0	0	0	100.0	0	100.0	0	100.0	0	0	100.0	0	4.0	100.0	2.3333333333333335	0	33.333333333333336	33.333333333333336	0	33.333333333333336	0	0	6.0	12.75	23.0	2.840909090909091	23	1.25	4	75.0	25.0	0	0	100.0	0.0	100.0	0.0	1.9607843137254901	0	1.9607843137254901	3.9215686274509802	11.764705882352942	0	0	0	15.686274509803921	3.9215686274509802	0	5.882352941176471	1.9607843137254901	0	13.72549019607843	1.9607843137254901	0	1.9607843137254901	1.9607843137254901	9.803921568627452	1.9607843137254901	0	1.9607843137254901	0	5.882352941176471	0	11.764705882352942	1.9607843137254901	0	33.333333333333336	66.66666666666667	50.0	50.0	1.0	100.0	0	0	0
spanish_clean_84.conllu	1	33	33.0	5.3125	9.090909090909092	18.181818181818183	0	3.0303030303030303	3.0303030303030303	27.272727272727273	21.21212121212121	0	0	9.090909090909092	3.0303030303030303	3.0303030303030303	3.0303030303030303	0	0.4375	0	0	0	100.0	0	0	100.0	0	100.0	0	0	0	0	0	100.0	0	0	100.0	0	100.0	0	100.0	0	0	0	100.0	2.0	100.0	2.0	0	0	100.0	0	0	0	0	6.0	16.5	10.0	2.225806451612903	10	1.6666666666666667	3	33.333333333333336	66.66666666666667	0	0	0	0	100.0	0.0	0	3.0303030303030303	0	0	12.121212121212121	0	0	0	18.181818181818183	3.0303030303030303	0	3.0303030303030303	3.0303030303030303	0	27.272727272727273	0	0	0	3.0303030303030303	15.151515151515152	3.0303030303030303	0	0	0	3.0303030303030303	0	3.0303030303030303	3.0303030303030303	0	50.0	50.0	100.0	0.0	1.0	100.0	0	0	0
spanish_clean_85.conllu	1	22	22.0	5.611111111111111	0	18.181818181818183	0	4.545454545454546	9.090909090909092	4.545454545454546	40.90909090909091	0	0	0	18.181818181818183	0	4.545454545454546	0	0.5555555555555556	0	0	0	0	0	0	0	0	0	0	0	100.0	0	0	0	0	0	100.0	0	100.0	0	100.0	0	0	0	100.0	1.0	100.0	3.0	0	0	0	100.0	0	0	0	7.0	22.0	5.0	2.0588235294117645	5	1.5	2	50.0	50.0	0	0	0	0	0	0	0	0	0	0	0	0	0	4.545454545454546	18.181818181818183	9.090909090909092	0	22.727272727272727	0	0	4.545454545454546	0	0	0	0	13.636363636363637	0	0	0	0	4.545454545454546	0	18.181818181818183	4.545454545454546	0	100.0	0.0	0	0	0	0	0	0	0
spanish_clean_86.conllu	1	71	71.0	5.2153846153846155	7.042253521126761	14.084507042253522	7.042253521126761	5.633802816901408	5.633802816901408	16.901408450704224	21.12676056338028	0	1.408450704225352	0	8.450704225352112	1.408450704225352	11.267605633802816	0	0.5076923076923077	0	0	100.0	0	0	0	0	0	0	0	62.5	37.5	0	0	0	0	0	100.0	0	75.0	25.0	100.0	0	0	0	100.0	9.0	100.0	2.375	12.5	12.5	12.5	50.0	12.5	0	0	9.0	7.888888888888889	42.0	3.078125	42	1.25	4	75.0	25.0	0	0	0.0	100.0	100.0	0.0	1.408450704225352	0	1.408450704225352	7.042253521126761	4.225352112676056	0	4.225352112676056	0	11.267605633802816	5.633802816901408	1.408450704225352	8.450704225352112	1.408450704225352	0	18.309859154929576	1.408450704225352	0	0	2.816901408450704	8.450704225352112	4.225352112676056	0	0	4.225352112676056	4.225352112676056	0	8.450704225352112	1.408450704225352	0	25.0	75.0	100.0	0.0	1.0	100.0	0	0	0
spanish_clean_87.conllu	1	24	24.0	5.7727272727272725	8.333333333333334	29.166666666666668	4.166666666666667	0	0	16.666666666666668	25.0	0	0	0	8.333333333333334	0	8.333333333333334	0	0.5	0	0	0	100.0	0	0	100.0	0	50.0	0	50.0	0	0	0	100.0	0	0	0	0	0	0	0	0	0	0	0	2.0	100.0	3.0	0	0	0	100.0	0	0	0	5.0	12.0	8.0	2.1904761904761907	8	1.5	2	50.0	50.0	0	0	0.0	100.0	0	0	0	0	4.166666666666667	4.166666666666667	8.333333333333334	0	0	0	25.0	0	0	0	0	0	16.666666666666668	0	0	0	4.166666666666667	12.5	0	0	0	4.166666666666667	8.333333333333334	0	8.333333333333334	4.166666666666667	0	50.0	50.0	100.0	0.0	1.0	100.0	0	0	0
spanish_clean_88.conllu	1	43	43.0	4.82051282051282	2.3255813953488373	23.25581395348837	0	0	6.976744186046512	20.930232558139537	27.906976744186046	0	2.3255813953488373	0	9.30232558139535	0	6.976744186046512	0	0.41025641025641024	0	0	0	100.0	0	0	100.0	0	33.333333333333336	0	66.66666666666667	0	0	0	100.0	0	0	0	0	0	0	0	0	0	0	0	3.0	100.0	3.0	0	0	66.66666666666667	0	0	33.333333333333336	0	7.0	14.333333333333334	15.0	2.5789473684210527	15	1.6666666666666667	3	66.66666666666667	0	33.333333333333336	0	0.0	100.0	100.0	0.0	0	0	4.651162790697675	0	2.3255813953488373	0	0	0	18.6046511627907	6.976744186046512	0	6.976744186046512	0	0	20.930232558139537	0	0	0	4.651162790697675	11.627906976744185	2.3255813953488373	0	0	4.651162790697675	4.651162790697675	0	9.30232558139535	2.3255813953488373	0	33.333333333333336	66.66666666666667	100.0	0.0	1.0	100.0	0	0	0
spanish_clean_89.conllu	1	38	38.0	4.764705882352941	2.6315789473684212	21.05263157894737	5.2631578947368425	2.6315789473684212	2.6315789473684212	13.157894736842104	15.789473684210526	0	2.6315789473684212	10.526315789473685	10.526315789473685	2.6315789473684212	10.526315789473685	0	0.5	0	0	0	100.0	0	0	100.0	0	25.0	0	50.0	25.0	0	0	100.0	0	0	100.0	0	100.0	0	100.0	0	0	0	100.0	4.0	100.0	3.0	0	0	50.0	25.0	0	25.0	0	8.0	9.5	9.0	2.3636363636363638	9	1.0	4	100.0	0	0	0	0.0	100.0	100.0	0.0	0	2.6315789473684212	2.6315789473684212	5.2631578947368425	5.2631578947368425	0	0	2.6315789473684212	15.789473684210526	2.6315789473684212	0	2.6315789473684212	0	0	13.157894736842104	2.6315789473684212	0	0	5.2631578947368425	13.157894736842104	0	2.6315789473684212	0	7.894736842105263	2.6315789473684212	0	10.526315789473685	2.6315789473684212	0	33.333333333333336	66.66666666666667	100.0	0.0	1.0	100.0	0	0	0
spanish_clean_90.conllu	1	20	20.0	5.333333333333333	5.0	25.0	15.0	0	0	5.0	25.0	10.0	0	0	10.0	0	5.0	0	0.5555555555555556	0	0	0	100.0	0	0	100.0	0	100.0	0	0	0	0	0	100.0	0	0	0	0	0	0	0	0	0	0	0	1.0	100.0	4.0	0	0	0	0	100.0	0	0	5.0	20.0	8.0	2.411764705882353	8	1.0	3	100.0	0	0	0	0	0	100.0	0.0	0	0	0	15.0	5.0	0	0	0	25.0	0	0	0	0	0	5.0	0	0	0	0	15.0	5.0	0	10.0	0	5.0	0	10.0	5.0	0	100.0	0.0	0	0	0	0	0	0	0
spanish_clean_91.conllu	1	23	23.0	4.590909090909091	4.3478260869565215	21.73913043478261	0	4.3478260869565215	4.3478260869565215	21.73913043478261	34.78260869565217	0	0	0	4.3478260869565215	0	4.3478260869565215	0	0.45454545454545453	0	0	0	0	0	0	0	0	0	0	0	100.0	0	0	0	0	0	100.0	0	100.0	0	100.0	0	0	0	100.0	2.0	100.0	2.0	0	0	100.0	0	0	0	0	4.0	11.5	6.0	2.1904761904761907	6	1.0	3	100.0	0	0	0	0	0	100.0	0.0	4.3478260869565215	0	0	0	4.3478260869565215	0	0	0	21.73913043478261	4.3478260869565215	0	4.3478260869565215	4.3478260869565215	0	21.73913043478261	0	0	0	0	13.043478260869565	4.3478260869565215	0	0	0	8.695652173913043	0	4.3478260869565215	4.3478260869565215	0	50.0	50.0	100.0	0.0	1.0	100.0	0	0	0
spanish_clean_92.conllu	1	14	14.0	6.166666666666667	0	14.285714285714286	0	0	7.142857142857143	14.285714285714286	42.857142857142854	0	0	0	14.285714285714286	0	7.142857142857143	0	0.5833333333333334	0	0	0	100.0	0	0	100.0	0	100.0	0	0	0	100.0	0	0	0	0	0	0	0	0	0	0	0	0	0	1.0	100.0	2.0	0	0	100.0	0	0	0	0	5.0	14.0	4.0	1.6363636363636365	4	2.0	1	0	100.0	0	0	0.0	100.0	100.0	0.0	0	0	0	0	0	0	0	0	14.285714285714286	7.142857142857143	0	14.285714285714286	0	0	14.285714285714286	0	0	0	0	14.285714285714286	7.142857142857143	0	0	7.142857142857143	0	0	14.285714285714286	7.142857142857143	0	100.0	0.0	0	0	0	0	0	0	0
spanish_clean_93.conllu	1	16	16.0	6.285714285714286	0	18.75	0	6.25	6.25	12.5	37.5	0	0	0	12.5	0	6.25	0	0.5	0	0	0	0	0	0	0	0	0	0	100.0	0	0	0	0	0	0	100.0	0	100.0	0	100.0	0	0	0	100.0	1.0	100.0	2.0	0	0	100.0	0	0	0	0	5.0	16.0	11.0	2.4615384615384617	11	2.0	1	0	100.0	0	0	0	0	100.0	0.0	0	0	0	0	0	0	6.25	0	18.75	6.25	0	12.5	0	0	12.5	0	0	0	0	12.5	6.25	0	0	0	6.25	0	12.5	6.25	0	100.0	0.0	0	0	0	0	0	0	0
spanish_clean_94.conllu	1	31	31.0	4.5	0	22.580645161290324	6.451612903225806	3.225806451612903	3.225806451612903	22.580645161290324	32.25806451612903	0	0	0	3.225806451612903	3.225806451612903	3.225806451612903	0	0.43333333333333335	0	0	0	100.0	0	0	100.0	0	100.0	0	0	0	100.0	0	0	0	0	100.0	0	100.0	0	100.0	0	0	0	100.0	2.0	100.0	3.0	0	0	0	100.0	0	0	0	7.0	15.5	6.0	2.0689655172413794	6	2.0	3	66.66666666666667	0	0	33.333333333333336	0	0	100.0	0.0	0	3.225806451612903	0	3.225806451612903	0	0	0	0	22.580645161290324	3.225806451612903	0	3.225806451612903	3.225806451612903	0	22.580645161290324	3.225806451612903	0	0	3.225806451612903	19.35483870967742	3.225806451612903	0	0	0	3.225806451612903	0	3.225806451612903	3.225806451612903	0	50.0	50.0	100.0	0.0	1.0	100.0	0	0	0
spanish_clean_95.conllu	1	28	28.0	4.3478260869565215	7.142857142857143	14.285714285714286	3.5714285714285716	7.142857142857143	7.142857142857143	17.857142857142858	17.857142857142858	0	3.5714285714285716	0	17.857142857142858	3.5714285714285716	0	0	0.34782608695652173	0	0	0	0	0	0	0	0	0	0	0	0	0	0	0	0	0	100.0	0	100.0	0	100.0	0	0	0	100.0	2.0	100.0	0	0	0	0	0	0	0	0	4.0	14.0	13.0	2.727272727272727	13	1.0	4	100.0	0	0	0	0	0	100.0	0.0	0	0	3.5714285714285716	0	0	0	0	0	14.285714285714286	3.5714285714285716	0	3.5714285714285716	7.142857142857143	0	17.857142857142858	7.142857142857143	0	0	3.5714285714285716	14.285714285714286	3.5714285714285716	0	0	0	0	0	17.857142857142858	3.5714285714285716	0	50.0	50.0	100.0	0.0	1.0	100.0	0	0	0
spanish_clean_96.conllu	1	17	17.0	4.533333333333333	11.764705882352942	17.647058823529413	0	5.882352941176471	0	17.647058823529413	23.529411764705884	0	0	5.882352941176471	11.764705882352942	0	5.882352941176471	0	0.5333333333333333	0	0	0	0	0	0	0	0	0	0	100.0	0	0	0	0	0	100.0	0	0	100.0	0	100.0	0	0	0	100.0	2.0	100.0	2.0	0	0	100.0	0	0	0	0	3.0	8.5	7.0	2.2142857142857144	7	2.0	1	0	100.0	0	0	0.0	100.0	100.0	0.0	0	0	5.882352941176471	0	5.882352941176471	0	0	0	11.764705882352942	0	0	0	5.882352941176471	0	17.647058823529413	0	0	0	5.882352941176471	11.764705882352942	5.882352941176471	0	5.882352941176471	5.882352941176471	0	0	11.764705882352942	5.882352941176471	0	50.0	50.0	100.0	0.0	1.0	100.0	0	0	0
spanish_clean_97.conllu	1	42	42.0	4.631578947368421	4.761904761904762	19.047619047619047	0	0	2.380952380952381	11.904761904761905	26.19047619047619	2.380952380952381	7.142857142857143	0	9.523809523809524	4.761904761904762	11.904761904761905	0	0.47368421052631576	0	100.0	0	0	0	0	100.0	0	60.0	0	40.0	0	33.333333333333336	0	66.66666666666667	0	0	0	0	0	0	0	0	0	0	0	5.0	100.0	3.2	0	0	20.0	40.0	40.0	0	0	6.0	8.4	12.0	2.918918918918919	12	1.5	2	50.0	50.0	0	0	50.0	50.0	100.0	0.0	0	2.380952380952381	4.761904761904762	0	4.761904761904762	0	0	0	16.666666666666668	2.380952380952381	0	2.380952380952381	0	0	11.904761904761905	0	0	4.761904761904762	7.142857142857143	7.142857142857143	4.761904761904762	0	2.380952380952381	4.761904761904762	9.523809523809524	0	9.523809523809524	2.380952380952381	2.380952380952381	20.0	80.0	100.0	0.0	2.5	0	50.0	50.0	0
spanish_clean_98.conllu	1	29	29.0	5.962962962962963	6.896551724137931	20.689655172413794	0	0	3.4482758620689653	17.24137931034483	31.03448275862069	3.4482758620689653	0	0	6.896551724137931	3.4482758620689653	6.896551724137931	0	0.48148148148148145	0	0	100.0	0	0	0	100.0	0	100.0	0	0	0	50.0	0	50.0	0	0	0	0	0	0	0	0	0	0	0	2.0	100.0	3.0	0	0	0	100.0	0	0	0	5.0	14.5	13.0	2.3846153846153846	13	1.0	4	100.0	0	0	0	0	0	100.0	0.0	0	0	3.4482758620689653	0	6.896551724137931	0	0	0	20.689655172413794	3.4482758620689653	0	3.4482758620689653	0	0	17.24137931034483	0	0	0	3.4482758620689653	13.793103448275861	6.896551724137931	0	3.4482758620689653	0	6.896551724137931	0	6.896551724137931	3.4482758620689653	0	50.0	50.0	100.0	0.0	1.0	100.0	0	0	0