Filename	n_sentences	n_tokens	tokens_per_sent	char_per_tok	upos_dist_ADJ	upos_dist_ADP	upos_dist_ADV	upos_dist_AUX	upos_dist_CCONJ	upos_dist_DET	upos_dist_NOUN	upos_dist_NUM	upos_dist_PRON	upos_dist_PROPN	upos_dist_PUNCT	upos_dist_SCONJ	upos_dist_VERB	upos_dist_X	lexical_density	verbs_tense_dist_Fut	verbs_tense_dist_Past	verbs_mood_dist_Imp	verbs_form_dist_Inf	verbs_form_dist_Part	aux_tense_dist_Fut	aux_tense_dist_Past	aux_form_dist_Inf	aux_form_dist_Part	verbal_head_per_sent	verbal_root_perc	avg_verb_edges	verb_edges_dist_0	verb_edges_dist_1	verb_edges_dist_2	verb_edges_dist_3	verb_edges_dist_4	verb_edges_dist_5	verb_edges_dist_6	avg_max_depth	avg_token_per_clause	avg_max_links_len	avg_links_len	max_links_len	avg_prepositional_chain_len	n_prepositional_chains	prep_dist_1	prep_dist_2	obj_pre	obj_post	subj_pre	subj_post	dep_dist_acl	dep_dist_acl:relcl	dep_dist_advcl	dep_dist_advmod	dep_dist_amod	dep_dist_appos	dep_dist_aux	dep_dist_case	dep_dist_case:acc	dep_dist_case:gen	dep_dist_cc	dep_dist_ccomp	dep_dist_compound:affix	dep_dist_compound:smixut	dep_dist_conj	dep_dist_cop	dep_dist_dep	dep_dist_det	dep_dist_det:def	dep_dist_fixed	dep_dist_flat:name	dep_dist_mark	dep_dist_mark:q	dep_dist_nmod	dep_dist_nmod:poss	dep_dist_nsubj	dep_dist_nsubj:cop	dep_dist_nummod	dep_dist_obj	dep_dist_obl	dep_dist_parataxis	dep_dist_punct	dep_dist_root	dep_dist_xcomp	principal_proposition_dist	subordinate_proposition_dist	subordinate_post	subordinate_pre	avg_subordinate_chain_len	subordinate_dist_1	subordinate_dist_2	subordinate_dist_3	subordinate_dist_4
hebrew_clean_1.conllu	1	15	15.0	3.769230769230769	0	6.666666666666667	6.666666666666667	0	13.333333333333334	20.0	33.333333333333336	0	6.666666666666667	0	13.333333333333334	0	0	0	0.46153846153846156	0	0	0	0	0	0	0	0	0	0.0	0.0	0	0	0	0	0	0	0	0	4.0	0	12.0	3.25	12	0	0	0	0	0	0	50.0	50.0	0	0	0	0	0	0	0	6.666666666666667	0	0	13.333333333333334	0	0	13.333333333333334	13.333333333333334	0	0	0	20.0	0	0	0	0	0	0	13.333333333333334	0	0	0	0	0	13.333333333333334	6.666666666666667	0	0	0	0	0	0	0	0	0	0
hebrew_clean_2.conllu	1	29	29.0	2.6296296296296298	3.4482758620689653	17.24137931034483	0	0	6.896551724137931	10.344827586206897	24.137931034482758	3.4482758620689653	10.344827586206897	0	6.896551724137931	6.896551724137931	10.344827586206897	0	0.4074074074074074	100.0	0	0	0	100.0	0	0	0	0	3.0	100.0	4.0	0	0	0	33.333333333333336	33.333333333333336	33.333333333333336	0	6.0	9.666666666666666	7.0	2.423076923076923	7	1.0	1	100.0	0	0	0	66.66666666666667	33.333333333333336	0	0	0	3.4482758620689653	3.4482758620689653	0	0	17.24137931034483	0	0	6.896551724137931	0	0	0	6.896551724137931	0	0	0	10.344827586206897	6.896551724137931	0	3.4482758620689653	0	6.896551724137931	0	10.344827586206897	0	3.4482758620689653	0	10.344827586206897	0	6.896551724137931	3.4482758620689653	0	50.0	50.0	100.0	0.0	1.0	100.0	0	0	0
hebrew_clean_3.conllu	1	18	18.0	3.9375	5.555555555555555	22.22222222222222	11.11111111111111	5.555555555555555	5.555555555555555	0	16.666666666666668	0	11.11111111111111	11.11111111111111	11.11111111111111	0	0	0	0.5	0	0	0	0	0	0	100.0	0	0	1.0	100.0	0	0	0	0	0	0	0	0	4.0	18.0	10.0	2.2666666666666666	10	0	0	0	0	0	0	100.0	0.0	0	0	0	16.666666666666668	0	0	0	11.11111111111111	0	11.11111111111111	5.555555555555555	0	0	0	5.555555555555555	5.555555555555555	0	0	0	0	0	0	0	5.555555555555555	11.11111111111111	5.555555555555555	0	0	0	5.555555555555555	0	11.11111111111111	5.555555555555555	0	100.0	0.0	0	0	0	0	0	0	0
hebrew_clean_4.conllu	1	13	13.0	3.8333333333333335	15.384615384615385	15.384615384615385	0	7.6923076923076925	0	7.6923076923076925	38.46153846153846	0	0	7.6923076923076925	7.6923076923076925	0	0	0	0.6666666666666666	0	0	0	0	0	0	100.0	0	0	1.0	100.0	0	0	0	0	0	0	0	0	3.0	13.0	4.0	1.9090909090909092	4	1.0	1	100.0	0	0.0	100.0	100.0	0.0	0	0	0	0	7.6923076923076925	0	0	15.384615384615385	0	0	0	0	0	7.6923076923076925	0	7.6923076923076925	0	0	7.6923076923076925	0	7.6923076923076925	0	0	7.6923076923076925	0	7.6923076923076925	0	0	7.6923076923076925	7.6923076923076925	0	7.6923076923076925	7.6923076923076925	0	100.0	0.0	0	0	0	0	0	0	0
hebrew_clean_5.conllu	1	18	18.0	2.9375	5.555555555555555	22.22222222222222	5.555555555555555	5.555555555555555	5.555555555555555	11.11111111111111	27.77777777777778	0	5.555555555555555	0	11.11111111111111	0	0	0	0.4375	0	0	0	0	0	0	100.0	0	0	1.0	100.0	0	0	0	0	0	0	0	0	3.0	18.0	5.0	2.066666666666667	5	1.5	2	50.0	50.0	0	0	100.0	0.0	0	0	0	5.555555555555555	5.555555555555555	0	0	22.22222222222222	0	0	5.555555555555555	0	0	0	5.555555555555555	5.555555555555555	0	0	11.11111111111111	0	0	0	0	16.666666666666668	0	5.555555555555555	0	0	0	0	0	11.11111111111111	5.555555555555555	0	100.0	0.0	0	0	0	0	0	0	0
hebrew_clean_6.conllu	1	28	28.0	4.083333333333333	7.142857142857143	21.428571428571427	3.5714285714285716	0	7.142857142857143	7.142857142857143	25.0	7.142857142857143	0	3.5714285714285716	14.285714285714286	0	3.5714285714285716	0	0.5	0	0	0	0	100.0	0	0	0	0	1.0	0.0	3.0	0	0	0	100.0	0	0	0	7.0	28.0	7.0	2.130434782608696	7	1.0	2	100.0	0	0.0	100.0	0	0	3.5714285714285716	0	0	3.5714285714285716	3.5714285714285716	0	0	21.428571428571427	0	3.5714285714285716	3.5714285714285716	0	0	3.5714285714285716	3.5714285714285716	0	0	0	7.142857142857143	0	0	0	0	7.142857142857143	3.5714285714285716	0	0	3.5714285714285716	3.5714285714285716	10.714285714285714	0	14.285714285714286	3.5714285714285716	0	0.0	100.0	100.0	0.0	1.0	100.0	0	0	0
hebrew_clean_7.conllu	1	22	22.0	4.111111111111111	4.545454545454546	13.636363636363637	4.545454545454546	0	0	4.545454545454546	36.36363636363637	0	0	4.545454545454546	18.181818181818183	0	13.636363636363637	0	0.7777777777777778	0	100.0	0	100.0	0	0	0	0	0	3.0	100.0	2.0	0	33.333333333333336	33.333333333333336	33.333333333333336	0	0	0	5.0	7.333333333333333	11.0	2.411764705882353	11	0	0	0	0	0.0	100.0	100.0	0.0	0	0	0	4.545454545454546	4.545454545454546	4.545454545454546	0	13.636363636363637	0	0	0	0	0	9.090909090909092	4.545454545454546	0	0	0	4.545454545454546	0	4.545454545454546	0	0	0	0	4.545454545454546	0	0	4.545454545454546	9.090909090909092	4.545454545454546	18.181818181818183	4.545454545454546	4.545454545454546	50.0	50.0	100.0	0.0	1.0	100.0	0	0	0
hebrew_clean_8.conllu	1	19	19.0	3.6470588235294117	5.2631578947368425	15.789473684210526	5.2631578947368425	5.2631578947368425	5.2631578947368425	5.2631578947368425	15.789473684210526	0	15.789473684210526	10.526315789473685	10.526315789473685	0	5.2631578947368425	0	0.47058823529411764	0	100.0	0	0	0	0	100.0	0	0	2.0	100.0	4.0	0	0	0	0	100.0	0	0	4.0	9.5	9.0	2.25	9	0	0	0	0	0.0	100.0	100.0	0.0	0	0	0	5.2631578947368425	5.2631578947368425	0	0	5.2631578947368425	5.2631578947368425	5.2631578947368425	5.2631578947368425	0	0	10.526315789473685	5.2631578947368425	5.2631578947368425	0	0	5.2631578947368425	0	5.2631578947368425	0	0	0	5.2631578947368425	5.2631578947368425	0	0	5.2631578947368425	5.2631578947368425	0	10.526315789473685	5.2631578947368425	0	100.0	0.0	0	0	0	0	0	0	0
hebrew_clean_9.conllu	1	21	21.0	3.9444444444444446	4.761904761904762	9.523809523809524	0	0	14.285714285714286	14.285714285714286	28.571428571428573	0	0	9.523809523809524	14.285714285714286	0	4.761904761904762	0	0.5555555555555556	0	100.0	0	0	0	0	0	0	0	1.0	100.0	4.0	0	0	0	0	100.0	0	0	5.0	21.0	15.0	2.764705882352941	15	0	0	0	0	0.0	100.0	0.0	100.0	0	0	0	0	4.761904761904762	0	0	4.761904761904762	4.761904761904762	0	9.523809523809524	0	0	9.523809523809524	14.285714285714286	0	0	0	14.285714285714286	0	0	4.761904761904762	0	0	0	4.761904761904762	0	0	4.761904761904762	4.761904761904762	0	14.285714285714286	4.761904761904762	0	100.0	0.0	0	0	0	0	0	0	0
hebrew_clean_10.conllu	1	18	18.0	3.5	5.555555555555555	11.11111111111111	5.555555555555555	11.11111111111111	0	5.555555555555555	22.22222222222222	0	11.11111111111111	0	11.11111111111111	5.555555555555555	11.11111111111111	0	0.5	0	100.0	0	0	100.0	0	100.0	0	0	2.0	100.0	1.5	0	50.0	50.0	0	0	0	0	4.0	9.0	5.0	1.9333333333333333	5	0	0	0	0	0	0	100.0	0.0	0	0	0	5.555555555555555	0	0	0	11.11111111111111	0	0	0	5.555555555555555	0	11.11111111111111	5.555555555555555	5.555555555555555	0	0	5.555555555555555	0	0	5.555555555555555	0	0	0	11.11111111111111	0	0	0	16.666666666666668	0	11.11111111111111	5.555555555555555	0	50.0	50.0	100.0	0.0	1.0	100.0	0	0	0
hebrew_clean_11.conllu	1	20	20.0	3.6875	5.0	10.0	10.0	5.0	0	0	25.0	5.0	5.0	0	20.0	5.0	10.0	0	0.625	0	0	0	0	100.0	0	100.0	0	0	3.0	100.0	2.0	0	0	100.0	0	0	0	0	5.0	6.666666666666667	9.0	2.1333333333333333	9	1.0	1	100.0	0	0.0	100.0	100.0	0.0	0	5.0	0	5.0	0	0	0	10.0	0	0	0	0	0	10.0	5.0	5.0	0	0	0	0	0	5.0	0	5.0	0	10.0	0	5.0	5.0	5.0	0	20.0	5.0	0	50.0	50.0	0.0	100.0	1.0	100.0	0	0	0
hebrew_clean_12.conllu	1	36	36.0	3.4545454545454546	5.555555555555555	13.88888888888889	8.333333333333334	0	5.555555555555555	13.88888888888889	27.77777777777778	0	5.555555555555555	0	8.333333333333334	0	11.11111111111111	0	0.5757575757575758	0	100.0	100.0	50.0	50.0	0	0	0	0	4.0	100.0	2.5	0	0	50.0	50.0	0	0	0	9.0	9.0	10.0	2.375	10	1.0	2	100.0	0	0.0	100.0	100.0	0.0	0	0	0	8.333333333333334	5.555555555555555	0	0	13.88888888888889	0	0	5.555555555555555	0	0	8.333333333333334	5.555555555555555	0	0	5.555555555555555	11.11111111111111	0	0	0	0	8.333333333333334	0	2.7777777777777777	0	0	2.7777777777777777	8.333333333333334	0	8.333333333333334	2.7777777777777777	2.7777777777777777	33.333333333333336	66.66666666666667	100.0	0.0	1.0	100.0	0	0	0
hebrew_clean_13.conllu	1	31	31.0	3.642857142857143	9.67741935483871	9.67741935483871	0	0	3.225806451612903	12.903225806451612	38.70967741935484	3.225806451612903	0	3.225806451612903	9.67741935483871	0	9.67741935483871	0	0.6785714285714286	0	100.0	0	0	100.0	0	0	0	0	3.0	100.0	3.0	0	0	33.333333333333336	33.333333333333336	33.333333333333336	0	0	5.0	10.333333333333334	22.0	2.8518518518518516	22	0	0	0	0	0	0	100.0	0.0	0	0	0	0	9.67741935483871	0	0	9.67741935483871	0	0	3.225806451612903	0	0	19.35483870967742	6.451612903225806	0	0	0	12.903225806451612	3.225806451612903	0	0	0	0	0	9.67741935483871	0	3.225806451612903	0	9.67741935483871	0	9.67741935483871	3.225806451612903	0	100.0	0.0	0	0	0	0	0	0	0
hebrew_clean_14.conllu	1	17	17.0	3.357142857142857	0	23.529411764705884	5.882352941176471	0	0	11.764705882352942	29.41176470588235	0	0	5.882352941176471	17.647058823529413	0	5.882352941176471	0	0.5714285714285714	0	0	0	0	100.0	0	0	0	0	1.0	100.0	6.0	0	0	0	0	0	0	100.0	3.0	17.0	6.0	2.4615384615384617	6	1.0	1	100.0	0	0.0	100.0	0.0	100.0	0	0	0	5.882352941176471	0	0	0	17.647058823529413	5.882352941176471	0	0	0	0	11.764705882352942	0	0	0	0	11.764705882352942	0	0	0	0	5.882352941176471	0	5.882352941176471	0	0	5.882352941176471	5.882352941176471	0	17.647058823529413	5.882352941176471	0	100.0	0.0	0	0	0	0	0	0	0
hebrew_clean_15.conllu	1	11	11.0	3.3	0	27.272727272727273	0	0	9.090909090909092	9.090909090909092	27.272727272727273	0	9.090909090909092	0	9.090909090909092	0	9.090909090909092	0	0.4	0	0	0	0	0	0	0	0	0	1.0	100.0	1.0	0	100.0	0	0	0	0	0	4.0	11.0	5.0	2.0	5	1.0	1	100.0	0	0	0	0.0	100.0	0	0	0	0	0	0	0	9.090909090909092	0	18.181818181818183	0	0	0	0	0	0	0	0	9.090909090909092	9.090909090909092	0	0	0	9.090909090909092	18.181818181818183	9.090909090909092	0	0	0	0	0	9.090909090909092	9.090909090909092	0	100.0	0.0	0	0	0	0	0	0	0
hebrew_clean_16.conllu	1	18	18.0	4.6875	5.555555555555555	11.11111111111111	0	0	0	0	38.888888888888886	5.555555555555555	0	5.555555555555555	11.11111111111111	5.555555555555555	5.555555555555555	11.11111111111111	0.625	0	100.0	0	0	0	0	0	0	0	1.0	100.0	3.0	0	0	0	100.0	0	0	0	5.0	18.0	6.0	1.8	6	1.0	1	100.0	0	0	0	100.0	0.0	0	0	0	0	5.555555555555555	5.555555555555555	0	11.11111111111111	0	5.555555555555555	0	0	0	11.11111111111111	0	0	11.11111111111111	0	0	0	0	0	0	11.11111111111111	5.555555555555555	5.555555555555555	0	5.555555555555555	0	5.555555555555555	0	11.11111111111111	5.555555555555555	0	100.0	0.0	0	0	0	0	0	0	0
hebrew_clean_17.conllu	1	37	37.0	3.5	2.7027027027027026	18.91891891891892	0	0	5.405405405405405	10.81081081081081	29.72972972972973	5.405405405405405	0	2.7027027027027026	8.108108108108109	0	16.216216216216218	0	0.5588235294117647	0	100.0	0	66.66666666666667	33.333333333333336	0	0	0	0	6.0	100.0	2.5	0	16.666666666666668	33.333333333333336	33.333333333333336	16.666666666666668	0	0	5.0	6.166666666666667	12.0	2.606060606060606	12	1.0	1	100.0	0	0.0	100.0	50.0	50.0	0	0	5.405405405405405	0	2.7027027027027026	0	0	13.513513513513514	5.405405405405405	0	5.405405405405405	0	0	10.81081081081081	5.405405405405405	0	0	0	10.81081081081081	0	0	0	0	2.7027027027027026	0	5.405405405405405	0	5.405405405405405	10.81081081081081	5.405405405405405	0	8.108108108108109	2.7027027027027026	0	25.0	75.0	66.66666666666667	33.333333333333336	1.0	100.0	0	0	0
hebrew_clean_18.conllu	1	46	46.0	3.2857142857142856	4.3478260869565215	21.73913043478261	2.1739130434782608	0	4.3478260869565215	2.1739130434782608	30.434782608695652	2.1739130434782608	8.695652173913043	4.3478260869565215	8.695652173913043	2.1739130434782608	8.695652173913043	0	0.5476190476190477	0	100.0	0	100.0	0	0	0	0	0	4.0	0.0	2.75	0	25.0	25.0	0	50.0	0	0	10.0	11.5	12.0	2.317073170731707	12	1.0	1	100.0	0	0.0	100.0	100.0	0.0	4.3478260869565215	2.1739130434782608	0	2.1739130434782608	4.3478260869565215	0	0	8.695652173913043	8.695652173913043	4.3478260869565215	4.3478260869565215	0	0	8.695652173913043	4.3478260869565215	0	0	0	2.1739130434782608	2.1739130434782608	0	2.1739130434782608	0	6.521739130434782	4.3478260869565215	2.1739130434782608	0	2.1739130434782608	10.869565217391305	4.3478260869565215	0	8.695652173913043	2.1739130434782608	0	0.0	100.0	100.0	0.0	1.0	100.0	0	0	0
hebrew_clean_19.conllu	1	46	46.0	4.093023255813954	13.043478260869565	21.73913043478261	2.1739130434782608	0	0	4.3478260869565215	34.78260869565217	2.1739130434782608	4.3478260869565215	0	6.521739130434782	2.1739130434782608	8.695652173913043	0	0.627906976744186	0	100.0	0	0	100.0	0	0	0	0	4.0	100.0	3.25	0	0	50.0	0	25.0	25.0	0	10.0	11.5	12.0	2.5952380952380953	12	1.0	2	100.0	0	0.0	100.0	100.0	0.0	2.1739130434782608	0	0	2.1739130434782608	10.869565217391305	0	0	15.217391304347826	2.1739130434782608	4.3478260869565215	0	2.1739130434782608	0	8.695652173913043	0	0	0	0	4.3478260869565215	0	2.1739130434782608	2.1739130434782608	0	4.3478260869565215	4.3478260869565215	6.521739130434782	0	2.1739130434782608	4.3478260869565215	10.869565217391305	0	6.521739130434782	2.1739130434782608	2.1739130434782608	25.0	75.0	100.0	0.0	1.5	50.0	50.0	0	0
hebrew_clean_20.conllu	1	30	30.0	4.25	6.666666666666667	13.333333333333334	3.3333333333333335	0	3.3333333333333335	6.666666666666667	36.666666666666664	0	0	0	6.666666666666667	3.3333333333333335	20.0	0	0.7142857142857143	0	100.0	100.0	50.0	50.0	0	0	0	0	6.0	100.0	1.8333333333333333	0	33.333333333333336	50.0	16.666666666666668	0	0	0	10.0	5.0	5.0	1.8148148148148149	5	1.0	1	100.0	0	0	0	100.0	0.0	3.3333333333333335	3.3333333333333335	3.3333333333333335	3.3333333333333335	6.666666666666667	0	0	13.333333333333334	0	0	0	0	0	16.666666666666668	0	0	3.3333333333333335	0	6.666666666666667	0	0	3.3333333333333335	0	3.3333333333333335	0	3.3333333333333335	0	0	0	10.0	0	6.666666666666667	3.3333333333333335	10.0	16.666666666666668	83.33333333333333	100.0	0.0	2.5	50.0	0	0	50.0
hebrew_clean_21.conllu	1	24	24.0	2.95	4.166666666666667	8.333333333333334	8.333333333333334	4.166666666666667	4.166666666666667	16.666666666666668	29.166666666666668	0	0	4.166666666666667	16.666666666666668	0	4.166666666666667	0	0.6	0	0	0	100.0	0	0	0	0	100.0	1.0	100.0	1.0	0	100.0	0	0	0	0	0	4.0	24.0	8.0	2.0	8	0	0	0	0	0.0	100.0	100.0	0.0	0	0	0	8.333333333333334	4.166666666666667	4.166666666666667	4.166666666666667	4.166666666666667	0	0	4.166666666666667	0	0	4.166666666666667	4.166666666666667	0	0	0	16.666666666666668	8.333333333333334	0	0	0	4.166666666666667	0	4.166666666666667	0	0	4.166666666666667	4.166666666666667	0	16.666666666666668	4.166666666666667	0	100.0	0.0	0	0	0	0	0	0	0
hebrew_clean_22.conllu	1	18	18.0	3.9375	5.555555555555555	22.22222222222222	0	5.555555555555555	0	11.11111111111111	44.44444444444444	0	0	0	11.11111111111111	0	0	0	0.5625	0	0	0	0	0	0	0	0	100.0	1.0	100.0	0	0	0	0	0	0	0	0	4.0	18.0	6.0	2.2666666666666666	6	1.3333333333333333	3	66.66666666666667	33.333333333333336	0	0	100.0	0.0	0	0	0	0	5.555555555555555	0	0	22.22222222222222	0	0	0	0	0	5.555555555555555	0	5.555555555555555	0	0	11.11111111111111	5.555555555555555	0	0	0	22.22222222222222	0	0	5.555555555555555	0	0	0	0	11.11111111111111	5.555555555555555	0	100.0	0.0	0	0	0	0	0	0	0
hebrew_clean_23.conllu	1	13	13.0	4.666666666666667	15.384615384615385	15.384615384615385	0	0	0	0	53.84615384615385	0	0	0	7.6923076923076925	0	7.6923076923076925	0	0.8333333333333334	0	0	0	0	100.0	0	0	0	0	1.0	100.0	2.0	0	0	100.0	0	0	0	0	4.0	13.0	4.0	1.6363636363636365	4	1.0	1	100.0	0	0	0	100.0	0.0	7.6923076923076925	0	0	0	15.384615384615385	0	0	15.384615384615385	0	0	0	0	0	15.384615384615385	0	0	0	0	0	7.6923076923076925	0	0	0	7.6923076923076925	0	7.6923076923076925	0	0	0	7.6923076923076925	0	7.6923076923076925	7.6923076923076925	0	100.0	0.0	0	0	0	0	0	0	0
hebrew_clean_24.conllu	1	33	33.0	3.6333333333333333	12.121212121212121	15.151515151515152	3.0303030303030303	0	3.0303030303030303	18.181818181818183	27.272727272727273	0	0	3.0303030303030303	9.090909090909092	0	9.090909090909092	0	0.6	0	100.0	0	0	100.0	0	0	0	0	3.0	100.0	2.3333333333333335	33.333333333333336	0	33.333333333333336	0	0	33.333333333333336	0	6.0	11.0	9.0	2.2758620689655173	9	1.0	2	100.0	0	0	0	50.0	50.0	0	0	0	3.0303030303030303	12.121212121212121	0	0	18.181818181818183	0	0	3.0303030303030303	0	0	3.0303030303030303	3.0303030303030303	0	0	3.0303030303030303	15.151515151515152	3.0303030303030303	0	0	0	9.090909090909092	0	6.0606060606060606	0	0	0	9.090909090909092	0	9.090909090909092	3.0303030303030303	0	50.0	50.0	100.0	0.0	1.0	100.0	0	0	0
hebrew_clean_25.conllu	1	22	22.0	4.45	22.727272727272727	27.272727272727273	0	0	0	0	22.727272727272727	0	0	0	9.090909090909092	4.545454545454546	13.636363636363637	0	0.65	0	0	0	33.333333333333336	66.66666666666667	0	0	0	0	3.0	0.0	2.3333333333333335	0	0	66.66666666666667	33.333333333333336	0	0	0	6.0	7.333333333333333	5.0	1.7894736842105263	5	0	0	0	0	0.0	100.0	0	0	0	4.545454545454546	4.545454545454546	0	18.181818181818183	0	0	18.181818181818183	4.545454545454546	0	0	0	0	4.545454545454546	0	0	0	0	0	9.090909090909092	0	4.545454545454546	0	0	0	0	0	0	9.090909090909092	9.090909090909092	0	9.090909090909092	4.545454545454546	0	0.0	100.0	100.0	0.0	1.5	50.0	50.0	0	0
hebrew_clean_26.conllu	1	23	23.0	4.526315789473684	4.3478260869565215	13.043478260869565	4.3478260869565215	4.3478260869565215	0	4.3478260869565215	30.434782608695652	0	8.695652173913043	8.695652173913043	17.391304347826086	0	4.3478260869565215	0	0.631578947368421	0	0	0	0	100.0	0	0	0	100.0	1.0	0.0	2.0	0	0	100.0	0	0	0	0	5.0	23.0	8.0	2.1666666666666665	8	1.0	1	100.0	0	0	0	100.0	0.0	0	0	0	8.695652173913043	4.3478260869565215	0	0	8.695652173913043	0	4.3478260869565215	0	0	0	8.695652173913043	4.3478260869565215	0	0	4.3478260869565215	4.3478260869565215	0	8.695652173913043	0	0	4.3478260869565215	4.3478260869565215	8.695652173913043	0	0	0	4.3478260869565215	0	17.391304347826086	4.3478260869565215	0	0	0	0	0	0	0	0	0	0
hebrew_clean_27.conllu	1	32	32.0	4.379310344827586	9.375	25.0	3.125	3.125	0	9.375	31.25	0	3.125	0	9.375	0	6.25	0	0.5517241379310345	0	100.0	0	0	100.0	0	0	0	0	2.0	100.0	3.0	0	0	0	100.0	0	0	0	7.0	16.0	9.0	2.4642857142857144	9	1.0	1	100.0	0	0	0	50.0	50.0	3.125	0	0	3.125	9.375	0	0	18.75	0	6.25	0	0	0	3.125	3.125	0	0	0	9.375	0	0	0	0	3.125	6.25	6.25	0	0	0	15.625	0	9.375	3.125	0	50.0	50.0	100.0	0.0	1.0	100.0	0	0	0
hebrew_clean_28.conllu	1	21	21.0	3.6842105263157894	9.523809523809524	19.047619047619047	0	0	4.761904761904762	9.523809523809524	38.095238095238095	0	0	0	9.523809523809524	0	9.523809523809524	0	0.631578947368421	0	100.0	0	100.0	0	0	0	0	0	2.0	100.0	2.0	0	0	100.0	0	0	0	0	5.0	10.5	8.0	2.1666666666666665	8	2.0	1	0	100.0	0.0	100.0	100.0	0.0	0	0	0	0	9.523809523809524	4.761904761904762	0	14.285714285714286	4.761904761904762	0	4.761904761904762	0	0	4.761904761904762	4.761904761904762	0	0	0	9.523809523809524	0	0	0	0	9.523809523809524	0	4.761904761904762	0	0	4.761904761904762	4.761904761904762	0	9.523809523809524	4.761904761904762	4.761904761904762	50.0	50.0	100.0	0.0	1.0	100.0	0	0	0
hebrew_clean_29.conllu	1	42	42.0	3.6052631578947367	7.142857142857143	16.666666666666668	0	2.380952380952381	2.380952380952381	19.047619047619047	35.714285714285715	0	2.380952380952381	0	9.523809523809524	0	4.761904761904762	0	0.5263157894736842	0	100.0	0	100.0	0	0	0	0	100.0	2.0	100.0	4.5	0	0	0	0	50.0	50.0	0	5.0	21.0	20.0	2.5675675675675675	20	1.25	4	75.0	25.0	0.0	100.0	100.0	0.0	0	0	0	0	7.142857142857143	0	0	16.666666666666668	0	0	2.380952380952381	0	0	2.380952380952381	4.761904761904762	2.380952380952381	0	4.761904761904762	16.666666666666668	2.380952380952381	0	0	0	11.904761904761905	0	7.142857142857143	0	0	2.380952380952381	7.142857142857143	0	9.523809523809524	2.380952380952381	0	100.0	0.0	0	0	0	0	0	0	0
hebrew_clean_30.conllu	1	24	24.0	3.4782608695652173	0	20.833333333333332	8.333333333333334	0	4.166666666666667	12.5	33.333333333333336	0	4.166666666666667	4.166666666666667	4.166666666666667	4.166666666666667	4.166666666666667	0	0.5217391304347826	0	100.0	0	0	0	0	0	0	0	1.0	100.0	3.0	0	0	0	100.0	0	0	0	5.0	24.0	14.0	2.909090909090909	14	1.5	2	50.0	50.0	0	0	100.0	0.0	0	0	0	4.166666666666667	4.166666666666667	0	0	12.5	4.166666666666667	4.166666666666667	0	4.166666666666667	0	8.333333333333334	0	0	0	0	12.5	8.333333333333334	0	4.166666666666667	0	12.5	4.166666666666667	8.333333333333334	0	0	0	0	0	4.166666666666667	4.166666666666667	0	100.0	0.0	0	0	0	0	0	0	0
hebrew_clean_31.conllu	1	20	20.0	2.736842105263158	0	15.0	0	0	0	25.0	15.0	10.0	5.0	0	5.0	10.0	15.0	0	0.3157894736842105	0	100.0	0	0	100.0	0	0	0	0	3.0	0.0	3.0	0	33.333333333333336	0	33.333333333333336	0	33.333333333333336	0	5.0	6.666666666666667	7.0	2.3333333333333335	7	0	0	0	0	0	0	100.0	0.0	0	5.0	0	0	5.0	0	0	10.0	0	0	0	5.0	0	0	0	0	0	0	25.0	5.0	0	15.0	0	0	0	10.0	0	0	0	10.0	0	5.0	5.0	0	0.0	100.0	100.0	0.0	3.0	0	0	100.0	0
hebrew_clean_32.conllu	1	17	17.0	3.375	11.764705882352942	5.882352941176471	5.882352941176471	0	5.882352941176471	17.647058823529413	23.529411764705884	0	5.882352941176471	0	5.882352941176471	0	17.647058823529413	0	0.625	0	0	0	33.333333333333336	66.66666666666667	0	0	0	0	3.0	100.0	2.0	0	33.333333333333336	33.333333333333336	33.333333333333336	0	0	0	5.0	5.666666666666667	5.0	1.7333333333333334	5	1.0	1	100.0	0	0.0	100.0	100.0	0.0	0	0	0	5.882352941176471	11.764705882352942	0	0	5.882352941176471	0	0	5.882352941176471	0	0	5.882352941176471	5.882352941176471	0	0	0	17.647058823529413	0	0	0	0	5.882352941176471	0	5.882352941176471	0	0	5.882352941176471	5.882352941176471	0	5.882352941176471	5.882352941176471	5.882352941176471	50.0	50.0	100.0	0.0	1.0	100.0	0	0	0
hebrew_clean_33.conllu	1	32	32.0	3.7241379310344827	6.25	15.625	3.125	0	3.125	12.5	25.0	3.125	9.375	6.25	9.375	0	6.25	0	0.5172413793103449	0	0	0	0	100.0	0	0	0	0	2.0	100.0	3.5	0	0	0	50.0	50.0	0	0	5.0	16.0	17.0	2.5	17	1.5	2	50.0	50.0	0.0	100.0	100.0	0.0	3.125	0	0	0	6.25	0	0	15.625	0	0	3.125	0	3.125	6.25	3.125	0	3.125	3.125	9.375	0	0	0	0	9.375	0	9.375	0	3.125	3.125	6.25	0	9.375	3.125	0	50.0	50.0	100.0	0.0	1.0	100.0	0	0	0
hebrew_clean_34.conllu	1	32	32.0	3.3666666666666667	9.375	21.875	6.25	0	0	9.375	25.0	6.25	3.125	0	6.25	6.25	6.25	0	0.5	0	100.0	0	0	100.0	0	0	0	0	2.0	0.0	4.0	0	0	0	50.0	0	50.0	0	8.0	16.0	14.0	2.1379310344827585	14	1.0	2	100.0	0	0	0	100.0	0.0	0	6.25	0	6.25	9.375	0	0	18.75	0	3.125	0	0	0	6.25	0	0	0	0	9.375	0	0	6.25	0	6.25	3.125	3.125	0	0	0	12.5	0	6.25	3.125	0	0.0	100.0	100.0	0.0	1.0	100.0	0	0	0
hebrew_clean_35.conllu	1	33	33.0	2.966666666666667	3.0303030303030303	21.21212121212121	3.0303030303030303	0	3.0303030303030303	12.121212121212121	30.303030303030305	0	12.121212121212121	0	9.090909090909092	3.0303030303030303	3.0303030303030303	0	0.43333333333333335	0	100.0	0	0	0	0	0	0	0	1.0	0.0	2.0	0	0	100.0	0	0	0	0	5.0	33.0	14.0	2.6551724137931036	14	1.0	2	100.0	0	0	0	100.0	0.0	0	3.0303030303030303	0	0	3.0303030303030303	0	0	9.090909090909092	0	12.121212121212121	3.0303030303030303	0	0	6.0606060606060606	6.0606060606060606	0	0	3.0303030303030303	12.121212121212121	0	0	3.0303030303030303	0	6.0606060606060606	12.121212121212121	3.0303030303030303	3.0303030303030303	0	0	3.0303030303030303	0	9.090909090909092	3.0303030303030303	0	0.0	100.0	0.0	100.0	1.0	100.0	0	0	0
hebrew_clean_36.conllu	1	14	14.0	3.0	14.285714285714286	7.142857142857143	0	0	0	7.142857142857143	42.857142857142854	7.142857142857143	0	14.285714285714286	7.142857142857143	0	0	0	0.7692307692307693	0	0	0	0	0	0	0	0	0	0.0	0.0	0	0	0	0	0	0	0	0	5.0	0	2.0	1.4166666666666667	2	1.0	1	100.0	0	0	0	100.0	0.0	7.142857142857143	0	0	0	14.285714285714286	7.142857142857143	0	7.142857142857143	0	0	0	0	0	7.142857142857143	0	0	0	0	7.142857142857143	0	14.285714285714286	0	0	7.142857142857143	0	7.142857142857143	0	7.142857142857143	0	0	0	7.142857142857143	7.142857142857143	0	0	0	0	0	0	0	0	0	0
hebrew_clean_37.conllu	1	27	27.0	3.8333333333333335	11.11111111111111	22.22222222222222	0	0	3.7037037037037037	3.7037037037037037	29.62962962962963	3.7037037037037037	11.11111111111111	0	11.11111111111111	0	3.7037037037037037	0	0.5	0	100.0	0	0	0	0	0	0	0	1.0	100.0	2.0	0	0	100.0	0	0	0	0	5.0	27.0	11.0	2.3043478260869565	11	1.0	1	100.0	0	0	0	0	0	0	0	0	0	11.11111111111111	3.7037037037037037	0	11.11111111111111	0	11.11111111111111	3.7037037037037037	0	0	3.7037037037037037	7.407407407407407	0	0	0	3.7037037037037037	0	0	0	0	3.7037037037037037	14.814814814814815	0	0	3.7037037037037037	0	7.407407407407407	0	11.11111111111111	3.7037037037037037	0	100.0	0.0	0	0	0	0	0	0	0
hebrew_clean_38.conllu	1	17	17.0	3.1333333333333333	11.764705882352942	11.764705882352942	5.882352941176471	5.882352941176471	5.882352941176471	11.764705882352942	17.647058823529413	0	5.882352941176471	5.882352941176471	11.764705882352942	0	5.882352941176471	0	0.5333333333333333	0	100.0	0	0	0	0	100.0	0	0	2.0	100.0	4.0	0	0	0	0	100.0	0	0	3.0	8.5	8.0	2.0714285714285716	8	0	0	0	0	0.0	100.0	100.0	0.0	0	0	0	5.882352941176471	5.882352941176471	0	0	11.764705882352942	0	0	5.882352941176471	0	0	0	5.882352941176471	5.882352941176471	0	0	11.764705882352942	0	0	0	0	0	0	11.764705882352942	0	0	5.882352941176471	11.764705882352942	0	11.764705882352942	5.882352941176471	0	100.0	0.0	0	0	0	0	0	0	0
hebrew_clean_39.conllu	1	43	43.0	3.6341463414634148	9.30232558139535	13.953488372093023	2.3255813953488373	2.3255813953488373	4.651162790697675	11.627906976744185	23.25581395348837	0	4.651162790697675	2.3255813953488373	4.651162790697675	6.976744186046512	13.953488372093023	0	0.5365853658536586	25.0	75.0	0	50.0	50.0	0	100.0	0	0	6.0	100.0	2.1666666666666665	0	33.333333333333336	33.333333333333336	16.666666666666668	16.666666666666668	0	0	8.0	7.166666666666667	16.0	2.775	16	0	0	0	0	0.0	100.0	50.0	50.0	0	0	4.651162790697675	2.3255813953488373	6.976744186046512	4.651162790697675	0	4.651162790697675	0	9.30232558139535	2.3255813953488373	2.3255813953488373	0	2.3255813953488373	4.651162790697675	0	0	0	11.627906976744185	2.3255813953488373	0	6.976744186046512	0	0	9.30232558139535	9.30232558139535	0	0	2.3255813953488373	4.651162790697675	0	4.651162790697675	2.3255813953488373	2.3255813953488373	25.0	75.0	100.0	0.0	1.0	100.0	0	0	0
hebrew_clean_40.conllu	1	32	32.0	3.9310344827586206	12.5	15.625	3.125	0	0	9.375	31.25	0	6.25	0	9.375	3.125	9.375	0	0.6206896551724138	0	100.0	0	0	100.0	0	0	0	0	3.0	100.0	3.0	0	0	33.333333333333336	33.333333333333336	33.333333333333336	0	0	7.0	10.666666666666666	7.0	1.8928571428571428	7	1.0	1	100.0	0	0.0	100.0	100.0	0.0	0	3.125	3.125	3.125	12.5	0	0	9.375	3.125	3.125	0	0	0	9.375	0	0	0	0	9.375	3.125	0	3.125	0	3.125	3.125	3.125	0	0	9.375	6.25	0	9.375	3.125	0	33.333333333333336	66.66666666666667	50.0	50.0	1.0	100.0	0	0	0
hebrew_clean_41.conllu	1	16	16.0	3.8	12.5	6.25	0	6.25	0	18.75	31.25	0	0	12.5	6.25	0	6.25	0	0.6666666666666666	0	100.0	0	0	0	0	0	0	100.0	2.0	100.0	1.0	0	100.0	0	0	0	0	0	5.0	8.0	7.0	1.7857142857142858	7	1.0	1	100.0	0	0	0	100.0	0.0	6.25	0	0	0	12.5	0	0	6.25	0	0	0	0	0	12.5	0	6.25	6.25	6.25	12.5	0	6.25	0	0	6.25	0	0	6.25	0	0	0	0	6.25	6.25	0	50.0	50.0	100.0	0.0	1.0	100.0	0	0	0
hebrew_clean_42.conllu	1	25	25.0	3.0	0	16.0	4.0	0	4.0	16.0	36.0	0	8.0	0	8.0	0	8.0	0	0.5217391304347826	100.0	0	0	0	100.0	0	0	0	0	2.0	100.0	3.0	0	0	0	100.0	0	0	0	7.0	12.5	11.0	2.0454545454545454	11	1.0	2	100.0	0	0	0	100.0	0.0	0	0	0	4.0	4.0	0	0	16.0	0	0	4.0	0	0	8.0	4.0	0	0	4.0	16.0	4.0	0	0	0	8.0	0	8.0	0	0	0	8.0	0	8.0	4.0	0	100.0	0.0	0	0	0	0	0	0	0
hebrew_clean_43.conllu	1	18	18.0	3.3529411764705883	11.11111111111111	16.666666666666668	5.555555555555555	0	0	22.22222222222222	27.77777777777778	5.555555555555555	0	0	5.555555555555555	0	5.555555555555555	0	0.5294117647058824	0	100.0	0	0	0	0	0	0	0	1.0	100.0	3.0	0	0	0	100.0	0	0	0	4.0	18.0	12.0	2.375	12	0	0	0	0	0	0	0	0	0	0	0	5.555555555555555	11.11111111111111	0	0	11.11111111111111	0	5.555555555555555	0	0	0	11.11111111111111	0	0	0	0	22.22222222222222	5.555555555555555	0	0	0	5.555555555555555	0	0	0	0	0	11.11111111111111	0	5.555555555555555	5.555555555555555	0	100.0	0.0	0	0	0	0	0	0	0
hebrew_clean_44.conllu	1	23	23.0	3.857142857142857	8.695652173913043	17.391304347826086	4.3478260869565215	0	0	4.3478260869565215	34.78260869565217	4.3478260869565215	0	4.3478260869565215	8.695652173913043	0	8.695652173913043	4.3478260869565215	0.6666666666666666	0	0	0	0	100.0	0	0	0	0	2.0	100.0	4.0	0	0	0	0	100.0	0	0	5.0	11.5	6.0	2.25	6	1.0	1	100.0	0	0.0	100.0	100.0	0.0	0	4.3478260869565215	0	0	13.043478260869565	0	0	17.391304347826086	0	0	0	0	0	4.3478260869565215	0	0	0	0	4.3478260869565215	4.3478260869565215	0	4.3478260869565215	0	4.3478260869565215	0	8.695652173913043	0	0	8.695652173913043	13.043478260869565	0	8.695652173913043	4.3478260869565215	0	50.0	50.0	100.0	0.0	1.0	100.0	0	0	0
hebrew_clean_45.conllu	1	49	49.0	3.369565217391304	2.0408163265306123	18.367346938775512	4.081632653061225	2.0408163265306123	2.0408163265306123	16.3265306122449	34.69387755102041	0	2.0408163265306123	0	6.122448979591836	4.081632653061225	8.16326530612245	0	0.5217391304347826	0	100.0	0	66.66666666666667	33.333333333333336	0	0	0	100.0	4.0	100.0	2.25	0	0	33.333333333333336	33.333333333333336	33.333333333333336	0	0	5.0	12.25	24.0	3.2444444444444445	24	1.0	1	100.0	0	0.0	100.0	100.0	0.0	0	2.0408163265306123	2.0408163265306123	2.0408163265306123	2.0408163265306123	0	0	8.16326530612245	4.081632653061225	4.081632653061225	2.0408163265306123	0	0	8.16326530612245	2.0408163265306123	2.0408163265306123	0	6.122448979591836	14.285714285714286	4.081632653061225	0	4.081632653061225	0	2.0408163265306123	4.081632653061225	2.0408163265306123	2.0408163265306123	0	8.16326530612245	6.122448979591836	0	6.122448979591836	2.0408163265306123	0	33.333333333333336	66.66666666666667	100.0	0.0	1.0	100.0	0	0	0
hebrew_clean_46.conllu	1	41	41.0	3.657142857142857	2.4390243902439024	12.195121951219512	2.4390243902439024	0	4.878048780487805	9.75609756097561	43.90243902439025	0	0	0	14.634146341463415	0	9.75609756097561	0	0.6857142857142857	100.0	0	0	0	100.0	0	0	0	0	4.0	100.0	2.5	0	25.0	25.0	25.0	25.0	0	0	7.0	10.25	14.0	2.5588235294117645	14	1.0	1	100.0	0	0.0	100.0	100.0	0.0	4.878048780487805	0	0	2.4390243902439024	2.4390243902439024	2.4390243902439024	0	12.195121951219512	0	0	4.878048780487805	0	0	17.073170731707318	7.317073170731708	0	0	0	9.75609756097561	0	0	0	0	2.4390243902439024	0	2.4390243902439024	0	0	4.878048780487805	9.75609756097561	0	14.634146341463415	2.4390243902439024	0	33.333333333333336	66.66666666666667	100.0	0.0	1.0	100.0	0	0	0
hebrew_clean_47.conllu	1	23	23.0	3.1904761904761907	0	21.73913043478261	13.043478260869565	0	0	13.043478260869565	17.391304347826086	4.3478260869565215	4.3478260869565215	0	8.695652173913043	4.3478260869565215	13.043478260869565	0	0.47619047619047616	0	100.0	0	0	100.0	0	0	0	0	3.0	100.0	2.0	0	0	100.0	0	0	0	0	7.0	7.666666666666667	6.0	1.85	6	0	0	0	0	0	0	0.0	100.0	4.3478260869565215	4.3478260869565215	0	13.043478260869565	0	0	0	17.391304347826086	0	0	0	0	0	0	0	0	0	8.695652173913043	4.3478260869565215	4.3478260869565215	0	4.3478260869565215	0	0	0	4.3478260869565215	0	4.3478260869565215	0	17.391304347826086	0	8.695652173913043	4.3478260869565215	0	33.333333333333336	66.66666666666667	100.0	0.0	1.0	100.0	0	0	0
hebrew_clean_48.conllu	1	35	35.0	4.206896551724138	2.857142857142857	17.142857142857142	8.571428571428571	0	2.857142857142857	2.857142857142857	34.285714285714285	2.857142857142857	2.857142857142857	0	17.142857142857142	0	8.571428571428571	0	0.6551724137931034	0	100.0	0	0	100.0	0	0	0	0	3.0	0.0	1.6666666666666667	33.333333333333336	0	33.333333333333336	33.333333333333336	0	0	0	9.0	11.666666666666666	9.0	2.0	9	0	0	0	0	0.0	100.0	0	0	0	0	0	8.571428571428571	2.857142857142857	2.857142857142857	0	5.714285714285714	2.857142857142857	8.571428571428571	2.857142857142857	0	0	17.142857142857142	2.857142857142857	0	0	0	2.857142857142857	0	0	0	0	8.571428571428571	8.571428571428571	0	0	0	2.857142857142857	2.857142857142857	0	17.142857142857142	2.857142857142857	0	0.0	100.0	100.0	0.0	1.0	100.0	0	0	0
hebrew_clean_49.conllu	1	29	29.0	3.8518518518518516	13.793103448275861	17.24137931034483	3.4482758620689653	0	0	10.344827586206897	24.137931034482758	3.4482758620689653	6.896551724137931	0	6.896551724137931	3.4482758620689653	10.344827586206897	0	0.5555555555555556	0	100.0	0	50.0	50.0	0	0	0	0	3.0	100.0	3.3333333333333335	0	0	33.333333333333336	0	66.66666666666667	0	0	6.0	9.666666666666666	10.0	2.3076923076923075	10	1.0	1	100.0	0	0.0	100.0	66.66666666666667	33.333333333333336	0	0	0	3.4482758620689653	13.793103448275861	0	0	10.344827586206897	3.4482758620689653	3.4482758620689653	0	3.4482758620689653	0	3.4482758620689653	0	0	3.4482758620689653	0	10.344827586206897	0	0	3.4482758620689653	0	3.4482758620689653	3.4482758620689653	10.344827586206897	0	3.4482758620689653	3.4482758620689653	6.896551724137931	0	6.896551724137931	3.4482758620689653	0	33.333333333333336	66.66666666666667	100.0	0.0	2.0	0	100.0	0	0
hebrew_clean_50.conllu	1	16	16.0	3.5714285714285716	0	18.75	6.25	6.25	0	0	31.25	6.25	0	6.25	12.5	6.25	6.25	0	0.5714285714285714	0	0	0	0	100.0	0	0	0	100.0	2.0	100.0	2.0	0	0	100.0	0	0	0	0	5.0	8.0	3.0	1.5384615384615385	3	0	0	0	0	0	0	100.0	0.0	0	6.25	0	6.25	0	0	0	6.25	0	12.5	0	0	0	6.25	0	6.25	0	0	0	0	0	6.25	0	0	12.5	0	6.25	6.25	0	6.25	0	12.5	6.25	0	50.0	50.0	100.0	0.0	1.0	100.0	0	0	0
hebrew_clean_51.conllu	1	18	18.0	3.823529411764706	16.666666666666668	11.11111111111111	11.11111111111111	0	0	0	27.77777777777778	0	5.555555555555555	0	5.555555555555555	0	22.22222222222222	0	0.8235294117647058	0	0	0	33.333333333333336	66.66666666666667	0	0	0	0	4.0	100.0	2.0	0	25.0	50.0	25.0	0	0	0	5.0	4.5	8.0	2.125	8	0	0	0	0	0.0	100.0	100.0	0.0	5.555555555555555	0	5.555555555555555	5.555555555555555	22.22222222222222	0	0	5.555555555555555	0	0	0	0	0	5.555555555555555	0	0	5.555555555555555	5.555555555555555	0	5.555555555555555	0	0	0	0	0	11.11111111111111	0	0	11.11111111111111	0	0	5.555555555555555	5.555555555555555	0	33.333333333333336	66.66666666666667	100.0	0.0	1.0	100.0	0	0	0
hebrew_clean_52.conllu	1	17	17.0	3.125	0	23.529411764705884	0	0	0	17.647058823529413	23.529411764705884	5.882352941176471	0	5.882352941176471	5.882352941176471	0	17.647058823529413	0	0.5	0	0	0	66.66666666666667	33.333333333333336	0	0	0	0	3.0	100.0	2.3333333333333335	0	0	66.66666666666667	33.333333333333336	0	0	0	3.0	5.666666666666667	6.0	2.066666666666667	6	0	0	0	0	0.0	100.0	100.0	0.0	0	0	5.882352941176471	0	5.882352941176471	0	0	11.764705882352942	5.882352941176471	5.882352941176471	0	0	0	11.764705882352942	0	0	0	0	17.647058823529413	0	0	0	0	5.882352941176471	0	5.882352941176471	0	0	5.882352941176471	5.882352941176471	0	5.882352941176471	5.882352941176471	0	33.333333333333336	66.66666666666667	100.0	0.0	1.0	100.0	0	0	0
hebrew_clean_53.conllu	1	18	18.0	3.25	5.555555555555555	5.555555555555555	16.666666666666668	5.555555555555555	5.555555555555555	11.11111111111111	11.11111111111111	11.11111111111111	5.555555555555555	5.555555555555555	11.11111111111111	0	5.555555555555555	0	0.5	0	0	0	0	100.0	0	100.0	0	0	1.0	100.0	5.0	0	0	0	0	0	100.0	0	3.0	18.0	14.0	2.8	14	0	0	0	0	0	0	100.0	0.0	0	0	0	16.666666666666668	5.555555555555555	0	0	5.555555555555555	0	0	5.555555555555555	0	0	5.555555555555555	5.555555555555555	5.555555555555555	5.555555555555555	0	11.11111111111111	0	0	0	0	0	0	11.11111111111111	0	0	0	5.555555555555555	0	11.11111111111111	5.555555555555555	0	100.0	0.0	0	0	0	0	0	0	0
hebrew_clean_54.conllu	1	34	34.0	3.787878787878788	5.882352941176471	17.647058823529413	11.764705882352942	5.882352941176471	2.9411764705882355	11.764705882352942	32.35294117647059	0	2.9411764705882355	0	2.9411764705882355	2.9411764705882355	2.9411764705882355	0	0.5454545454545454	0	0	0	100.0	0	0	0	0	100.0	1.0	100.0	2.0	0	0	100.0	0	0	0	0	7.0	34.0	12.0	2.28125	12	1.0	2	100.0	0	0.0	100.0	100.0	0.0	5.882352941176471	0	2.9411764705882355	11.764705882352942	5.882352941176471	0	0	14.705882352941176	0	2.9411764705882355	2.9411764705882355	0	0	5.882352941176471	2.9411764705882355	0	0	2.9411764705882355	8.823529411764707	0	0	2.9411764705882355	0	8.823529411764707	0	2.9411764705882355	0	0	5.882352941176471	5.882352941176471	0	2.9411764705882355	2.9411764705882355	0	50.0	50.0	100.0	0.0	1.0	100.0	0	0	0
hebrew_clean_55.conllu	1	38	38.0	3.4594594594594597	10.526315789473685	23.68421052631579	2.6315789473684212	2.6315789473684212	0	7.894736842105263	31.57894736842105	0	5.2631578947368425	2.6315789473684212	2.6315789473684212	5.2631578947368425	5.2631578947368425	0	0.5405405405405406	0	100.0	0	100.0	0	100.0	0	0	0	2.0	0.0	2.0	0	0	100.0	0	0	0	0	8.0	19.0	15.0	2.4722222222222223	15	1.0	3	100.0	0	0.0	100.0	0	0	0	5.2631578947368425	0	2.6315789473684212	10.526315789473685	0	2.6315789473684212	13.157894736842104	0	10.526315789473685	0	0	0	2.6315789473684212	0	0	0	0	7.894736842105263	5.2631578947368425	0	5.2631578947368425	0	13.157894736842104	7.894736842105263	0	0	0	2.6315789473684212	5.2631578947368425	0	2.6315789473684212	2.6315789473684212	0	0.0	100.0	100.0	0.0	1.0	100.0	0	0	0
hebrew_clean_56.conllu	1	18	18.0	3.75	0	16.666666666666668	5.555555555555555	5.555555555555555	0	11.11111111111111	27.77777777777778	0	5.555555555555555	0	11.11111111111111	0	16.666666666666668	0	0.5625	0	100.0	0	50.0	50.0	0	0	0	100.0	3.0	100.0	2.0	0	33.333333333333336	33.333333333333336	33.333333333333336	0	0	0	5.0	6.0	6.0	2.1333333333333333	6	0	0	0	0	0.0	100.0	0	0	0	0	0	11.11111111111111	5.555555555555555	0	0	16.666666666666668	0	0	0	0	0	5.555555555555555	0	0	0	5.555555555555555	11.11111111111111	0	0	0	0	0	0	0	0	0	5.555555555555555	16.666666666666668	0	11.11111111111111	5.555555555555555	5.555555555555555	50.0	50.0	100.0	0.0	1.0	100.0	0	0	0
hebrew_clean_57.conllu	1	20	20.0	2.9473684210526314	10.0	15.0	0	5.0	0	25.0	35.0	0	0	5.0	5.0	0	0	0	0.5263157894736842	0	0	0	0	0	0	100.0	0	0	1.0	100.0	0	0	0	0	0	0	0	0	5.0	20.0	5.0	1.8888888888888888	5	1.0	1	100.0	0	0	0	100.0	0.0	5.0	0	0	5.0	10.0	0	0	10.0	0	0	0	0	0	5.0	0	5.0	0	0	25.0	10.0	5.0	0	0	5.0	0	5.0	0	0	0	0	0	5.0	5.0	0	100.0	0.0	0	0	0	0	0	0	0
hebrew_clean_58.conllu	1	32	32.0	3.9285714285714284	6.25	18.75	0	0	0	9.375	21.875	6.25	3.125	9.375	12.5	3.125	9.375	0	0.5357142857142857	0	100.0	0	0	100.0	0	0	0	0	3.0	0.0	1.6666666666666667	33.333333333333336	0	33.333333333333336	33.333333333333336	0	0	0	7.0	10.666666666666666	6.0	2.111111111111111	6	0	0	0	0	0.0	100.0	50.0	50.0	0	6.25	0	3.125	6.25	0	0	6.25	3.125	6.25	0	0	0	3.125	0	0	0	0	9.375	6.25	9.375	3.125	0	0	6.25	6.25	0	3.125	3.125	3.125	0	12.5	3.125	0	0.0	100.0	100.0	0.0	1.0	100.0	0	0	0
hebrew_clean_59.conllu	1	11	11.0	3.6	9.090909090909092	9.090909090909092	0	9.090909090909092	9.090909090909092	0	27.272727272727273	0	0	18.181818181818183	9.090909090909092	0	9.090909090909092	0	0.7	0	100.0	0	0	0	0	0	0	100.0	1.0	100.0	3.0	0	0	0	100.0	0	0	0	4.0	11.0	3.0	1.5555555555555556	3	0	0	0	0	0.0	100.0	100.0	0.0	0	0	0	0	9.090909090909092	0	0	0	0	9.090909090909092	9.090909090909092	0	0	9.090909090909092	9.090909090909092	9.090909090909092	0	0	0	0	0	0	0	0	9.090909090909092	0	9.090909090909092	0	9.090909090909092	0	0	9.090909090909092	9.090909090909092	0	100.0	0.0	0	0	0	0	0	0	0
hebrew_clean_60.conllu	1	25	25.0	3.782608695652174	8.0	20.0	12.0	0	4.0	4.0	32.0	0	4.0	0	8.0	0	8.0	0	0.6521739130434783	0	100.0	0	0	100.0	0	0	0	0	2.0	0.0	1.0	50.0	0	50.0	0	0	0	0	7.0	12.5	7.0	2.0454545454545454	7	1.0	1	100.0	0	0	0	0	0	0	0	0	8.0	12.0	0	0	12.0	0	8.0	4.0	0	0	12.0	4.0	0	8.0	0	4.0	0	0	0	0	8.0	4.0	0	0	0	0	4.0	0	8.0	4.0	0	0.0	100.0	100.0	0.0	1.0	100.0	0	0	0
hebrew_clean_61.conllu	1	22	22.0	5.157894736842105	18.181818181818183	13.636363636363637	0	0	4.545454545454546	0	27.272727272727273	0	4.545454545454546	4.545454545454546	13.636363636363637	0	13.636363636363637	0	0.7368421052631579	0	100.0	0	0	100.0	0	0	0	0	3.0	100.0	2.0	33.333333333333336	0	33.333333333333336	0	33.333333333333336	0	0	4.0	7.333333333333333	16.0	2.5	16	0	0	0	0	0.0	100.0	100.0	0.0	0	0	0	0	22.727272727272727	0	0	4.545454545454546	0	9.090909090909092	4.545454545454546	0	0	0	9.090909090909092	0	0	0	0	0	0	0	0	9.090909090909092	0	4.545454545454546	0	0	9.090909090909092	4.545454545454546	0	13.636363636363637	4.545454545454546	4.545454545454546	50.0	50.0	100.0	0.0	1.0	100.0	0	0	0
hebrew_clean_62.conllu	1	24	24.0	3.909090909090909	8.333333333333334	25.0	0	0	0	12.5	29.166666666666668	0	4.166666666666667	4.166666666666667	8.333333333333334	0	8.333333333333334	0	0.5454545454545454	0	100.0	0	0	100.0	0	0	0	0	2.0	100.0	3.0	0	50.0	0	0	0	50.0	0	3.0	12.0	12.0	2.6666666666666665	12	0	0	0	0	0.0	100.0	100.0	0.0	0	0	0	0	8.333333333333334	0	0	12.5	4.166666666666667	8.333333333333334	0	0	0	4.166666666666667	0	0	0	0	12.5	4.166666666666667	0	0	0	0	8.333333333333334	4.166666666666667	0	0	4.166666666666667	12.5	0	8.333333333333334	4.166666666666667	4.166666666666667	50.0	50.0	100.0	0.0	1.0	100.0	0	0	0
hebrew_clean_63.conllu	1	52	52.0	3.5918367346938775	11.538461538461538	7.6923076923076925	11.538461538461538	3.8461538461538463	0	0	15.384615384615385	0	11.538461538461538	0	5.769230769230769	13.461538461538462	19.23076923076923	0	0.6122448979591837	0	100.0	0	0	100.0	100.0	0	0	100.0	10.0	100.0	2.8	0	10.0	40.0	30.0	10.0	0	10.0	11.0	5.2	17.0	2.75	17	0	0	0	0	0.0	100.0	100.0	0.0	0	3.8461538461538463	3.8461538461538463	13.461538461538462	7.6923076923076925	0	0	7.6923076923076925	0	0	0	7.6923076923076925	0	0	0	3.8461538461538463	0	3.8461538461538463	0	0	0	13.461538461538462	0	0	0	11.538461538461538	0	0	3.8461538461538463	7.6923076923076925	1.9230769230769231	5.769230769230769	1.9230769230769231	1.9230769230769231	11.11111111111111	88.88888888888889	100.0	0.0	1.8	60.0	0	40.0	0
hebrew_clean_64.conllu	1	31	31.0	4.444444444444445	9.67741935483871	16.129032258064516	0	6.451612903225806	3.225806451612903	3.225806451612903	22.580645161290324	0	3.225806451612903	12.903225806451612	12.903225806451612	3.225806451612903	6.451612903225806	0	0.5925925925925926	0	100.0	0	0	100.0	0	0	50.0	50.0	2.0	100.0	1.5	0	50.0	50.0	0	0	0	0	8.0	15.5	13.0	2.3846153846153846	13	2.0	1	0	100.0	0.0	100.0	100.0	0.0	0	0	0	0	9.67741935483871	3.225806451612903	3.225806451612903	6.451612903225806	0	9.67741935483871	3.225806451612903	3.225806451612903	0	3.225806451612903	3.225806451612903	0	0	0	3.225806451612903	0	0	3.225806451612903	0	9.67741935483871	9.67741935483871	6.451612903225806	0	0	3.225806451612903	3.225806451612903	0	12.903225806451612	3.225806451612903	0	50.0	50.0	100.0	0.0	1.0	100.0	0	0	0
hebrew_clean_65.conllu	1	24	24.0	4.095238095238095	8.333333333333334	16.666666666666668	4.166666666666667	0	8.333333333333334	4.166666666666667	25.0	0	0	8.333333333333334	12.5	0	12.5	0	0.6666666666666666	100.0	0	0	0	100.0	0	0	0	0	3.0	0.0	1.6666666666666667	33.333333333333336	0	33.333333333333336	33.333333333333336	0	0	0	5.0	8.0	13.0	2.25	13	0	0	0	0	0.0	100.0	50.0	50.0	0	0	0	4.166666666666667	4.166666666666667	0	0	8.333333333333334	8.333333333333334	0	4.166666666666667	0	0	8.333333333333334	8.333333333333334	0	12.5	0	4.166666666666667	0	0	0	0	0	0	8.333333333333334	0	0	4.166666666666667	8.333333333333334	0	12.5	4.166666666666667	0	0.0	100.0	100.0	0.0	2.0	0	100.0	0	0
hebrew_clean_66.conllu	1	19	19.0	3.5555555555555554	5.2631578947368425	31.57894736842105	5.2631578947368425	0	5.2631578947368425	0	15.789473684210526	0	0	21.05263157894737	5.2631578947368425	0	10.526315789473685	0	0.6111111111111112	0	100.0	0	0	100.0	0	0	0	0	2.0	100.0	3.0	0	0	50.0	0	50.0	0	0	5.0	9.5	12.0	2.9411764705882355	12	0	0	0	0	0.0	100.0	100.0	0.0	0	0	0	5.2631578947368425	5.2631578947368425	0	0	15.789473684210526	5.2631578947368425	5.2631578947368425	5.2631578947368425	0	0	5.2631578947368425	0	0	0	0	0	5.2631578947368425	10.526315789473685	0	0	0	5.2631578947368425	10.526315789473685	0	0	5.2631578947368425	5.2631578947368425	0	5.2631578947368425	5.2631578947368425	0	50.0	50.0	100.0	0.0	1.0	100.0	0	0	0
hebrew_clean_67.conllu	1	10	10.0	4.111111111111111	10.0	0	0	0	0	0	40.0	0	10.0	0	10.0	10.0	20.0	0	0.7777777777777778	0	0	0	0	100.0	0	0	0	0	2.0	100.0	2.5	0	0	50.0	50.0	0	0	0	4.0	5.0	3.0	1.375	3	0	0	0	0	33.333333333333336	66.66666666666667	100.0	0.0	0	10.0	0	0	10.0	0	0	0	0	0	0	0	0	10.0	0	0	0	0	0	0	0	10.0	0	0	0	10.0	0	0	30.0	0	0	10.0	10.0	0	50.0	50.0	100.0	0.0	1.0	100.0	0	0	0
hebrew_clean_68.conllu	1	21	21.0	3.3684210526315788	9.523809523809524	23.80952380952381	0	0	4.761904761904762	9.523809523809524	19.047619047619047	0	9.523809523809524	0	9.523809523809524	0	14.285714285714286	0	0.47368421052631576	0	0	0	33.333333333333336	66.66666666666667	0	0	0	0	3.0	100.0	3.0	0	0	33.333333333333336	33.333333333333336	33.333333333333336	0	0	4.0	7.0	12.0	2.5555555555555554	12	0	0	0	0	0.0	100.0	100.0	0.0	0	0	0	0	9.523809523809524	0	0	19.047619047619047	4.761904761904762	0	4.761904761904762	0	0	0	4.761904761904762	0	0	0	9.523809523809524	0	0	0	0	0	0	4.761904761904762	0	0	4.761904761904762	19.047619047619047	0	9.523809523809524	4.761904761904762	4.761904761904762	50.0	50.0	100.0	0.0	1.0	100.0	0	0	0
hebrew_clean_69.conllu	1	14	14.0	4.333333333333333	0	21.428571428571427	0	0	0	7.142857142857143	35.714285714285715	0	14.285714285714286	0	14.285714285714286	0	7.142857142857143	0	0.5	0	100.0	0	0	0	0	0	0	0	1.0	100.0	2.0	0	0	100.0	0	0	0	0	5.0	14.0	6.0	1.6363636363636365	6	1.0	1	100.0	0	0.0	100.0	0.0	100.0	0	0	0	0	0	0	0	14.285714285714286	0	7.142857142857143	0	0	0	14.285714285714286	0	0	0	0	7.142857142857143	0	0	0	0	7.142857142857143	7.142857142857143	7.142857142857143	0	0	7.142857142857143	7.142857142857143	0	14.285714285714286	7.142857142857143	0	100.0	0.0	0	0	0	0	0	0	0
hebrew_clean_70.conllu	1	10	10.0	3.6666666666666665	10.0	10.0	0	0	20.0	0	30.0	10.0	0	0	10.0	0	10.0	0	0.5555555555555556	0	0	0	0	100.0	0	0	0	0	1.0	100.0	3.0	0	0	0	100.0	0	0	0	4.0	10.0	5.0	2.625	5	0	0	0	0	0	0	100.0	0.0	0	0	0	0	10.0	0	0	10.0	0	0	20.0	0	0	0	10.0	0	0	0	0	0	0	0	0	0	0	10.0	0	10.0	0	10.0	0	10.0	10.0	0	100.0	0.0	0	0	0	0	0	0	0
hebrew_clean_71.conllu	1	25	25.0	3.782608695652174	12.0	12.0	8.0	0	8.0	8.0	28.0	0	0	0	8.0	4.0	12.0	0	0.6521739130434783	100.0	0	0	0	100.0	0	0	0	0	3.0	100.0	1.3333333333333333	33.333333333333336	0	66.66666666666667	0	0	0	0	7.0	8.333333333333334	15.0	2.5	15	1.0	1	100.0	0	0	0	0.0	100.0	0	4.0	0	4.0	12.0	0	0	8.0	0	8.0	4.0	0	0	4.0	4.0	0	0	8.0	4.0	4.0	0	4.0	0	8.0	4.0	4.0	0	0	0	4.0	0	8.0	4.0	0	33.333333333333336	66.66666666666667	50.0	50.0	1.0	100.0	0	0	0
hebrew_clean_72.conllu	1	16	16.0	3.923076923076923	6.25	12.5	0	0	0	12.5	25.0	0	0	12.5	18.75	0	12.5	0	0.6923076923076923	0	100.0	0	0	100.0	0	0	0	0	2.0	100.0	2.0	0	50.0	0	50.0	0	0	0	4.0	8.0	9.0	2.0833333333333335	9	0	0	0	0	0.0	100.0	0	0	0	0	0	0	6.25	0	0	12.5	0	0	0	0	0	12.5	6.25	0	0	0	12.5	0	6.25	0	0	0	0	0	0	0	6.25	12.5	0	18.75	6.25	0	100.0	0.0	0	0	0	0	0	0	0
hebrew_clean_73.conllu	1	13	13.0	3.5454545454545454	15.384615384615385	15.384615384615385	7.6923076923076925	0	0	0	23.076923076923077	0	7.6923076923076925	0	15.384615384615385	0	15.384615384615385	0	0.7272727272727273	0	100.0	0	0	100.0	0	0	0	0	2.0	100.0	2.0	0	0	100.0	0	0	0	0	3.0	6.5	4.0	1.6	4	0	0	0	0	0.0	100.0	0	0	0	0	0	7.6923076923076925	15.384615384615385	0	0	15.384615384615385	0	0	0	0	0	0	7.6923076923076925	0	0	7.6923076923076925	0	0	0	0	0	0	0	0	0	0	7.6923076923076925	15.384615384615385	0	15.384615384615385	7.6923076923076925	0	100.0	0.0	0	0	0	0	0	0	0
hebrew_clean_74.conllu	1	22	22.0	3.95	4.545454545454546	18.181818181818183	0	0	0	13.636363636363637	31.818181818181817	0	9.090909090909092	4.545454545454546	9.090909090909092	4.545454545454546	4.545454545454546	0	0.5	0	0	0	0	100.0	0	0	0	0	1.0	100.0	2.0	0	0	100.0	0	0	0	0	5.0	22.0	9.0	2.8421052631578947	9	1.0	1	100.0	0	0	0	66.66666666666667	33.333333333333336	0	4.545454545454546	0	0	4.545454545454546	0	0	9.090909090909092	0	9.090909090909092	0	0	0	9.090909090909092	0	0	0	9.090909090909092	4.545454545454546	0	0	4.545454545454546	0	4.545454545454546	9.090909090909092	13.636363636363637	0	0	0	4.545454545454546	0	9.090909090909092	4.545454545454546	0	100.0	0.0	0	0	0	0	0	0	0
hebrew_clean_75.conllu	1	11	11.0	4.3	0	18.181818181818183	9.090909090909092	0	0	0	36.36363636363637	9.090909090909092	9.090909090909092	0	9.090909090909092	0	9.090909090909092	0	0.6	0	0	0	0	100.0	0	0	0	0	1.0	100.0	3.0	0	0	0	100.0	0	0	0	4.0	11.0	3.0	1.5555555555555556	3	0	0	0	0	0	0	100.0	0.0	0	0	0	9.090909090909092	0	0	0	9.090909090909092	0	9.090909090909092	0	0	0	9.090909090909092	0	0	0	9.090909090909092	0	0	0	0	0	0	9.090909090909092	9.090909090909092	0	9.090909090909092	0	9.090909090909092	0	9.090909090909092	9.090909090909092	0	100.0	0.0	0	0	0	0	0	0	0
hebrew_clean_76.conllu	1	24	24.0	4.190476190476191	4.166666666666667	20.833333333333332	4.166666666666667	0	0	0	41.666666666666664	0	0	8.333333333333334	12.5	0	8.333333333333334	0	0.7619047619047619	0	0	0	50.0	50.0	0	0	0	0	2.0	100.0	3.0	0	0	50.0	0	50.0	0	0	6.0	12.0	9.0	2.05	9	0	0	0	0	0	0	0	0	0	0	4.166666666666667	4.166666666666667	4.166666666666667	4.166666666666667	0	16.666666666666668	0	4.166666666666667	0	0	0	20.833333333333332	0	0	0	0	0	0	8.333333333333334	0	0	0	4.166666666666667	0	0	0	0	12.5	0	12.5	4.166666666666667	0	50.0	50.0	100.0	0.0	1.0	100.0	0	0	0
hebrew_clean_77.conllu	1	17	17.0	4.5625	23.529411764705884	23.529411764705884	0	0	0	0	29.41176470588235	0	5.882352941176471	0	5.882352941176471	0	11.764705882352942	0	0.6875	0	0	0	0	100.0	0	0	0	0	2.0	100.0	1.5	0	50.0	50.0	0	0	0	0	6.0	8.5	5.0	1.8666666666666667	5	1.0	1	100.0	0	0	0	0.0	100.0	0	0	0	0	23.529411764705884	0	0	5.882352941176471	0	17.647058823529413	0	0	0	5.882352941176471	0	0	0	0	0	0	0	0	0	17.647058823529413	5.882352941176471	11.764705882352942	0	0	0	0	0	5.882352941176471	5.882352941176471	0	50.0	50.0	100.0	0.0	1.0	100.0	0	0	0
hebrew_clean_78.conllu	1	10	10.0	4.625	10.0	20.0	0	0	0	0	20.0	10.0	0	10.0	20.0	0	10.0	0	0.625	0	0	0	0	100.0	0	0	0	0	1.0	100.0	2.0	0	0	100.0	0	0	0	0	3.0	10.0	3.0	1.7142857142857142	3	0	0	0	0	0.0	100.0	0	0	0	0	0	0	10.0	0	0	10.0	0	10.0	0	0	0	0	0	0	10.0	0	0	0	0	0	0	10.0	0	0	0	0	10.0	10.0	0	20.0	10.0	0	100.0	0.0	0	0	0	0	0	0	0
hebrew_clean_79.conllu	1	17	17.0	4.857142857142857	11.764705882352942	5.882352941176471	0	0	5.882352941176471	0	23.529411764705884	5.882352941176471	0	0	17.647058823529413	5.882352941176471	23.529411764705884	0	0.7142857142857143	0	0	0	25.0	75.0	0	0	0	0	4.0	100.0	2.0	0	25.0	50.0	25.0	0	0	0	7.0	4.25	4.0	1.6153846153846154	4	0	0	0	0	0.0	100.0	0.0	100.0	5.882352941176471	5.882352941176471	0	0	11.764705882352942	0	0	5.882352941176471	0	0	5.882352941176471	0	0	0	0	0	0	0	0	0	0	5.882352941176471	0	0	0	5.882352941176471	0	0	17.647058823529413	5.882352941176471	0	17.647058823529413	5.882352941176471	5.882352941176471	25.0	75.0	100.0	0.0	1.5	50.0	50.0	0	0
hebrew_clean_80.conllu	1	22	22.0	3.5789473684210527	4.545454545454546	18.181818181818183	9.090909090909092	0	4.545454545454546	9.090909090909092	27.272727272727273	0	4.545454545454546	0	13.636363636363637	0	9.090909090909092	0	0.5789473684210527	0	0	0	50.0	50.0	0	0	0	0	2.0	100.0	3.0	0	0	0	100.0	0	0	0	4.0	11.0	12.0	2.5555555555555554	12	0	0	0	0	0.0	100.0	100.0	0.0	0	0	0	9.090909090909092	4.545454545454546	0	0	9.090909090909092	4.545454545454546	4.545454545454546	4.545454545454546	0	0	9.090909090909092	4.545454545454546	0	0	4.545454545454546	4.545454545454546	0	0	0	0	0	4.545454545454546	4.545454545454546	0	0	4.545454545454546	4.545454545454546	0	13.636363636363637	4.545454545454546	4.545454545454546	50.0	50.0	100.0	0.0	1.0	100.0	0	0	0
hebrew_clean_81.conllu	1	12	12.0	4.0	8.333333333333334	16.666666666666668	0	8.333333333333334	0	0	41.666666666666664	0	0	0	8.333333333333334	8.333333333333334	8.333333333333334	0	0.6363636363636364	0	0	0	0	100.0	0	0	0	100.0	2.0	100.0	2.0	0	0	100.0	0	0	0	0	5.0	6.0	2.0	1.4	2	1.0	1	100.0	0	0	0	100.0	0.0	0	8.333333333333334	0	0	8.333333333333334	0	0	16.666666666666668	0	0	0	0	0	8.333333333333334	0	8.333333333333334	0	0	0	0	0	8.333333333333334	0	8.333333333333334	0	0	8.333333333333334	0	0	8.333333333333334	0	8.333333333333334	8.333333333333334	0	50.0	50.0	100.0	0.0	1.0	100.0	0	0	0
hebrew_clean_82.conllu	1	8	8.0	5.428571428571429	12.5	0	0	12.5	0	0	62.5	0	0	0	12.5	0	0	0	0.8571428571428571	0	0	0	0	0	0	0	0	100.0	1.0	100.0	0	0	0	0	0	0	0	0	3.0	8.0	3.0	1.3333333333333333	3	0	0	0	0	0	0	100.0	0.0	12.5	0	0	0	0	0	0	0	0	0	0	0	0	37.5	0	12.5	0	0	0	0	0	0	0	0	0	0	12.5	0	0	0	0	12.5	12.5	0	100.0	0.0	0	0	0	0	0	0	0
hebrew_clean_83.conllu	1	32	32.0	3.8214285714285716	3.125	18.75	3.125	0	3.125	9.375	34.375	0	3.125	3.125	12.5	3.125	6.25	0	0.5714285714285714	0	0	0	0	100.0	0	0	0	0	2.0	100.0	3.0	0	0	50.0	0	50.0	0	0	8.0	16.0	7.0	2.074074074074074	7	1.0	3	100.0	0	0.0	100.0	100.0	0.0	0	3.125	0	3.125	3.125	0	0	18.75	0	0	3.125	0	0	12.5	3.125	0	0	3.125	6.25	0	0	3.125	0	9.375	0	3.125	0	0	6.25	6.25	0	12.5	3.125	0	50.0	50.0	100.0	0.0	1.0	100.0	0	0	0
hebrew_clean_84.conllu	1	21	21.0	3.8947368421052633	4.761904761904762	23.80952380952381	4.761904761904762	0	0	4.761904761904762	33.333333333333336	0	4.761904761904762	0	9.523809523809524	0	14.285714285714286	0	0.631578947368421	0	100.0	0	0	100.0	0	0	0	0	3.0	100.0	1.6666666666666667	33.333333333333336	0	33.333333333333336	33.333333333333336	0	0	0	7.0	7.0	12.0	2.5555555555555554	12	1.0	2	100.0	0	0	0	100.0	0.0	0	0	0	4.761904761904762	4.761904761904762	0	0	23.80952380952381	0	0	0	0	0	9.523809523809524	4.761904761904762	0	0	0	4.761904761904762	4.761904761904762	0	0	0	9.523809523809524	0	4.761904761904762	0	0	0	9.523809523809524	4.761904761904762	9.523809523809524	4.761904761904762	0	100.0	0.0	0	0	0	0	0	0	0
hebrew_clean_85.conllu	1	39	39.0	3.6285714285714286	7.6923076923076925	17.94871794871795	2.5641025641025643	2.5641025641025643	2.5641025641025643	5.128205128205129	35.8974358974359	5.128205128205129	0	0	10.256410256410257	0	10.256410256410257	0	0.6285714285714286	0	0	0	0	100.0	0	0	0	100.0	4.0	100.0	2.75	25.0	0	25.0	25.0	0	0	25.0	6.0	9.75	22.0	3.3823529411764706	22	1.0	3	100.0	0	0	0	100.0	0.0	0	0	0	5.128205128205129	10.256410256410257	0	0	15.384615384615385	0	2.5641025641025643	2.5641025641025643	0	0	10.256410256410257	5.128205128205129	0	0	0	5.128205128205129	0	0	0	0	10.256410256410257	0	7.6923076923076925	0	5.128205128205129	0	7.6923076923076925	0	10.256410256410257	2.5641025641025643	0	100.0	0.0	0	0	0	0	0	0	0
hebrew_clean_86.conllu	1	47	47.0	3.857142857142857	4.25531914893617	12.76595744680851	0	4.25531914893617	0	12.76595744680851	36.170212765957444	6.382978723404255	0	6.382978723404255	10.638297872340425	2.127659574468085	4.25531914893617	0	0.5714285714285714	0	100.0	0	0	100.0	0	100.0	0	100.0	3.0	100.0	1.5	0	0	0	100.0	0	0	0	5.0	15.666666666666666	32.0	4.463414634146342	32	1.0	1	100.0	0	0.0	100.0	100.0	0.0	0	0	0	0	2.127659574468085	2.127659574468085	0	8.51063829787234	2.127659574468085	2.127659574468085	0	0	0	17.02127659574468	0	2.127659574468085	0	0	12.76595744680851	2.127659574468085	4.25531914893617	2.127659574468085	0	2.127659574468085	2.127659574468085	8.51063829787234	2.127659574468085	4.25531914893617	4.25531914893617	4.25531914893617	0	10.638297872340425	2.127659574468085	2.127659574468085	33.333333333333336	66.66666666666667	0.0	100.0	1.0	100.0	0	0	0
hebrew_clean_87.conllu	1	19	19.0	4.352941176470588	5.2631578947368425	26.31578947368421	0	0	0	10.526315789473685	36.8421052631579	0	0	0	10.526315789473685	0	10.526315789473685	0	0.5882352941176471	0	0	0	50.0	50.0	0	0	0	0	2.0	100.0	3.0	0	0	0	100.0	0	0	0	4.0	9.5	5.0	2.125	5	1.0	1	100.0	0	0.0	100.0	0.0	100.0	0	0	0	0	5.2631578947368425	0	0	21.05263157894737	0	0	0	0	0	10.526315789473685	0	0	0	0	10.526315789473685	5.2631578947368425	0	0	0	5.2631578947368425	0	5.2631578947368425	0	0	5.2631578947368425	10.526315789473685	0	10.526315789473685	5.2631578947368425	5.2631578947368425	50.0	50.0	100.0	0.0	1.0	100.0	0	0	0
hebrew_clean_88.conllu	1	21	21.0	3.736842105263158	0	28.571428571428573	0	0	0	4.761904761904762	28.571428571428573	0	4.761904761904762	0	9.523809523809524	0	23.80952380952381	0	0.5789473684210527	0	0	0	40.0	60.0	0	0	0	0	5.0	100.0	1.8	20.0	40.0	0	20.0	20.0	0	0	5.0	4.2	5.0	1.8888888888888888	5	0	0	0	0	0.0	100.0	100.0	0.0	0	0	0	0	0	0	0	19.047619047619047	0	4.761904761904762	0	0	0	9.523809523809524	0	0	0	0	4.761904761904762	9.523809523809524	0	0	0	0	4.761904761904762	4.761904761904762	0	0	4.761904761904762	19.047619047619047	0	9.523809523809524	4.761904761904762	4.761904761904762	20.0	80.0	50.0	50.0	1.3333333333333333	66.66666666666667	33.333333333333336	0	0
hebrew_clean_89.conllu	1	12	12.0	4.1	8.333333333333334	8.333333333333334	16.666666666666668	0	0	0	25.0	0	8.333333333333334	8.333333333333334	16.666666666666668	0	8.333333333333334	0	0.8	0	100.0	0	0	0	0	0	0	0	1.0	0.0	2.0	0	0	100.0	0	0	0	0	4.0	12.0	3.0	1.4444444444444444	3	0	0	0	0	0.0	100.0	100.0	0.0	8.333333333333334	0	0	16.666666666666668	0	0	0	8.333333333333334	0	0	0	0	0	8.333333333333334	0	0	0	0	0	0	0	0	0	0	0	8.333333333333334	0	0	8.333333333333334	8.333333333333334	8.333333333333334	16.666666666666668	8.333333333333334	0	0	0	0	0	0	0	0	0	0
hebrew_clean_90.conllu	1	31	31.0	3.566666666666667	0	19.35483870967742	0	6.451612903225806	0	9.67741935483871	45.16129032258065	0	3.225806451612903	3.225806451612903	3.225806451612903	3.225806451612903	6.451612903225806	0	0.5666666666666667	0	0	0	50.0	50.0	0	0	0	100.0	3.0	100.0	1.0	50.0	0	50.0	0	0	0	0	7.0	10.333333333333334	7.0	2.0344827586206895	7	1.0	3	100.0	0	0.0	100.0	50.0	50.0	6.451612903225806	0	0	0	3.225806451612903	0	0	16.129032258064516	3.225806451612903	0	0	0	0	19.35483870967742	0	3.225806451612903	0	0	9.67741935483871	0	3.225806451612903	3.225806451612903	0	9.67741935483871	0	3.225806451612903	3.225806451612903	0	3.225806451612903	6.451612903225806	0	3.225806451612903	3.225806451612903	0	50.0	50.0	100.0	0.0	1.0	100.0	0	0	0
hebrew_clean_91.conllu	1	9	9.0	3.375	22.22222222222222	11.11111111111111	0	11.11111111111111	0	11.11111111111111	33.333333333333336	0	0	0	11.11111111111111	0	0	0	0.625	0	0	0	0	0	0	0	0	100.0	1.0	100.0	0	0	0	0	0	0	0	0	2.0	9.0	4.0	1.8571428571428572	4	0	0	0	0	0	0	100.0	0.0	0	0	0	0	22.22222222222222	0	0	0	0	11.11111111111111	0	0	0	0	0	11.11111111111111	0	0	11.11111111111111	0	0	0	0	11.11111111111111	0	0	11.11111111111111	0	0	0	0	11.11111111111111	11.11111111111111	0	100.0	0.0	0	0	0	0	0	0	0
hebrew_clean_92.conllu	1	17	17.0	3.4	11.764705882352942	17.647058823529413	0	0	0	11.764705882352942	41.1764705882353	0	0	0	11.764705882352942	0	5.882352941176471	0	0.6666666666666666	0	0	0	0	100.0	0	0	0	0	1.0	100.0	4.0	0	0	0	0	100.0	0	0	3.0	17.0	9.0	2.5	9	0	0	0	0	0	0	100.0	0.0	0	0	0	0	11.764705882352942	0	0	17.647058823529413	0	0	0	0	0	11.764705882352942	0	0	0	0	11.764705882352942	0	0	0	0	5.882352941176471	0	5.882352941176471	0	0	0	17.647058823529413	0	11.764705882352942	5.882352941176471	0	100.0	0.0	0	0	0	0	0	0	0
hebrew_clean_93.conllu	1	23	23.0	3.4285714285714284	13.043478260869565	26.08695652173913	0	0	8.695652173913043	4.3478260869565215	30.434782608695652	0	4.3478260869565215	0	8.695652173913043	0	4.3478260869565215	0	0.5238095238095238	0	0	0	0	100.0	0	0	0	0	1.0	100.0	4.0	0	0	0	0	100.0	0	0	3.0	23.0	12.0	2.2	12	0	0	0	0	0	0	100.0	0.0	0	0	0	0	13.043478260869565	0	0	26.08695652173913	0	0	8.695652173913043	0	0	8.695652173913043	8.695652173913043	0	0	0	4.3478260869565215	0	0	0	0	0	0	4.3478260869565215	0	0	0	13.043478260869565	0	8.695652173913043	4.3478260869565215	0	100.0	0.0	0	0	0	0	0	0	0
hebrew_clean_94.conllu	1	19	19.0	3.1666666666666665	10.526315789473685	31.57894736842105	0	10.526315789473685	0	10.526315789473685	15.789473684210526	0	10.526315789473685	0	5.2631578947368425	0	5.2631578947368425	0	0.3333333333333333	0	0	0	100.0	0	0	0	0	100.0	2.0	100.0	2.0	0	0	100.0	0	0	0	0	4.0	9.5	11.0	2.4705882352941178	11	0	0	0	0	0.0	100.0	0	0	0	0	0	0	10.526315789473685	0	5.2631578947368425	15.789473684210526	5.2631578947368425	5.2631578947368425	0	0	0	0	0	5.2631578947368425	0	5.2631578947368425	10.526315789473685	5.2631578947368425	0	0	0	5.2631578947368425	0	0	0	0	5.2631578947368425	10.526315789473685	0	5.2631578947368425	5.2631578947368425	0	50.0	50.0	100.0	0.0	1.0	100.0	0	0	0
hebrew_clean_95.conllu	1	24	24.0	3.5217391304347827	0	20.833333333333332	4.166666666666667	0	8.333333333333334	16.666666666666668	33.333333333333336	0	0	0	4.166666666666667	4.166666666666667	8.333333333333334	0	0.4782608695652174	100.0	0	0	0	100.0	0	0	0	0	2.0	100.0	3.0	0	0	50.0	0	50.0	0	0	5.0	12.0	10.0	2.0454545454545454	10	0	0	0	0	0.0	100.0	0.0	100.0	0	4.166666666666667	0	4.166666666666667	0	0	0	8.333333333333334	8.333333333333334	4.166666666666667	8.333333333333334	0	0	4.166666666666667	8.333333333333334	0	0	0	16.666666666666668	0	0	4.166666666666667	0	0	4.166666666666667	4.166666666666667	0	0	4.166666666666667	8.333333333333334	0	4.166666666666667	4.166666666666667	0	50.0	50.0	100.0	0.0	1.0	100.0	0	0	0
hebrew_clean_96.conllu	1	27	27.0	3.92	14.814814814814815	22.22222222222222	7.407407407407407	0	0	7.407407407407407	22.22222222222222	7.407407407407407	3.7037037037037037	0	7.407407407407407	3.7037037037037037	3.7037037037037037	0	0.52	0	0	0	0	100.0	0	0	0	0	1.0	100.0	4.0	0	0	0	0	100.0	0	0	5.0	27.0	11.0	2.3333333333333335	11	1.0	1	100.0	0	0	0	100.0	0.0	3.7037037037037037	0	0	7.407407407407407	11.11111111111111	0	0	11.11111111111111	0	7.407407407407407	0	0	0	3.7037037037037037	0	0	0	3.7037037037037037	3.7037037037037037	3.7037037037037037	0	3.7037037037037037	0	3.7037037037037037	7.407407407407407	7.407407407407407	0	3.7037037037037037	0	7.407407407407407	0	7.407407407407407	3.7037037037037037	0	100.0	0.0	0	0	0	0	0	0	0
hebrew_clean_97.conllu	1	25	25.0	3.8095238095238093	4.0	16.0	12.0	0	8.0	0	20.0	0	0	20.0	16.0	0	4.0	0	0.7142857142857143	0	0	0	0	100.0	0	0	0	0	1.0	0.0	4.0	0	0	0	0	100.0	0	0	6.0	25.0	6.0	2.05	6	1.0	1	100.0	0	0.0	100.0	100.0	0.0	0	0	0	4.0	4.0	0	0	8.0	0	8.0	8.0	0	0	8.0	12.0	0	0	4.0	0	0	4.0	0	0	4.0	4.0	4.0	0	0	4.0	4.0	0	16.0	4.0	0	0	0	0	0	0	0	0	0	0
hebrew_clean_98.conllu	1	9	9.0	3.75	0	11.11111111111111	0	0	0	22.22222222222222	33.333333333333336	11.11111111111111	0	0	11.11111111111111	0	11.11111111111111	0	0.5	0	0	0	0	100.0	0	0	0	0	1.0	100.0	2.0	0	0	100.0	0	0	0	0	3.0	9.0	3.0	1.8571428571428572	3	0	0	0	0	0	0	100.0	0.0	0	0	0	0	0	0	0	11.11111111111111	0	0	0	0	0	11.11111111111111	0	0	0	11.11111111111111	11.11111111111111	0	0	0	0	0	0	11.11111111111111	0	11.11111111111111	0	11.11111111111111	0	11.11111111111111	11.11111111111111	0	100.0	0.0	0	0	0	0	0	0	0
hebrew_clean_99.conllu	1	11	11.0	3.5555555555555554	36.36363636363637	0	9.090909090909092	0	9.090909090909092	9.090909090909092	9.090909090909092	0	9.090909090909092	0	18.181818181818183	0	0	0	0.6666666666666666	0	0	0	0	0	0	0	0	0	0.0	0.0	0	0	0	0	0	0	0	0	3.0	0	4.0	1.75	4	0	0	0	0	0	0	100.0	0.0	0	0	0	18.181818181818183	0	0	0	0	0	0	9.090909090909092	0	0	0	18.181818181818183	0	0	0	9.090909090909092	0	0	0	0	0	0	18.181818181818183	0	0	0	0	0	18.181818181818183	9.090909090909092	0	0	0	0	0	0	0	0	0	0
hebrew_clean_100.conllu	1	16	16.0	3.0	6.25	18.75	0	0	0	12.5	37.5	0	6.25	0	12.5	0	6.25	0	0.5714285714285714	0	100.0	0	0	0	0	0	0	0	1.0	100.0	4.0	0	0	0	0	100.0	0	0	3.0	16.0	5.0	2.0	5	0	0	0	0	0.0	100.0	100.0	0.0	0	0	0	0	6.25	0	0	12.5	0	6.25	0	0	0	12.5	0	0	0	0	12.5	0	0	0	0	0	6.25	6.25	0	0	6.25	12.5	0	12.5	6.25	0	100.0	0.0	0	0	0	0	0	0	0
hebrew_clean_101.conllu	1	26	26.0	3.6956521739130435	15.384615384615385	11.538461538461538	11.538461538461538	3.8461538461538463	0	3.8461538461538463	26.923076923076923	0	0	0	11.538461538461538	7.6923076923076925	7.6923076923076925	0	0.6956521739130435	0	0	0	0	100.0	0	0	0	100.0	3.0	100.0	3.5	0	0	0	50.0	50.0	0	0	5.0	8.666666666666666	12.0	3.227272727272727	12	0	0	0	0	0	0	100.0	0.0	0	0	3.8461538461538463	7.6923076923076925	15.384615384615385	0	0	7.6923076923076925	0	3.8461538461538463	0	3.8461538461538463	0	7.6923076923076925	0	3.8461538461538463	0	0	3.8461538461538463	3.8461538461538463	0	7.6923076923076925	0	3.8461538461538463	0	3.8461538461538463	0	0	0	7.6923076923076925	0	11.538461538461538	3.8461538461538463	0	33.333333333333336	66.66666666666667	100.0	0.0	2.0	0	100.0	0	0
hebrew_clean_102.conllu	1	20	20.0	3.235294117647059	10.0	25.0	0	10.0	0	5.0	20.0	0	5.0	0	15.0	5.0	5.0	0	0.4117647058823529	0	0	0	0	100.0	100.0	0	0	100.0	2.0	100.0	3.0	0	0	0	100.0	0	0	0	5.0	10.0	15.0	2.875	15	0	0	0	0	0	0	100.0	0.0	0	0	5.0	0	5.0	0	0	20.0	0	5.0	0	0	0	0	0	5.0	0	0	5.0	5.0	0	5.0	0	0	5.0	5.0	0	0	0	15.0	0	15.0	5.0	0	33.333333333333336	66.66666666666667	0.0	100.0	2.0	0	100.0	0	0
hebrew_clean_103.conllu	1	11	11.0	4.5	18.181818181818183	9.090909090909092	18.181818181818183	0	9.090909090909092	0	27.272727272727273	0	0	0	9.090909090909092	0	9.090909090909092	0	0.8	0	0	0	0	100.0	0	0	0	0	1.0	100.0	2.0	0	0	100.0	0	0	0	0	3.0	11.0	4.0	1.8888888888888888	4	0	0	0	0	0.0	100.0	0	0	0	0	0	18.181818181818183	18.181818181818183	0	0	9.090909090909092	0	0	9.090909090909092	0	0	0	9.090909090909092	0	0	0	0	0	0	0	0	0	0	0	0	0	9.090909090909092	9.090909090909092	0	9.090909090909092	9.090909090909092	0	100.0	0.0	0	0	0	0	0	0	0
hebrew_clean_104.conllu	1	28	28.0	3.12	10.714285714285714	17.857142857142858	3.5714285714285716	0	3.5714285714285716	10.714285714285714	35.714285714285715	0	3.5714285714285716	0	10.714285714285714	0	3.5714285714285716	0	0.6	0	0	0	0	100.0	0	0	0	0	1.0	100.0	3.0	0	0	0	100.0	0	0	0	5.0	28.0	21.0	3.75	21	1.0	2	100.0	0	0	0	100.0	0.0	0	0	0	3.5714285714285716	10.714285714285714	0	0	10.714285714285714	0	3.5714285714285716	3.5714285714285716	0	0	10.714285714285714	7.142857142857143	0	0	0	10.714285714285714	7.142857142857143	0	0	0	7.142857142857143	3.5714285714285716	3.5714285714285716	0	0	0	3.5714285714285716	0	10.714285714285714	3.5714285714285716	0	100.0	0.0	0	0	0	0	0	0	0
hebrew_clean_105.conllu	1	33	33.0	3.5483870967741935	9.090909090909092	15.151515151515152	0	3.0303030303030303	3.0303030303030303	6.0606060606060606	39.39393939393939	0	3.0303030303030303	0	6.0606060606060606	6.0606060606060606	9.090909090909092	0	0.6129032258064516	0	100.0	0	100.0	0	0	0	0	0	3.0	100.0	2.6666666666666665	0	0	66.66666666666667	0	33.333333333333336	0	0	8.0	11.0	11.0	2.2333333333333334	11	1.0	2	100.0	0	0.0	100.0	100.0	0.0	0	6.0606060606060606	0	0	9.090909090909092	0	3.0303030303030303	12.121212121212121	0	3.0303030303030303	3.0303030303030303	0	0	9.090909090909092	3.0303030303030303	0	0	0	6.0606060606060606	0	0	6.0606060606060606	0	6.0606060606060606	3.0303030303030303	6.0606060606060606	0	0	9.090909090909092	6.0606060606060606	0	6.0606060606060606	3.0303030303030303	0	33.333333333333336	66.66666666666667	100.0	0.0	1.0	100.0	0	0	0
hebrew_clean_106.conllu	1	27	27.0	3.5	11.11111111111111	11.11111111111111	0	3.7037037037037037	3.7037037037037037	18.51851851851852	29.62962962962963	0	0	7.407407407407407	3.7037037037037037	3.7037037037037037	7.407407407407407	0	0.5769230769230769	0	0	100.0	0	100.0	0	0	0	100.0	3.0	100.0	2.0	0	0	100.0	0	0	0	0	7.0	9.0	4.0	1.8	4	0	0	0	0	0	0	100.0	0.0	0	3.7037037037037037	0	0	11.11111111111111	0	0	3.7037037037037037	0	7.407407407407407	3.7037037037037037	0	0	3.7037037037037037	3.7037037037037037	3.7037037037037037	0	0	18.51851851851852	0	7.407407407407407	3.7037037037037037	0	0	7.407407407407407	3.7037037037037037	3.7037037037037037	0	0	7.407407407407407	0	3.7037037037037037	3.7037037037037037	0	33.333333333333336	66.66666666666667	100.0	0.0	2.0	0	100.0	0	0
hebrew_clean_107.conllu	1	18	18.0	4.461538461538462	11.11111111111111	0	0	0	5.555555555555555	5.555555555555555	38.888888888888886	0	5.555555555555555	0	27.77777777777778	0	5.555555555555555	0	0.7692307692307693	0	0	0	0	100.0	0	0	0	0	1.0	100.0	2.0	0	0	100.0	0	0	0	0	4.0	18.0	10.0	2.5833333333333335	10	0	0	0	0	0.0	100.0	100.0	0.0	0	0	0	0	11.11111111111111	5.555555555555555	0	0	0	0	5.555555555555555	0	0	11.11111111111111	16.666666666666668	0	0	0	5.555555555555555	0	0	0	0	0	0	5.555555555555555	0	0	5.555555555555555	0	0	27.77777777777778	5.555555555555555	0	100.0	0.0	0	0	0	0	0	0	0
hebrew_clean_108.conllu	1	33	33.0	4.0	3.0303030303030303	12.121212121212121	0	6.0606060606060606	3.0303030303030303	9.090909090909092	21.21212121212121	0	3.0303030303030303	15.151515151515152	9.090909090909092	3.0303030303030303	15.151515151515152	0	0.6	0	0	0	100.0	0	0	0	0	100.0	6.0	100.0	2.0	20.0	0	60.0	0	20.0	0	0	7.0	5.5	7.0	2.310344827586207	7	1.0	1	100.0	0	0.0	100.0	100.0	0.0	0	3.0303030303030303	0	0	3.0303030303030303	0	0	9.090909090909092	0	3.0303030303030303	3.0303030303030303	0	0	6.0606060606060606	6.0606060606060606	6.0606060606060606	0	3.0303030303030303	6.0606060606060606	0	9.090909090909092	3.0303030303030303	0	3.0303030303030303	3.0303030303030303	0	6.0606060606060606	0	3.0303030303030303	6.0606060606060606	0	9.090909090909092	3.0303030303030303	6.0606060606060606	25.0	75.0	100.0	0.0	1.5	50.0	50.0	0	0
hebrew_clean_109.conllu	1	32	32.0	3.9655172413793105	3.125	18.75	3.125	0	3.125	9.375	25.0	0	6.25	6.25	9.375	3.125	12.5	0	0.5517241379310345	0	100.0	0	33.333333333333336	66.66666666666667	0	0	0	0	4.0	100.0	2.75	25.0	0	25.0	0	25.0	25.0	0	6.0	8.0	9.0	2.2142857142857144	9	0	0	0	0	0.0	100.0	100.0	0.0	0	3.125	0	3.125	3.125	0	0	9.375	3.125	6.25	3.125	0	0	3.125	3.125	0	0	0	9.375	3.125	9.375	3.125	0	0	6.25	3.125	0	0	9.375	9.375	0	6.25	3.125	0	33.333333333333336	66.66666666666667	100.0	0.0	1.0	100.0	0	0	0
hebrew_clean_110.conllu	1	23	23.0	3.7142857142857144	8.695652173913043	13.043478260869565	0	4.3478260869565215	4.3478260869565215	17.391304347826086	26.08695652173913	0	0	4.3478260869565215	8.695652173913043	0	13.043478260869565	0	0.5714285714285714	0	0	0	33.333333333333336	66.66666666666667	0	0	0	100.0	3.0	100.0	2.6666666666666665	0	0	33.333333333333336	66.66666666666667	0	0	0	6.0	7.666666666666667	6.0	1.9	6	0	0	0	0	0.0	100.0	100.0	0.0	0	0	0	4.3478260869565215	4.3478260869565215	0	0	8.695652173913043	4.3478260869565215	0	0	0	0	8.695652173913043	4.3478260869565215	0	0	0	17.391304347826086	4.3478260869565215	8.695652173913043	0	0	0	0	4.3478260869565215	0	0	4.3478260869565215	8.695652173913043	0	8.695652173913043	4.3478260869565215	4.3478260869565215	50.0	50.0	100.0	0.0	1.0	100.0	0	0	0
hebrew_clean_111.conllu	1	32	32.0	3.740740740740741	3.125	18.75	0	0	9.375	3.125	40.625	0	3.125	0	15.625	0	6.25	0	0.5925925925925926	0	0	0	50.0	50.0	0	0	0	0	2.0	100.0	2.5	0	0	50.0	50.0	0	0	0	7.0	16.0	24.0	2.9615384615384617	24	1.0	1	100.0	0	0	0	100.0	0.0	0	0	0	0	3.125	0	0	12.5	0	6.25	9.375	0	0	6.25	12.5	0	0	0	3.125	9.375	3.125	0	0	3.125	6.25	3.125	0	0	0	3.125	0	12.5	3.125	3.125	50.0	50.0	100.0	0.0	1.0	100.0	0	0	0
hebrew_clean_112.conllu	1	39	39.0	3.2285714285714286	2.5641025641025643	20.512820512820515	5.128205128205129	0	0	17.94871794871795	30.76923076923077	0	0	0	10.256410256410257	2.5641025641025643	10.256410256410257	0	0.5428571428571428	0	100.0	0	0	100.0	0	0	0	0	4.0	100.0	2.0	25.0	0	25.0	50.0	0	0	0	7.0	9.75	8.0	2.323529411764706	8	1.0	1	100.0	0	0.0	100.0	100.0	0.0	2.5641025641025643	2.5641025641025643	0	5.128205128205129	5.128205128205129	0	0	10.256410256410257	2.5641025641025643	5.128205128205129	0	0	0	7.6923076923076925	0	0	0	0	17.94871794871795	2.5641025641025643	0	2.5641025641025643	0	2.5641025641025643	5.128205128205129	2.5641025641025643	0	0	2.5641025641025643	10.256410256410257	0	10.256410256410257	2.5641025641025643	0	33.333333333333336	66.66666666666667	100.0	0.0	1.0	100.0	0	0	0
hebrew_clean_113.conllu	1	17	17.0	3.8666666666666667	5.882352941176471	17.647058823529413	11.764705882352942	0	0	5.882352941176471	29.41176470588235	11.764705882352942	0	0	11.764705882352942	0	5.882352941176471	0	0.6	0	0	0	0	100.0	0	0	0	0	1.0	100.0	4.0	0	0	0	0	100.0	0	0	4.0	17.0	6.0	2.0	6	0	0	0	0	0	0	100.0	0.0	0	0	0	17.647058823529413	5.882352941176471	0	0	17.647058823529413	0	0	0	0	0	5.882352941176471	0	0	0	0	5.882352941176471	0	0	0	0	0	0	5.882352941176471	0	11.764705882352942	0	11.764705882352942	0	11.764705882352942	5.882352941176471	0	100.0	0.0	0	0	0	0	0	0	0
hebrew_clean_114.conllu	1	19	19.0	3.6470588235294117	10.526315789473685	21.05263157894737	0	0	5.2631578947368425	0	42.10526315789474	0	0	0	10.526315789473685	0	10.526315789473685	0	0.7058823529411765	0	0	0	0	0	0	0	0	0	2.0	100.0	1.5	0	50.0	50.0	0	0	0	0	8.0	9.5	3.0	1.5	3	1.0	2	100.0	0	0.0	100.0	100.0	0.0	0	0	0	0	10.526315789473685	0	0	21.05263157894737	0	0	5.2631578947368425	0	0	15.789473684210526	5.2631578947368425	0	0	0	0	0	0	0	0	10.526315789473685	0	5.2631578947368425	0	0	5.2631578947368425	5.2631578947368425	0	10.526315789473685	5.2631578947368425	0	50.0	50.0	100.0	0.0	1.0	100.0	0	0	0
hebrew_clean_115.conllu	1	15	15.0	4.846153846153846	6.666666666666667	13.333333333333334	0	0	0	13.333333333333334	46.666666666666664	0	0	0	13.333333333333334	0	6.666666666666667	0	0.6923076923076923	0	0	0	0	100.0	0	0	0	0	1.0	100.0	3.0	0	0	0	100.0	0	0	0	4.0	15.0	8.0	2.0833333333333335	8	2.0	1	0	100.0	0.0	100.0	100.0	0.0	0	0	0	0	6.666666666666667	0	0	13.333333333333334	0	0	0	0	0	13.333333333333334	0	0	6.666666666666667	6.666666666666667	6.666666666666667	0	0	0	0	13.333333333333334	0	6.666666666666667	0	0	6.666666666666667	0	0	13.333333333333334	6.666666666666667	0	100.0	0.0	0	0	0	0	0	0	0
hebrew_clean_116.conllu	1	19	19.0	4.8	10.526315789473685	10.526315789473685	5.2631578947368425	0	0	5.2631578947368425	31.57894736842105	0	5.2631578947368425	0	21.05263157894737	0	10.526315789473685	0	0.7333333333333333	0	0	0	0	100.0	0	0	0	0	2.0	100.0	2.5	0	0	50.0	50.0	0	0	0	5.0	9.5	4.0	2.0	4	1.0	1	100.0	0	0.0	100.0	100.0	0.0	5.2631578947368425	0	0	0	10.526315789473685	0	0	10.526315789473685	0	0	0	0	0	0	10.526315789473685	0	0	0	5.2631578947368425	0	0	0	5.2631578947368425	5.2631578947368425	0	10.526315789473685	0	0	5.2631578947368425	5.2631578947368425	0	21.05263157894737	5.2631578947368425	0	50.0	50.0	100.0	0.0	1.0	100.0	0	0	0
hebrew_clean_117.conllu	1	25	25.0	3.5	4.0	20.0	0	0	4.0	8.0	36.0	0	4.0	0	4.0	8.0	12.0	0	0.5416666666666666	100.0	0	0	0	100.0	0	0	0	0	3.0	100.0	2.3333333333333335	0	33.333333333333336	33.333333333333336	0	33.333333333333336	0	0	8.0	8.333333333333334	9.0	1.9565217391304348	9	0	0	0	0	0.0	100.0	50.0	50.0	0	4.0	0	0	4.0	0	0	8.0	4.0	8.0	4.0	4.0	0	8.0	4.0	0	0	0	8.0	0	0	8.0	0	0	8.0	8.0	0	0	4.0	8.0	0	4.0	4.0	0	33.333333333333336	66.66666666666667	100.0	0.0	2.0	0	100.0	0	0
hebrew_clean_118.conllu	1	23	23.0	4.15	8.695652173913043	21.73913043478261	0	8.695652173913043	4.3478260869565215	4.3478260869565215	30.434782608695652	0	4.3478260869565215	0	13.043478260869565	0	4.3478260869565215	0	0.5	0	100.0	0	0	0	0	0	0	100.0	3.0	100.0	3.0	0	0	0	100.0	0	0	0	4.0	7.666666666666667	13.0	2.263157894736842	13	1.0	3	100.0	0	0.0	100.0	0	0	0	0	0	0	8.695652173913043	0	0	21.73913043478261	0	0	4.3478260869565215	0	0	0	4.3478260869565215	8.695652173913043	0	0	4.3478260869565215	0	0	0	0	13.043478260869565	4.3478260869565215	0	0	0	4.3478260869565215	8.695652173913043	0	13.043478260869565	4.3478260869565215	0	33.333333333333336	66.66666666666667	100.0	0.0	1.0	100.0	0	0	0
hebrew_clean_119.conllu	1	20	20.0	3.2941176470588234	5.0	5.0	0	5.0	0	20.0	25.0	10.0	0	15.0	15.0	0	0	0	0.5294117647058824	0	0	0	0	0	0	100.0	0	0	1.0	100.0	0	0	0	0	0	0	0	0	4.0	20.0	9.0	2.3125	9	1.0	1	100.0	0	0	0	100.0	0.0	0	0	0	0	5.0	5.0	0	5.0	0	0	0	0	0	10.0	0	5.0	0	0	20.0	0	10.0	0	0	10.0	0	5.0	0	5.0	0	0	0	15.0	5.0	0	100.0	0.0	0	0	0	0	0	0	0
hebrew_clean_120.conllu	1	45	45.0	3.5609756097560976	4.444444444444445	22.22222222222222	2.2222222222222223	4.444444444444445	0	6.666666666666667	26.666666666666668	6.666666666666667	4.444444444444445	0	8.88888888888889	4.444444444444445	8.88888888888889	0	0.4634146341463415	0	100.0	0	100.0	0	0	100.0	0	0	4.0	100.0	3.25	0	0	25.0	50.0	0	25.0	0	5.0	11.25	22.0	3.05	22	1.0	1	100.0	0	0.0	100.0	100.0	0.0	0	0	2.2222222222222223	2.2222222222222223	4.444444444444445	0	2.2222222222222223	11.11111111111111	2.2222222222222223	4.444444444444445	0	2.2222222222222223	0	8.88888888888889	0	2.2222222222222223	0	0	6.666666666666667	2.2222222222222223	0	6.666666666666667	0	2.2222222222222223	4.444444444444445	4.444444444444445	0	2.2222222222222223	8.88888888888889	8.88888888888889	0	8.88888888888889	2.2222222222222223	0	25.0	75.0	100.0	0.0	1.5	50.0	50.0	0	0
hebrew_clean_121.conllu	1	25	25.0	4.043478260869565	4.0	16.0	0	0	4.0	12.0	36.0	4.0	0	4.0	8.0	4.0	8.0	0	0.5652173913043478	0	100.0	0	0	0	0	0	0	0	2.0	100.0	3.0	0	0	0	100.0	0	0	0	5.0	12.5	11.0	2.227272727272727	11	1.0	1	100.0	0	0	0	100.0	0.0	0	0	4.0	0	4.0	0	0	12.0	0	4.0	4.0	0	0	12.0	4.0	0	0	0	12.0	0	4.0	4.0	0	4.0	4.0	8.0	0	0	0	8.0	0	8.0	4.0	0	50.0	50.0	100.0	0.0	1.0	100.0	0	0	0