Filename	n_sentences	n_tokens	tokens_per_sent	char_per_tok	upos_dist_ADJ	upos_dist_ADP	upos_dist_ADV	upos_dist_AUX	upos_dist_CCONJ	upos_dist_DET	upos_dist_NOUN	upos_dist_NUM	upos_dist_PART	upos_dist_PRON	upos_dist_PROPN	upos_dist_PUNCT	upos_dist_SCONJ	upos_dist_VERB	lexical_density	verbs_tense_dist_Past	verbs_tense_dist_Pres	verbs_mood_dist_Ind	verbs_form_dist_Conv	verbs_form_dist_Fin	verbs_form_dist_Inf	verbs_form_dist_Part	verbs_num_pers_dist_Plur+	verbs_num_pers_dist_Plur+3	verbs_num_pers_dist_Sing+	verbs_num_pers_dist_Sing+3	aux_tense_dist_Past	aux_tense_dist_Pres	aux_mood_dist_Ind	aux_form_dist_Fin	aux_form_dist_Inf	aux_num_pers_dist_Plur+	aux_num_pers_dist_Sing+	aux_num_pers_dist_Sing+3	verbal_head_per_sent	verbal_root_perc	avg_verb_edges	verb_edges_dist_0	verb_edges_dist_1	verb_edges_dist_2	verb_edges_dist_3	verb_edges_dist_4	verb_edges_dist_5	verb_edges_dist_6	avg_max_depth	avg_token_per_clause	avg_max_links_len	avg_links_len	max_links_len	avg_prepositional_chain_len	n_prepositional_chains	prep_dist_1	prep_dist_2	obj_pre	obj_post	subj_pre	subj_post	dep_dist_acl	dep_dist_acl:relcl	dep_dist_advcl	dep_dist_advmod	dep_dist_amod	dep_dist_appos	dep_dist_aux	dep_dist_aux:pass	dep_dist_case	dep_dist_cc	dep_dist_ccomp	dep_dist_compound	dep_dist_conj	dep_dist_cop	dep_dist_csubj	dep_dist_det	dep_dist_discourse	dep_dist_fixed	dep_dist_iobj	dep_dist_mark	dep_dist_nmod	dep_dist_nsubj	dep_dist_nsubj:pass	dep_dist_nummod	dep_dist_nummod:gov	dep_dist_obj	dep_dist_obl	dep_dist_parataxis	dep_dist_punct	dep_dist_root	dep_dist_xcomp	principal_proposition_dist	subordinate_proposition_dist	subordinate_post	subordinate_pre	avg_subordinate_chain_len	subordinate_dist_1	subordinate_dist_2	subordinate_dist_3
russian_clean_1.conllu	1	13	13.0	5.545454545454546	7.6923076923076925	7.6923076923076925	0	0	15.384615384615385	7.6923076923076925	46.15384615384615	0	0	0	0	15.384615384615385	0	0	0.6363636363636364	0	0	0	0	0	0	0	0	0	0	0	0	0	0	0	0	0	0	0	0.0	0.0	0	0	0	0	0	0	0	0	4.0	0	7.0	2.1	7	1.0	1	100.0	0	0	0	0	0	0	0	0	0	7.6923076923076925	7.6923076923076925	0	0	7.6923076923076925	15.384615384615385	0	0	15.384615384615385	0	0	7.6923076923076925	0	0	0	0	15.384615384615385	0	0	0	0	0	0	0	15.384615384615385	7.6923076923076925	0	0	0	0	0	0	0	0	0
russian_clean_2.conllu	1	23	23.0	4.315789473684211	8.695652173913043	8.695652173913043	8.695652173913043	0	8.695652173913043	0	13.043478260869565	0	4.3478260869565215	13.043478260869565	0	17.391304347826086	4.3478260869565215	13.043478260869565	0.5263157894736842	0	100.0	100.0	0	100.0	0	0	0	33.333333333333336	0	66.66666666666667	0	0	0	0	0	0	0	0	3.0	100.0	4.0	0	0	0	33.333333333333336	33.333333333333336	33.333333333333336	0	4.0	7.666666666666667	20.0	3.2222222222222223	20	0	0	0	0	50.0	50.0	100.0	0.0	0	0	4.3478260869565215	8.695652173913043	4.3478260869565215	0	0	0	8.695652173913043	8.695652173913043	0	0	8.695652173913043	0	0	0	0	4.3478260869565215	0	4.3478260869565215	0	8.695652173913043	0	0	0	8.695652173913043	8.695652173913043	0	17.391304347826086	4.3478260869565215	0	50.0	50.0	100.0	0.0	1.0	100.0	0	0
russian_clean_3.conllu	1	16	16.0	4.846153846153846	6.25	0	6.25	6.25	18.75	6.25	37.5	0	0	0	0	18.75	0	0	0.6153846153846154	0	0	0	0	0	0	0	0	0	0	0	100.0	0	100.0	100.0	0	100.0	0	0	1.0	100.0	0	0	0	0	0	0	0	0	4.0	16.0	10.0	2.3333333333333335	10	0	0	0	0	100.0	0.0	0.0	100.0	0	0	0	0	0	0	0	0	0	18.75	0	0	18.75	6.25	0	6.25	6.25	0	6.25	0	6.25	6.25	0	0	0	0	0	0	18.75	6.25	0	100.0	0.0	0	0	0	0	0	0
russian_clean_4.conllu	1	14	14.0	4.384615384615385	7.142857142857143	14.285714285714286	0	7.142857142857143	7.142857142857143	7.142857142857143	35.714285714285715	0	0	0	0	7.142857142857143	0	14.285714285714286	0.6153846153846154	100.0	0	0	0	0	0	100.0	0	0	0	0	100.0	0	100.0	100.0	0	100.0	0	0	2.0	100.0	3.0	0	0	50.0	0	50.0	0	0	3.0	7.0	5.0	2.1666666666666665	5	0	0	0	0	0	0	100.0	0.0	0	0	0	0	7.142857142857143	0	0	7.142857142857143	14.285714285714286	7.142857142857143	0	0	7.142857142857143	0	0	7.142857142857143	0	7.142857142857143	0	0	7.142857142857143	0	7.142857142857143	0	0	0	14.285714285714286	0	7.142857142857143	7.142857142857143	0	100.0	0.0	0	0	0	0	0	0
russian_clean_5.conllu	1	13	13.0	4.333333333333333	0	15.384615384615385	7.6923076923076925	0	7.6923076923076925	0	38.46153846153846	0	0	0	7.6923076923076925	7.6923076923076925	7.6923076923076925	7.6923076923076925	0.6666666666666666	100.0	0	100.0	0	100.0	0	0	100.0	0	0	0	0	0	0	0	0	0	0	0	1.0	100.0	3.0	0	0	0	100.0	0	0	0	4.0	13.0	5.0	1.7272727272727273	5	1.0	1	100.0	0	100.0	0.0	0	0	7.6923076923076925	0	0	7.6923076923076925	0	0	0	0	15.384615384615385	7.6923076923076925	0	0	7.6923076923076925	0	0	0	0	0	0	7.6923076923076925	15.384615384615385	0	0	0	0	7.6923076923076925	7.6923076923076925	0	7.6923076923076925	7.6923076923076925	0	100.0	0.0	0	0	0	0	0	0
russian_clean_6.conllu	1	27	27.0	5.7272727272727275	7.407407407407407	22.22222222222222	7.407407407407407	0	3.7037037037037037	0	29.62962962962963	7.407407407407407	0	0	0	18.51851851851852	0	3.7037037037037037	0.5909090909090909	100.0	0	100.0	0	100.0	0	0	0	0	100.0	0	0	0	0	0	0	0	0	0	1.0	100.0	3.0	0	0	0	100.0	0	0	0	6.0	27.0	14.0	2.761904761904762	14	1.5	2	50.0	50.0	0.0	100.0	100.0	0.0	0	0	0	3.7037037037037037	0	0	0	0	22.22222222222222	3.7037037037037037	0	0	7.407407407407407	0	0	0	0	0	0	0	11.11111111111111	3.7037037037037037	0	7.407407407407407	0	3.7037037037037037	7.407407407407407	7.407407407407407	18.51851851851852	3.7037037037037037	0	100.0	0.0	0	0	0	0	0	0
russian_clean_7.conllu	1	20	20.0	5.764705882352941	5.0	10.0	5.0	0	15.0	0	35.0	0	5.0	0	5.0	15.0	0	5.0	0.6470588235294118	100.0	0	100.0	0	100.0	0	0	100.0	0	0	0	0	0	0	0	0	0	0	0	1.0	100.0	3.0	0	0	0	100.0	0	0	0	4.0	20.0	14.0	3.4375	14	0	0	0	0	100.0	0.0	0	0	0	0	0	5.0	5.0	0	0	0	10.0	15.0	0	0	20.0	0	0	0	0	10.0	5.0	0	5.0	0	0	0	0	0	5.0	0	15.0	5.0	0	100.0	0.0	0	0	0	0	0	0
russian_clean_8.conllu	1	15	15.0	4.923076923076923	13.333333333333334	6.666666666666667	0	0	6.666666666666667	13.333333333333334	20.0	0	6.666666666666667	0	6.666666666666667	13.333333333333334	0	13.333333333333334	0.6153846153846154	100.0	0	100.0	0	100.0	0	0	0	0	100.0	0	0	0	0	0	0	0	0	0	2.0	100.0	3.5	0	0	0	50.0	50.0	0	0	3.0	7.5	7.0	2.0833333333333335	7	0	0	0	0	0	0	0.0	100.0	0	0	0	6.666666666666667	13.333333333333334	0	0	0	6.666666666666667	6.666666666666667	0	0	6.666666666666667	0	0	13.333333333333334	0	0	0	0	0	13.333333333333334	0	0	0	0	13.333333333333334	0	13.333333333333334	6.666666666666667	0	100.0	0.0	0	0	0	0	0	0
russian_clean_9.conllu	1	17	17.0	6.571428571428571	5.882352941176471	5.882352941176471	0	0	17.647058823529413	0	47.05882352941177	0	0	0	0	17.647058823529413	0	5.882352941176471	0.7142857142857143	100.0	0	100.0	0	100.0	0	0	0	0	100.0	0	0	0	0	0	0	0	0	0	1.0	100.0	2.0	0	0	100.0	0	0	0	0	4.0	17.0	10.0	3.076923076923077	10	1.0	1	100.0	0	0.0	100.0	100.0	0.0	0	0	0	0	5.882352941176471	0	0	0	5.882352941176471	17.647058823529413	0	0	29.41176470588235	0	0	0	0	0	0	0	5.882352941176471	5.882352941176471	0	0	0	5.882352941176471	0	0	17.647058823529413	5.882352941176471	0	100.0	0.0	0	0	0	0	0	0
russian_clean_10.conllu	1	18	18.0	5.933333333333334	11.11111111111111	5.555555555555555	5.555555555555555	0	5.555555555555555	5.555555555555555	22.22222222222222	0	5.555555555555555	5.555555555555555	5.555555555555555	16.666666666666668	0	11.11111111111111	0.6666666666666666	100.0	0	100.0	0	100.0	0	0	50.0	0	50.0	0	0	0	0	0	0	0	0	0	2.0	100.0	4.0	0	0	0	0	100.0	0	0	4.0	9.0	8.0	2.0	8	0	0	0	0	0.0	100.0	50.0	50.0	0	0	0	5.555555555555555	11.11111111111111	0	0	0	5.555555555555555	5.555555555555555	0	0	5.555555555555555	0	0	5.555555555555555	0	0	5.555555555555555	0	0	11.11111111111111	0	0	0	5.555555555555555	16.666666666666668	0	16.666666666666668	5.555555555555555	0	100.0	0.0	0	0	0	0	0	0
russian_clean_11.conllu	1	16	16.0	6.153846153846154	6.25	6.25	6.25	0	6.25	0	37.5	0	0	12.5	0	18.75	0	6.25	0.6923076923076923	0	100.0	100.0	0	100.0	0	0	0	100.0	0	0	0	0	0	0	0	0	0	0	1.0	0.0	3.0	0	0	0	100.0	0	0	0	5.0	16.0	4.0	1.8333333333333333	4	0	0	0	0	0	0	100.0	0.0	0	6.25	0	6.25	6.25	0	0	0	6.25	6.25	0	0	6.25	0	0	0	0	0	0	0	12.5	18.75	0	0	0	0	6.25	0	18.75	6.25	0	0.0	100.0	100.0	0.0	1.0	100.0	0	0
russian_clean_12.conllu	1	31	31.0	5.888888888888889	22.580645161290324	6.451612903225806	0	0	12.903225806451612	3.225806451612903	25.806451612903224	0	0	0	0	12.903225806451612	3.225806451612903	12.903225806451612	0.7037037037037037	100.0	0	0	25.0	0	75.0	0	0	0	0	0	0	0	0	0	0	0	0	0	4.0	0.0	2.5	0	0	75.0	0	25.0	0	0	7.0	7.75	10.0	2.6923076923076925	10	1.0	1	100.0	0	0.0	100.0	0.0	100.0	0	0	6.451612903225806	0	9.67741935483871	0	0	0	6.451612903225806	12.903225806451612	0	0	16.129032258064516	0	3.225806451612903	3.225806451612903	0	0	0	3.225806451612903	3.225806451612903	0	0	0	0	12.903225806451612	6.451612903225806	0	12.903225806451612	3.225806451612903	0	0.0	100.0	66.66666666666667	33.333333333333336	1.0	100.0	0	0
russian_clean_13.conllu	1	9	9.0	7.285714285714286	11.11111111111111	11.11111111111111	22.22222222222222	0	0	0	22.22222222222222	0	0	0	0	22.22222222222222	0	11.11111111111111	0.8571428571428571	0	100.0	100.0	0	100.0	0	0	0	100.0	0	0	0	0	0	0	0	0	0	0	1.0	100.0	3.0	0	0	0	100.0	0	0	0	2.0	9.0	2.0	1.5	2	0	0	0	0	0	0	100.0	0.0	0	0	0	11.11111111111111	11.11111111111111	0	0	0	11.11111111111111	0	0	0	11.11111111111111	0	0	0	0	0	0	0	0	11.11111111111111	0	0	0	0	11.11111111111111	0	22.22222222222222	11.11111111111111	0	100.0	0.0	0	0	0	0	0	0
russian_clean_14.conllu	1	23	23.0	6.454545454545454	17.391304347826086	13.043478260869565	4.3478260869565215	4.3478260869565215	4.3478260869565215	4.3478260869565215	34.78260869565217	0	0	0	0	4.3478260869565215	0	13.043478260869565	0.7272727272727273	100.0	0	100.0	0	33.333333333333336	0	66.66666666666667	0	0	100.0	0	100.0	0	100.0	100.0	0	0	100.0	0	3.0	100.0	2.6666666666666665	33.333333333333336	0	0	33.333333333333336	0	33.333333333333336	0	4.0	7.666666666666667	14.0	2.619047619047619	14	1.0	2	100.0	0	0.0	100.0	100.0	0.0	0	0	0	4.3478260869565215	21.73913043478261	0	0	4.3478260869565215	13.043478260869565	4.3478260869565215	0	0	4.3478260869565215	0	0	4.3478260869565215	0	0	0	0	17.391304347826086	0	4.3478260869565215	0	0	4.3478260869565215	8.695652173913043	0	4.3478260869565215	4.3478260869565215	0	100.0	0.0	0	0	0	0	0	0
russian_clean_15.conllu	1	20	20.0	5.823529411764706	5.0	10.0	10.0	0	10.0	5.0	25.0	0	5.0	5.0	0	15.0	0	10.0	0.5882352941176471	0	100.0	100.0	0	50.0	50.0	0	0	100.0	0	0	0	0	0	0	0	0	0	0	2.0	100.0	2.5	0	50.0	0	0	50.0	0	0	5.0	10.0	7.0	2.125	7	0	0	0	0	66.66666666666667	33.333333333333336	0.0	100.0	0	0	0	10.0	0	0	0	0	10.0	10.0	0	0	15.0	0	5.0	5.0	0	0	5.0	0	0	0	0	0	0	10.0	10.0	0	15.0	5.0	0	50.0	50.0	100.0	0.0	1.0	100.0	0	0
russian_clean_16.conllu	1	26	26.0	6.65	3.8461538461538463	7.6923076923076925	0	0	3.8461538461538463	0	34.61538461538461	3.8461538461538463	0	0	7.6923076923076925	23.076923076923077	3.8461538461538463	11.538461538461538	0.75	0	100.0	100.0	0	33.333333333333336	33.333333333333336	33.333333333333336	0	100.0	0	0	0	0	0	0	0	0	0	0	3.0	100.0	2.0	0	33.333333333333336	33.333333333333336	33.333333333333336	0	0	0	7.0	8.666666666666666	11.0	2.526315789473684	11	1.0	1	100.0	0	0.0	100.0	100.0	0.0	3.8461538461538463	0	3.8461538461538463	0	3.8461538461538463	3.8461538461538463	0	0	7.6923076923076925	3.8461538461538463	0	0	11.538461538461538	0	0	0	0	0	0	3.8461538461538463	7.6923076923076925	3.8461538461538463	0	0	3.8461538461538463	3.8461538461538463	7.6923076923076925	3.8461538461538463	23.076923076923077	3.8461538461538463	0	33.333333333333336	66.66666666666667	100.0	0.0	1.0	100.0	0	0
russian_clean_17.conllu	1	43	43.0	6.27027027027027	13.953488372093023	11.627906976744185	2.3255813953488373	0	2.3255813953488373	2.3255813953488373	23.25581395348837	2.3255813953488373	0	4.651162790697675	0	13.953488372093023	6.976744186046512	16.27906976744186	0.6486486486486487	57.142857142857146	42.857142857142854	100.0	14.285714285714286	71.42857142857143	0	14.285714285714286	40.0	40.0	20.0	0	0	0	0	0	0	0	0	0	7.0	100.0	2.4285714285714284	14.285714285714286	14.285714285714286	14.285714285714286	28.571428571428573	28.571428571428573	0	0	8.0	6.142857142857143	11.0	2.5	11	1.0	2	100.0	0	0.0	100.0	100.0	0.0	0	0	4.651162790697675	2.3255813953488373	13.953488372093023	0	0	0	11.627906976744185	2.3255813953488373	4.651162790697675	0	2.3255813953488373	0	0	0	0	2.3255813953488373	0	6.976744186046512	6.976744186046512	9.30232558139535	0	0	2.3255813953488373	2.3255813953488373	9.30232558139535	2.3255813953488373	13.953488372093023	2.3255813953488373	0	25.0	75.0	100.0	0.0	1.5	50.0	50.0	0
russian_clean_18.conllu	1	11	11.0	9.2	9.090909090909092	9.090909090909092	9.090909090909092	0	0	0	36.36363636363637	0	0	0	0	9.090909090909092	0	27.272727272727273	0.9	33.333333333333336	66.66666666666667	100.0	0	33.333333333333336	0	66.66666666666667	0	100.0	0	0	0	0	0	0	0	0	0	0	3.0	100.0	1.0	66.66666666666667	0	0	33.333333333333336	0	0	0	4.0	3.6666666666666665	3.0	1.5555555555555556	3	0	0	0	0	0.0	100.0	0	0	0	0	0	9.090909090909092	27.272727272727273	0	0	0	9.090909090909092	0	0	0	0	0	0	0	0	0	0	0	18.181818181818183	0	0	0	0	9.090909090909092	9.090909090909092	0	9.090909090909092	9.090909090909092	0	100.0	0.0	0	0	0	0	0	0
russian_clean_19.conllu	1	11	11.0	10.0	9.090909090909092	0	9.090909090909092	0	0	0	45.45454545454545	0	0	0	0	18.181818181818183	0	18.181818181818183	1.0	0	100.0	100.0	0	50.0	0	50.0	0	0	0	100.0	0	0	0	0	0	0	0	0	2.0	100.0	2.0	0	50.0	0	50.0	0	0	0	5.0	5.5	3.0	1.5	3	0	0	0	0	0.0	100.0	100.0	0.0	9.090909090909092	0	0	9.090909090909092	9.090909090909092	0	0	0	0	0	0	0	0	0	0	0	0	0	0	0	18.181818181818183	0	9.090909090909092	0	0	9.090909090909092	9.090909090909092	0	18.181818181818183	9.090909090909092	0	50.0	50.0	100.0	0.0	1.0	100.0	0	0
russian_clean_20.conllu	1	26	26.0	8.863636363636363	23.076923076923077	3.8461538461538463	7.6923076923076925	0	3.8461538461538463	0	26.923076923076923	0	0	0	3.8461538461538463	15.384615384615385	3.8461538461538463	11.538461538461538	0.8636363636363636	33.333333333333336	66.66666666666667	100.0	0	33.333333333333336	0	66.66666666666667	0	0	0	100.0	0	0	0	0	0	0	0	0	3.0	100.0	2.3333333333333335	33.333333333333336	0	0	33.333333333333336	33.333333333333336	0	0	5.0	8.666666666666666	11.0	2.4285714285714284	11	1.0	1	100.0	0	0	0	50.0	50.0	0	0	0	3.8461538461538463	23.076923076923077	0	0	0	3.8461538461538463	3.8461538461538463	0	0	3.8461538461538463	0	0	0	0	0	0	3.8461538461538463	15.384615384615385	3.8461538461538463	3.8461538461538463	0	0	0	7.6923076923076925	7.6923076923076925	15.384615384615385	3.8461538461538463	0	100.0	0.0	0	0	0	0	0	0
russian_clean_21.conllu	1	23	23.0	7.833333333333333	13.043478260869565	0	4.3478260869565215	0	4.3478260869565215	0	30.434782608695652	0	0	8.695652173913043	0	21.73913043478261	4.3478260869565215	13.043478260869565	0.7777777777777778	0	100.0	100.0	0	66.66666666666667	33.333333333333336	0	0	100.0	0	0	0	0	0	0	0	0	0	0	3.0	100.0	3.0	0	0	33.333333333333336	33.333333333333336	33.333333333333336	0	0	4.0	7.666666666666667	13.0	3.0588235294117645	13	0	0	0	0	0.0	100.0	100.0	0.0	0	4.3478260869565215	4.3478260869565215	0	13.043478260869565	0	0	0	0	4.3478260869565215	0	0	4.3478260869565215	0	0	0	0	0	0	4.3478260869565215	4.3478260869565215	8.695652173913043	0	0	4.3478260869565215	13.043478260869565	8.695652173913043	0	21.73913043478261	4.3478260869565215	0	33.333333333333336	66.66666666666667	0.0	100.0	2.0	0	100.0	0
russian_clean_22.conllu	1	26	26.0	4.9523809523809526	19.23076923076923	7.6923076923076925	3.8461538461538463	0	3.8461538461538463	7.6923076923076925	23.076923076923077	0	11.538461538461538	0	0	19.23076923076923	3.8461538461538463	0	0.5714285714285714	0	0	0	0	0	0	0	0	0	0	0	0	0	0	0	0	0	0	0	0.0	0.0	0	0	0	0	0	0	0	0	4.0	0	11.0	2.7	11	1.0	1	100.0	0	0	0	100.0	0.0	0	0	0	11.538461538461538	11.538461538461538	0	0	0	7.6923076923076925	3.8461538461538463	0	0	3.8461538461538463	0	0	3.8461538461538463	0	3.8461538461538463	0	3.8461538461538463	7.6923076923076925	7.6923076923076925	0	0	0	0	7.6923076923076925	3.8461538461538463	19.23076923076923	3.8461538461538463	0	0	0	0	0	0	0	0	0
russian_clean_23.conllu	1	24	24.0	5.7272727272727275	8.333333333333334	25.0	4.166666666666667	0	8.333333333333334	0	37.5	0	0	0	0	8.333333333333334	0	8.333333333333334	0.6363636363636364	50.0	50.0	100.0	50.0	50.0	0	0	100.0	0	0	0	0	0	0	0	0	0	0	0	2.0	100.0	2.5	0	50.0	0	0	50.0	0	0	6.0	12.0	18.0	2.6666666666666665	18	1.0	3	100.0	0	0	0	100.0	0.0	0	0	4.166666666666667	4.166666666666667	8.333333333333334	0	0	0	25.0	8.333333333333334	0	0	8.333333333333334	0	0	0	0	0	0	0	16.666666666666668	4.166666666666667	0	0	0	0	8.333333333333334	0	8.333333333333334	4.166666666666667	0	50.0	50.0	0.0	100.0	1.0	100.0	0	0
russian_clean_24.conllu	1	17	17.0	8.3125	17.647058823529413	11.764705882352942	5.882352941176471	0	5.882352941176471	0	35.294117647058826	0	0	0	0	5.882352941176471	0	17.647058823529413	0.8125	0	100.0	100.0	0	33.333333333333336	33.333333333333336	33.333333333333336	0	100.0	0	0	0	0	0	0	0	0	0	0	3.0	100.0	1.6666666666666667	33.333333333333336	0	33.333333333333336	33.333333333333336	0	0	0	4.0	5.666666666666667	6.0	2.1333333333333333	6	1.0	1	100.0	0	0.0	100.0	100.0	0.0	0	0	0	5.882352941176471	23.529411764705884	0	0	0	11.764705882352942	5.882352941176471	0	0	5.882352941176471	0	0	0	0	0	0	0	11.764705882352942	5.882352941176471	0	0	0	5.882352941176471	5.882352941176471	0	5.882352941176471	5.882352941176471	5.882352941176471	50.0	50.0	100.0	0.0	1.0	100.0	0	0
russian_clean_25.conllu	1	28	28.0	6.958333333333333	10.714285714285714	14.285714285714286	0	0	3.5714285714285716	0	46.42857142857143	0	0	7.142857142857143	0	14.285714285714286	0	3.5714285714285716	0.7083333333333334	0	100.0	0	0	0	0	100.0	0	0	0	0	0	0	0	0	0	0	0	0	1.0	0.0	0.0	100.0	0	0	0	0	0	0	5.0	28.0	13.0	2.347826086956522	13	1.0	4	100.0	0	0	0	100.0	0.0	0	3.5714285714285716	0	0	14.285714285714286	3.5714285714285716	0	0	14.285714285714286	3.5714285714285716	0	0	7.142857142857143	0	0	0	0	0	0	0	25.0	10.714285714285714	0	0	0	0	0	0	14.285714285714286	3.5714285714285716	0	0	0	0	0	0	0	0	0
russian_clean_26.conllu	1	13	13.0	9.454545454545455	7.6923076923076925	0	7.6923076923076925	0	0	0	38.46153846153846	0	0	0	0	15.384615384615385	7.6923076923076925	23.076923076923077	0.9090909090909091	0	100.0	100.0	0	66.66666666666667	0	33.333333333333336	0	50.0	0	50.0	0	0	0	0	0	0	0	0	3.0	100.0	2.0	33.333333333333336	0	0	66.66666666666667	0	0	0	4.0	4.333333333333333	6.0	2.2	6	0	0	0	0	0.0	100.0	100.0	0.0	0	0	0	7.6923076923076925	15.384615384615385	0	0	0	0	0	7.6923076923076925	0	0	0	0	0	0	0	7.6923076923076925	7.6923076923076925	15.384615384615385	15.384615384615385	0	0	0	0	0	0	15.384615384615385	7.6923076923076925	0	50.0	50.0	100.0	0.0	1.0	100.0	0	0
russian_clean_27.conllu	1	14	14.0	7.636363636363637	50.0	7.142857142857143	0	0	0	0	21.428571428571427	0	0	0	0	21.428571428571427	0	0	0.9090909090909091	0	0	0	0	0	0	0	0	0	0	0	0	0	0	0	0	0	0	0	0.0	0.0	0	0	0	0	0	0	0	0	3.0	0	5.0	2.3	5	1.0	1	100.0	0	0	0	0	0	0	0	0	0	42.857142857142854	0	0	0	7.142857142857143	0	0	0	7.142857142857143	0	0	0	0	0	0	0	14.285714285714286	0	0	0	0	0	0	0	21.428571428571427	7.142857142857143	0	0	0	0	0	0	0	0	0
russian_clean_28.conllu	1	21	21.0	5.85	19.047619047619047	14.285714285714286	4.761904761904762	0	9.523809523809524	9.523809523809524	28.571428571428573	0	0	0	4.761904761904762	4.761904761904762	0	4.761904761904762	0.65	0	100.0	100.0	0	100.0	0	0	0	100.0	0	0	0	0	0	0	0	0	0	0	1.0	100.0	5.0	0	0	0	0	0	100.0	0	5.0	21.0	11.0	2.3684210526315788	11	0	0	0	0	100.0	0.0	0	0	0	0	0	4.761904761904762	14.285714285714286	0	0	0	14.285714285714286	9.523809523809524	0	0	9.523809523809524	0	0	9.523809523809524	0	0	0	0	4.761904761904762	0	0	0	0	4.761904761904762	19.047619047619047	0	4.761904761904762	4.761904761904762	0	100.0	0.0	0	0	0	0	0	0
russian_clean_29.conllu	1	22	22.0	5.0588235294117645	13.636363636363637	9.090909090909092	9.090909090909092	0	9.090909090909092	4.545454545454546	9.090909090909092	0	0	0	9.090909090909092	22.727272727272727	4.545454545454546	9.090909090909092	0.6470588235294118	50.0	50.0	100.0	0	100.0	0	0	0	50.0	50.0	0	0	0	0	0	0	0	0	0	2.0	100.0	2.5	0	50.0	0	0	50.0	0	0	3.0	11.0	18.0	3.8125	18	0	0	0	0	0	0	100.0	0.0	0	0	0	4.545454545454546	9.090909090909092	0	0	0	9.090909090909092	9.090909090909092	0	0	13.636363636363637	0	0	4.545454545454546	0	0	0	4.545454545454546	0	4.545454545454546	0	0	0	0	9.090909090909092	4.545454545454546	22.727272727272727	4.545454545454546	0	100.0	0.0	0	0	0	0	0	0
russian_clean_30.conllu	1	23	23.0	4.05	8.695652173913043	17.391304347826086	0	4.3478260869565215	4.3478260869565215	0	26.08695652173913	4.3478260869565215	13.043478260869565	4.3478260869565215	0	13.043478260869565	0	4.3478260869565215	0.45	0	100.0	100.0	0	100.0	0	0	0	0	0	100.0	100.0	0	100.0	100.0	0	0	100.0	0	2.0	100.0	3.0	0	0	0	100.0	0	0	0	7.0	11.5	5.0	2.1578947368421053	5	1.0	1	100.0	0	0	0	100.0	0.0	0	4.3478260869565215	0	13.043478260869565	4.3478260869565215	0	0	0	17.391304347826086	4.3478260869565215	0	0	4.3478260869565215	4.3478260869565215	0	0	0	0	0	0	8.695652173913043	8.695652173913043	0	4.3478260869565215	0	0	8.695652173913043	0	13.043478260869565	4.3478260869565215	0	50.0	50.0	100.0	0.0	1.0	100.0	0	0
russian_clean_31.conllu	1	14	14.0	6.0	14.285714285714286	14.285714285714286	0	0	0	7.142857142857143	50.0	0	0	0	0	7.142857142857143	0	7.142857142857143	0.7692307692307693	100.0	0	100.0	0	100.0	0	0	0	0	100.0	0	0	0	0	0	0	0	0	0	1.0	100.0	2.0	0	0	100.0	0	0	0	0	4.0	14.0	3.0	1.9166666666666667	3	2.0	1	0	100.0	0.0	100.0	100.0	0.0	0	0	0	0	14.285714285714286	0	0	0	14.285714285714286	0	0	0	0	0	0	7.142857142857143	0	7.142857142857143	0	0	28.571428571428573	7.142857142857143	0	0	0	7.142857142857143	0	0	7.142857142857143	7.142857142857143	0	100.0	0.0	0	0	0	0	0	0
russian_clean_32.conllu	1	25	25.0	4.761904761904762	4.0	4.0	20.0	4.0	4.0	4.0	16.0	0	0	4.0	0	16.0	8.0	16.0	0.6666666666666666	75.0	25.0	100.0	0	100.0	0	0	0	0	75.0	25.0	100.0	0	100.0	100.0	0	0	100.0	0	5.0	100.0	2.5	0	0	75.0	0	25.0	0	0	6.0	5.0	12.0	2.65	12	0	0	0	0	0	0	66.66666666666667	33.333333333333336	0	4.0	4.0	12.0	4.0	0	0	0	4.0	4.0	4.0	0	4.0	4.0	0	4.0	0	4.0	0	8.0	0	12.0	0	0	0	0	8.0	0	16.0	4.0	0	25.0	75.0	100.0	0.0	1.0	100.0	0	0
russian_clean_33.conllu	1	29	29.0	5.923076923076923	6.896551724137931	10.344827586206897	13.793103448275861	0	6.896551724137931	0	13.793103448275861	0	6.896551724137931	3.4482758620689653	10.344827586206897	10.344827586206897	3.4482758620689653	13.793103448275861	0.6538461538461539	100.0	0	100.0	0	100.0	0	0	0	0	100.0	0	0	0	0	0	0	0	0	0	4.0	100.0	4.0	0	0	0	25.0	50.0	25.0	0	4.0	7.25	16.0	2.68	16	0	0	0	0	0.0	100.0	100.0	0.0	0	0	3.4482758620689653	17.24137931034483	6.896551724137931	3.4482758620689653	0	0	10.344827586206897	6.896551724137931	0	0	6.896551724137931	0	0	0	0	0	3.4482758620689653	3.4482758620689653	3.4482758620689653	6.896551724137931	0	0	0	0	13.793103448275861	0	10.344827586206897	3.4482758620689653	0	50.0	50.0	100.0	0.0	1.0	100.0	0	0
russian_clean_34.conllu	1	39	39.0	5.848484848484849	7.6923076923076925	10.256410256410257	2.5641025641025643	0	5.128205128205129	2.5641025641025643	38.46153846153846	0	5.128205128205129	5.128205128205129	0	15.384615384615385	0	7.6923076923076925	0.6666666666666666	66.66666666666667	33.333333333333336	100.0	0	100.0	0	0	66.66666666666667	33.333333333333336	0	0	0	0	0	0	0	0	0	0	3.0	100.0	3.3333333333333335	0	0	33.333333333333336	0	66.66666666666667	0	0	9.0	13.0	8.0	2.15625	8	1.0	2	100.0	0	50.0	50.0	0.0	100.0	0	2.5641025641025643	0	5.128205128205129	7.6923076923076925	0	0	0	10.256410256410257	5.128205128205129	0	0	7.6923076923076925	0	0	2.5641025641025643	0	2.5641025641025643	0	0	20.512820512820515	5.128205128205129	0	0	0	5.128205128205129	5.128205128205129	2.5641025641025643	15.384615384615385	2.5641025641025643	0	50.0	50.0	100.0	0.0	1.0	100.0	0	0
russian_clean_35.conllu	1	29	29.0	5.461538461538462	6.896551724137931	17.24137931034483	6.896551724137931	0	3.4482758620689653	3.4482758620689653	17.24137931034483	3.4482758620689653	6.896551724137931	6.896551724137931	3.4482758620689653	10.344827586206897	3.4482758620689653	10.344827586206897	0.5	33.333333333333336	66.66666666666667	100.0	0	100.0	0	0	0	33.333333333333336	33.333333333333336	33.333333333333336	0	0	0	0	0	0	0	0	3.0	100.0	4.666666666666667	0	0	0	0	33.333333333333336	66.66666666666667	0	4.0	9.666666666666666	14.0	2.6	14	1.5	2	50.0	50.0	0	0	66.66666666666667	33.333333333333336	0	0	3.4482758620689653	13.793103448275861	6.896551724137931	0	0	0	17.24137931034483	3.4482758620689653	0	0	3.4482758620689653	0	0	3.4482758620689653	0	0	0	3.4482758620689653	10.344827586206897	6.896551724137931	3.4482758620689653	0	0	0	10.344827586206897	0	10.344827586206897	3.4482758620689653	0	50.0	50.0	0.0	100.0	1.0	100.0	0	0
russian_clean_36.conllu	1	9	9.0	6.75	22.22222222222222	0	11.11111111111111	0	0	0	33.333333333333336	0	0	0	0	11.11111111111111	0	22.22222222222222	1.0	0	100.0	100.0	0	50.0	0	50.0	0	100.0	0	0	0	0	0	0	0	0	0	0	2.0	100.0	1.5	50.0	0	0	50.0	0	0	0	3.0	4.5	3.0	1.7142857142857142	3	0	0	0	0	0	0	100.0	0.0	0	0	0	11.11111111111111	33.333333333333336	0	0	0	0	0	0	0	0	0	0	0	0	0	0	0	11.11111111111111	11.11111111111111	0	0	0	0	11.11111111111111	0	11.11111111111111	11.11111111111111	0	100.0	0.0	0	0	0	0	0	0
russian_clean_37.conllu	1	13	13.0	7.416666666666667	0	15.384615384615385	0	0	0	7.6923076923076925	46.15384615384615	0	0	0	7.6923076923076925	7.6923076923076925	0	15.384615384615385	0.75	50.0	50.0	100.0	0	50.0	0	50.0	0	0	0	100.0	0	0	0	0	0	0	0	0	2.0	100.0	1.0	50.0	0	50.0	0	0	0	0	5.0	6.5	3.0	1.5454545454545454	3	1.0	2	100.0	0	0.0	100.0	100.0	0.0	0	0	0	0	7.6923076923076925	0	0	0	15.384615384615385	0	0	0	0	0	0	7.6923076923076925	0	0	0	0	38.46153846153846	7.6923076923076925	0	0	0	7.6923076923076925	0	0	7.6923076923076925	7.6923076923076925	0	100.0	0.0	0	0	0	0	0	0
russian_clean_38.conllu	1	32	32.0	7.846153846153846	15.625	6.25	3.125	0	3.125	6.25	34.375	3.125	0	0	0	18.75	0	9.375	0.7692307692307693	66.66666666666667	33.333333333333336	100.0	0	66.66666666666667	0	33.333333333333336	50.0	0	0	50.0	0	0	0	0	0	0	0	0	3.0	100.0	3.0	0	33.333333333333336	0	0	66.66666666666667	0	0	5.0	10.666666666666666	10.0	2.76	10	0	0	0	0	50.0	50.0	100.0	0.0	3.125	0	0	6.25	15.625	0	0	0	3.125	3.125	0	0	9.375	0	0	3.125	0	6.25	3.125	0	6.25	3.125	0	3.125	0	3.125	6.25	3.125	18.75	3.125	0	50.0	50.0	100.0	0.0	1.0	100.0	0	0
russian_clean_39.conllu	1	25	25.0	7.714285714285714	20.0	8.0	0	0	8.0	0	32.0	0	4.0	0	0	16.0	4.0	8.0	0.7142857142857143	0	100.0	100.0	0	50.0	50.0	0	0	100.0	0	0	0	0	0	0	0	0	0	0	2.0	100.0	3.0	0	0	0	100.0	0	0	0	5.0	12.5	17.0	3.1	17	1.0	1	100.0	0	50.0	50.0	0.0	100.0	0	0	4.0	0	16.0	0	0	0	8.0	8.0	0	0	12.0	0	0	0	0	4.0	0	4.0	8.0	4.0	0	0	0	8.0	4.0	0	16.0	4.0	0	50.0	50.0	100.0	0.0	1.0	100.0	0	0
russian_clean_40.conllu	1	17	17.0	5.2	5.882352941176471	5.882352941176471	11.764705882352942	0	5.882352941176471	11.764705882352942	29.41176470588235	5.882352941176471	0	0	0	11.764705882352942	0	11.764705882352942	0.6666666666666666	0	100.0	100.0	0	100.0	0	0	0	50.0	0	50.0	0	0	0	0	0	0	0	0	2.0	100.0	3.5	0	0	0	50.0	50.0	0	0	3.0	8.5	9.0	2.142857142857143	9	0	0	0	0	0.0	100.0	0.0	100.0	0	0	0	5.882352941176471	5.882352941176471	0	0	0	5.882352941176471	5.882352941176471	0	0	5.882352941176471	0	0	11.764705882352942	0	0	0	0	5.882352941176471	5.882352941176471	0	5.882352941176471	5.882352941176471	5.882352941176471	11.764705882352942	0	11.764705882352942	5.882352941176471	0	100.0	0.0	0	0	0	0	0	0
russian_clean_41.conllu	1	13	13.0	7.142857142857143	15.384615384615385	7.6923076923076925	0	0	0	0	30.76923076923077	0	0	0	0	46.15384615384615	0	0	0.8571428571428571	0	0	0	0	0	0	0	0	0	0	0	0	0	0	0	0	0	0	0	0.0	0.0	0	0	0	0	0	0	0	0	2.0	0	5.0	2.0	5	0	0	0	0	0.0	100.0	0	0	0	0	0	0	15.384615384615385	0	0	0	7.6923076923076925	0	0	0	0	0	0	0	0	0	7.6923076923076925	0	7.6923076923076925	0	0	0	0	0	0	7.6923076923076925	46.15384615384615	7.6923076923076925	0	0	0	0	0	0	0	0	0
russian_clean_42.conllu	1	17	17.0	7.333333333333333	5.882352941176471	5.882352941176471	0	5.882352941176471	0	5.882352941176471	47.05882352941177	0	0	0	0	11.764705882352942	5.882352941176471	11.764705882352942	0.7333333333333333	0	0	0	0	0	100.0	0	0	0	0	0	100.0	0	100.0	100.0	0	0	100.0	0	3.0	100.0	3.0	0	0	0	100.0	0	0	0	4.0	5.666666666666667	8.0	2.2857142857142856	8	0	0	0	0	0.0	100.0	0.0	100.0	0	0	5.882352941176471	0	5.882352941176471	0	0	0	5.882352941176471	0	0	0	0	5.882352941176471	5.882352941176471	5.882352941176471	0	0	0	5.882352941176471	17.647058823529413	0	0	0	0	11.764705882352942	11.764705882352942	0	11.764705882352942	5.882352941176471	0	33.333333333333336	66.66666666666667	100.0	0.0	2.0	0	100.0	0
russian_clean_43.conllu	1	15	15.0	7.923076923076923	26.666666666666668	6.666666666666667	6.666666666666667	0	0	0	20.0	0	0	6.666666666666667	0	13.333333333333334	0	20.0	0.8461538461538461	33.333333333333336	66.66666666666667	100.0	0	66.66666666666667	0	33.333333333333336	0	50.0	50.0	0	0	0	0	0	0	0	0	0	3.0	100.0	1.3333333333333333	33.333333333333336	0	66.66666666666667	0	0	0	0	5.0	5.0	3.0	1.75	3	1.0	1	100.0	0	50.0	50.0	100.0	0.0	0	6.666666666666667	0	0	26.666666666666668	0	0	0	6.666666666666667	0	0	0	0	0	0	0	0	0	6.666666666666667	0	6.666666666666667	0	6.666666666666667	0	0	6.666666666666667	13.333333333333334	0	13.333333333333334	6.666666666666667	0	50.0	50.0	100.0	0.0	1.0	100.0	0	0
russian_clean_44.conllu	1	21	21.0	6.833333333333333	9.523809523809524	9.523809523809524	9.523809523809524	0	0	4.761904761904762	28.571428571428573	4.761904761904762	0	0	4.761904761904762	14.285714285714286	0	14.285714285714286	0.7777777777777778	100.0	0	100.0	0	66.66666666666667	33.333333333333336	0	0	0	100.0	0	0	0	0	0	0	0	0	0	3.0	100.0	2.6666666666666665	0	0	33.333333333333336	66.66666666666667	0	0	0	5.0	7.0	9.0	2.588235294117647	9	1.0	1	100.0	0	0.0	100.0	100.0	0.0	0	0	0	0	9.523809523809524	0	0	0	9.523809523809524	0	0	0	4.761904761904762	0	0	4.761904761904762	0	0	0	0	9.523809523809524	9.523809523809524	0	0	4.761904761904762	9.523809523809524	9.523809523809524	4.761904761904762	14.285714285714286	4.761904761904762	4.761904761904762	50.0	50.0	100.0	0.0	1.0	100.0	0	0
russian_clean_45.conllu	1	14	14.0	6.363636363636363	7.142857142857143	14.285714285714286	7.142857142857143	0	0	0	28.571428571428573	7.142857142857143	0	7.142857142857143	0	21.428571428571427	0	7.142857142857143	0.6363636363636364	0	100.0	0	0	0	0	100.0	0	0	0	0	0	0	0	0	0	0	0	0	1.0	0.0	1.0	0	100.0	0	0	0	0	0	4.0	14.0	4.0	2.0	4	1.0	1	100.0	0	0	0	100.0	0.0	7.142857142857143	0	0	0	7.142857142857143	0	0	0	14.285714285714286	0	0	7.142857142857143	0	0	0	0	0	0	0	0	7.142857142857143	7.142857142857143	0	7.142857142857143	0	0	7.142857142857143	7.142857142857143	21.428571428571427	7.142857142857143	0	0.0	100.0	100.0	0.0	1.0	100.0	0	0
russian_clean_46.conllu	1	12	12.0	4.777777777777778	8.333333333333334	16.666666666666668	0	0	0	0	25.0	0	0	8.333333333333334	0	25.0	8.333333333333334	8.333333333333334	0.5555555555555556	0	100.0	100.0	0	100.0	0	0	0	0	0	100.0	0	0	0	0	0	0	0	0	1.0	100.0	4.0	0	0	0	0	100.0	0	0	2.0	12.0	9.0	3.0	9	0	0	0	0	0	0	100.0	0.0	0	0	0	0	8.333333333333334	0	0	0	16.666666666666668	0	0	0	0	0	0	0	0	0	0	8.333333333333334	0	8.333333333333334	0	0	0	0	16.666666666666668	8.333333333333334	25.0	8.333333333333334	0	100.0	0.0	0	0	0	0	0	0
russian_clean_47.conllu	1	18	18.0	5.666666666666667	0	5.555555555555555	0	5.555555555555555	5.555555555555555	0	27.77777777777778	0	5.555555555555555	5.555555555555555	0	16.666666666666668	5.555555555555555	22.22222222222222	0.6	33.333333333333336	66.66666666666667	100.0	0	50.0	25.0	25.0	0	50.0	0	50.0	0	0	0	0	100.0	0	0	0	4.0	100.0	2.5	0	0	50.0	50.0	0	0	0	6.0	4.5	6.0	1.7857142857142858	6	0	0	0	0	0.0	100.0	100.0	0.0	0	5.555555555555555	5.555555555555555	5.555555555555555	0	0	0	5.555555555555555	5.555555555555555	5.555555555555555	0	0	5.555555555555555	0	0	0	0	0	0	5.555555555555555	0	0	11.11111111111111	0	0	5.555555555555555	11.11111111111111	0	16.666666666666668	5.555555555555555	5.555555555555555	25.0	75.0	100.0	0.0	1.5	50.0	50.0	0
russian_clean_48.conllu	1	21	21.0	5.8	19.047619047619047	19.047619047619047	14.285714285714286	0	4.761904761904762	0	23.80952380952381	0	0	0	4.761904761904762	4.761904761904762	0	9.523809523809524	0.75	100.0	0	100.0	0	100.0	0	0	0	0	100.0	0	0	0	0	0	0	0	0	0	2.0	100.0	3.5	0	0	0	50.0	50.0	0	0	5.0	10.5	8.0	2.3684210526315788	8	1.0	1	100.0	0	0	0	100.0	0.0	0	0	0	9.523809523809524	19.047619047619047	0	0	0	19.047619047619047	4.761904761904762	0	0	4.761904761904762	0	0	0	0	4.761904761904762	0	0	9.523809523809524	4.761904761904762	0	0	0	0	14.285714285714286	0	4.761904761904762	4.761904761904762	0	100.0	0.0	0	0	0	0	0	0
russian_clean_49.conllu	1	29	29.0	6.391304347826087	17.24137931034483	10.344827586206897	3.4482758620689653	0	3.4482758620689653	0	27.586206896551722	0	3.4482758620689653	3.4482758620689653	0	20.689655172413794	3.4482758620689653	6.896551724137931	0.6956521739130435	100.0	0	100.0	0	100.0	0	0	50.0	0	50.0	0	0	0	0	0	0	0	0	0	2.0	100.0	4.0	0	0	0	50.0	0	50.0	0	5.0	14.5	12.0	2.6363636363636362	12	1.0	1	100.0	0	50.0	50.0	100.0	0.0	0	3.4482758620689653	0	0	13.793103448275861	0	0	0	10.344827586206897	3.4482758620689653	0	0	6.896551724137931	0	0	0	0	3.4482758620689653	0	3.4482758620689653	6.896551724137931	6.896551724137931	0	0	0	6.896551724137931	6.896551724137931	3.4482758620689653	20.689655172413794	3.4482758620689653	0	50.0	50.0	100.0	0.0	1.0	100.0	0	0
russian_clean_50.conllu	1	16	16.0	6.642857142857143	6.25	6.25	31.25	0	0	6.25	25.0	6.25	0	0	0	12.5	0	6.25	0.7857142857142857	0	100.0	100.0	0	100.0	0	0	0	100.0	0	0	0	0	0	0	0	0	0	0	1.0	100.0	5.0	0	0	0	0	0	100.0	0	3.0	16.0	10.0	2.3846153846153846	10	0	0	0	0	0	0	100.0	0.0	0	0	0	31.25	6.25	0	0	0	6.25	0	0	0	0	0	0	6.25	0	6.25	0	0	6.25	6.25	0	0	0	0	12.5	0	12.5	6.25	0	100.0	0.0	0	0	0	0	0	0
russian_clean_51.conllu	1	19	19.0	7.176470588235294	5.2631578947368425	15.789473684210526	21.05263157894737	0	0	0	26.31578947368421	0	0	10.526315789473685	0	10.526315789473685	0	10.526315789473685	0.7058823529411765	100.0	0	0	0	0	50.0	50.0	0	0	0	0	0	0	0	0	0	0	0	0	2.0	100.0	2.5	0	0	50.0	50.0	0	0	0	6.0	9.5	7.0	2.0	7	1.0	1	100.0	0	100.0	0.0	50.0	50.0	0	5.2631578947368425	0	15.789473684210526	5.2631578947368425	0	0	0	15.789473684210526	0	0	0	0	0	5.2631578947368425	0	0	0	0	0	10.526315789473685	0	5.2631578947368425	0	0	5.2631578947368425	15.789473684210526	0	10.526315789473685	5.2631578947368425	0	50.0	50.0	100.0	0.0	1.0	100.0	0	0
russian_clean_52.conllu	1	20	20.0	6.333333333333333	15.0	15.0	0	5.0	0	5.0	40.0	0	0	0	0	10.0	0	10.0	0.7222222222222222	50.0	50.0	100.0	0	50.0	0	50.0	0	100.0	0	0	0	0	0	0	100.0	0	0	0	2.0	100.0	3.0	0	0	0	100.0	0	0	0	5.0	10.0	6.0	1.7647058823529411	6	0	0	0	0	0	0	100.0	0.0	0	0	0	0	15.0	0	0	5.0	15.0	0	0	0	5.0	0	0	5.0	0	0	0	0	15.0	0	5.0	0	0	0	15.0	0	10.0	5.0	5.0	50.0	50.0	100.0	0.0	1.0	100.0	0	0
russian_clean_53.conllu	1	9	9.0	5.571428571428571	11.11111111111111	0	0	0	11.11111111111111	0	44.44444444444444	0	0	11.11111111111111	0	22.22222222222222	0	0	0.7142857142857143	0	0	0	0	0	0	0	0	0	0	0	0	0	0	0	0	0	0	0	0.0	0.0	0	0	0	0	0	0	0	0	2.0	0	6.0	2.5	6	0	0	0	0	0	0	100.0	0.0	0	0	0	0	11.11111111111111	0	0	0	0	11.11111111111111	0	0	22.22222222222222	0	0	0	0	0	0	0	11.11111111111111	11.11111111111111	0	0	0	0	0	0	22.22222222222222	11.11111111111111	0	0	0	0	0	0	0	0	0
russian_clean_54.conllu	1	27	27.0	6.608695652173913	14.814814814814815	3.7037037037037037	11.11111111111111	0	3.7037037037037037	3.7037037037037037	25.925925925925927	0	7.407407407407407	0	0	14.814814814814815	7.407407407407407	7.407407407407407	0.6956521739130435	100.0	0	100.0	0	50.0	50.0	0	0	0	100.0	0	0	0	0	0	0	0	0	0	2.0	100.0	2.5	0	50.0	0	0	50.0	0	0	8.0	13.5	19.0	3.909090909090909	19	0	0	0	0	0	0	100.0	0.0	0	0	0	11.11111111111111	11.11111111111111	7.407407407407407	0	0	3.7037037037037037	3.7037037037037037	0	0	3.7037037037037037	0	0	3.7037037037037037	0	0	0	7.407407407407407	11.11111111111111	3.7037037037037037	0	0	0	0	11.11111111111111	0	14.814814814814815	3.7037037037037037	3.7037037037037037	50.0	50.0	100.0	0.0	1.0	100.0	0	0
russian_clean_55.conllu	1	19	19.0	8.75	15.789473684210526	0	5.2631578947368425	0	5.2631578947368425	0	36.8421052631579	0	0	0	0	15.789473684210526	5.2631578947368425	15.789473684210526	0.875	0	100.0	100.0	0	33.333333333333336	33.333333333333336	33.333333333333336	0	100.0	0	0	0	0	0	0	0	0	0	0	3.0	100.0	2.3333333333333335	0	0	66.66666666666667	33.333333333333336	0	0	0	6.0	6.333333333333333	5.0	1.7333333333333334	5	0	0	0	0	0.0	100.0	100.0	0.0	0	0	5.2631578947368425	5.2631578947368425	15.789473684210526	0	0	0	0	5.2631578947368425	0	0	10.526315789473685	0	0	0	0	0	0	5.2631578947368425	10.526315789473685	5.2631578947368425	0	0	0	10.526315789473685	0	0	15.789473684210526	5.2631578947368425	5.2631578947368425	33.333333333333336	66.66666666666667	100.0	0.0	2.0	0	100.0	0
russian_clean_56.conllu	1	21	21.0	7.352941176470588	4.761904761904762	9.523809523809524	4.761904761904762	0	0	0	38.095238095238095	0	4.761904761904762	0	0	19.047619047619047	4.761904761904762	14.285714285714286	0.7647058823529411	66.66666666666667	33.333333333333336	100.0	0	33.333333333333336	0	66.66666666666667	100.0	0	0	0	0	0	0	0	0	0	0	0	3.0	100.0	1.6666666666666667	0	33.333333333333336	66.66666666666667	0	0	0	0	10.0	7.0	4.0	1.6875	4	0	0	0	0	0.0	100.0	0.0	100.0	9.523809523809524	0	0	0	4.761904761904762	0	0	0	9.523809523809524	4.761904761904762	0	0	4.761904761904762	0	0	0	0	4.761904761904762	0	4.761904761904762	9.523809523809524	4.761904761904762	0	0	0	4.761904761904762	14.285714285714286	0	19.047619047619047	4.761904761904762	0	33.333333333333336	66.66666666666667	100.0	0.0	1.0	100.0	0	0
russian_clean_57.conllu	1	22	22.0	7.0588235294117645	13.636363636363637	4.545454545454546	13.636363636363637	4.545454545454546	0	0	22.727272727272727	0	0	0	0	22.727272727272727	9.090909090909092	9.090909090909092	0.7647058823529411	0	100.0	100.0	0	50.0	50.0	0	0	100.0	0	0	0	100.0	100.0	100.0	0	0	0	100.0	2.0	100.0	4.0	0	0	0	0	100.0	0	0	4.0	11.0	7.0	2.6875	7	0	0	0	0	0	0	100.0	0.0	0	0	4.545454545454546	0	9.090909090909092	0	4.545454545454546	0	4.545454545454546	0	4.545454545454546	0	0	0	0	0	0	0	0	9.090909090909092	4.545454545454546	9.090909090909092	0	0	0	0	18.181818181818183	4.545454545454546	22.727272727272727	4.545454545454546	0	50.0	50.0	100.0	0.0	1.0	100.0	0	0
russian_clean_58.conllu	1	32	32.0	6.0	12.5	0	9.375	3.125	0	6.25	15.625	0	3.125	9.375	0	15.625	12.5	12.5	0.5925925925925926	50.0	50.0	100.0	0	50.0	0	50.0	0	100.0	0	0	100.0	0	100.0	100.0	0	0	100.0	0	4.0	100.0	3.25	0	0	0	75.0	25.0	0	0	6.0	8.0	12.0	2.269230769230769	12	0	0	0	0	50.0	50.0	100.0	0.0	0	6.25	9.375	15.625	3.125	0	0	3.125	0	0	0	0	0	0	0	6.25	0	0	3.125	12.5	3.125	6.25	6.25	0	0	3.125	3.125	0	15.625	3.125	0	25.0	75.0	33.333333333333336	66.66666666666667	1.0	100.0	0	0
russian_clean_59.conllu	1	26	26.0	7.095238095238095	11.538461538461538	7.6923076923076925	3.8461538461538463	0	3.8461538461538463	7.6923076923076925	30.76923076923077	0	0	3.8461538461538463	0	19.23076923076923	3.8461538461538463	7.6923076923076925	0.6666666666666666	0	100.0	100.0	0	100.0	0	0	0	50.0	0	50.0	0	0	0	0	0	0	0	0	2.0	100.0	3.0	0	0	50.0	0	50.0	0	0	4.0	13.0	13.0	3.35	13	1.0	1	100.0	0	0	0	50.0	50.0	0	0	0	0	11.538461538461538	0	0	0	7.6923076923076925	3.8461538461538463	3.8461538461538463	0	11.538461538461538	0	0	7.6923076923076925	0	0	0	3.8461538461538463	7.6923076923076925	7.6923076923076925	0	0	0	0	7.6923076923076925	3.8461538461538463	19.23076923076923	3.8461538461538463	0	50.0	50.0	100.0	0.0	1.0	100.0	0	0
russian_clean_60.conllu	1	26	26.0	5.9523809523809526	3.8461538461538463	3.8461538461538463	7.6923076923076925	0	3.8461538461538463	3.8461538461538463	26.923076923076923	0	3.8461538461538463	3.8461538461538463	0	19.23076923076923	7.6923076923076925	15.384615384615385	0.6666666666666666	50.0	50.0	100.0	0	100.0	0	0	0	0	50.0	50.0	0	0	0	0	0	0	0	0	4.0	100.0	2.75	25.0	0	0	25.0	50.0	0	0	6.0	6.5	5.0	2.1	5	0	0	0	0	0.0	100.0	100.0	0.0	0	0	7.6923076923076925	11.538461538461538	3.8461538461538463	0	0	0	3.8461538461538463	3.8461538461538463	0	0	3.8461538461538463	0	0	3.8461538461538463	0	3.8461538461538463	0	11.538461538461538	3.8461538461538463	3.8461538461538463	3.8461538461538463	0	0	3.8461538461538463	3.8461538461538463	3.8461538461538463	19.23076923076923	3.8461538461538463	0	25.0	75.0	100.0	0.0	1.0	100.0	0	0
russian_clean_61.conllu	1	16	16.0	5.714285714285714	6.25	6.25	12.5	0	0	6.25	31.25	0	0	0	0	12.5	6.25	18.75	0.7857142857142857	0	100.0	100.0	0	33.333333333333336	66.66666666666667	0	0	0	0	100.0	0	0	0	0	0	0	0	0	3.0	100.0	2.3333333333333335	0	0	66.66666666666667	33.333333333333336	0	0	0	4.0	5.333333333333333	8.0	2.1538461538461537	8	1.0	1	100.0	0	0.0	100.0	100.0	0.0	0	0	6.25	12.5	6.25	0	0	0	6.25	0	0	0	0	0	0	6.25	0	0	0	6.25	12.5	6.25	0	0	0	12.5	0	0	12.5	6.25	6.25	33.333333333333336	66.66666666666667	100.0	0.0	2.0	0	100.0	0
russian_clean_62.conllu	1	13	13.0	6.7	15.384615384615385	7.6923076923076925	0	0	0	0	30.76923076923077	0	0	15.384615384615385	0	23.076923076923077	0	7.6923076923076925	0.7	0	100.0	100.0	0	100.0	0	0	0	100.0	0	0	0	0	0	0	0	0	0	0	2.0	100.0	2.0	0	0	100.0	0	0	0	0	4.0	6.5	3.0	1.6666666666666667	3	0	0	0	0	0	0	100.0	0.0	0	7.6923076923076925	0	0	15.384615384615385	0	0	0	7.6923076923076925	0	0	0	0	7.6923076923076925	0	0	0	0	0	0	7.6923076923076925	15.384615384615385	0	0	0	0	7.6923076923076925	0	23.076923076923077	7.6923076923076925	0	50.0	50.0	100.0	0.0	1.0	100.0	0	0
russian_clean_63.conllu	1	25	25.0	7.0	16.0	16.0	0	0	4.0	0	32.0	0	0	4.0	0	20.0	0	8.0	0.7	50.0	50.0	100.0	0	50.0	0	50.0	0	100.0	0	0	0	0	0	0	0	0	0	0	2.0	100.0	1.5	0	50.0	50.0	0	0	0	0	4.0	12.5	11.0	2.6842105263157894	11	1.0	2	100.0	0	0	0	100.0	0.0	4.0	0	0	0	16.0	0	0	0	16.0	4.0	0	0	8.0	0	0	0	0	0	0	0	16.0	4.0	0	0	0	0	8.0	0	20.0	4.0	0	50.0	50.0	0.0	100.0	1.0	100.0	0	0
russian_clean_64.conllu	1	24	24.0	6.315789473684211	8.333333333333334	8.333333333333334	0	0	0	4.166666666666667	33.333333333333336	0	0	8.333333333333334	0	20.833333333333332	4.166666666666667	12.5	0.6842105263157895	0	100.0	100.0	0	66.66666666666667	33.333333333333336	0	0	0	0	100.0	0	0	0	0	0	0	0	0	3.0	100.0	2.3333333333333335	0	33.333333333333336	0	66.66666666666667	0	0	0	7.0	8.0	7.0	2.0	7	0	0	0	0	0.0	100.0	100.0	0.0	0	0	0	0	4.166666666666667	0	0	0	8.333333333333334	0	0	0	0	0	0	4.166666666666667	0	0	0	4.166666666666667	8.333333333333334	12.5	0	0	0	8.333333333333334	8.333333333333334	12.5	20.833333333333332	4.166666666666667	4.166666666666667	50.0	50.0	100.0	0.0	1.0	100.0	0	0
russian_clean_65.conllu	1	21	21.0	6.368421052631579	0	4.761904761904762	19.047619047619047	0	9.523809523809524	4.761904761904762	23.80952380952381	0	0	9.523809523809524	0	9.523809523809524	0	19.047619047619047	0.6842105263157895	25.0	75.0	100.0	0	75.0	0	25.0	0	100.0	0	0	0	0	0	0	0	0	0	0	4.0	100.0	3.5	0	25.0	0	25.0	0	50.0	0	4.0	5.25	10.0	2.388888888888889	10	0	0	0	0	0.0	100.0	100.0	0.0	4.761904761904762	0	0	14.285714285714286	0	0	0	0	4.761904761904762	9.523809523809524	0	0	9.523809523809524	0	0	4.761904761904762	0	0	0	0	0	4.761904761904762	0	0	4.761904761904762	14.285714285714286	14.285714285714286	0	9.523809523809524	4.761904761904762	0	50.0	50.0	100.0	0.0	1.0	100.0	0	0
russian_clean_66.conllu	1	35	35.0	5.862068965517241	14.285714285714286	11.428571428571429	8.571428571428571	0	0	0	17.142857142857142	2.857142857142857	2.857142857142857	8.571428571428571	2.857142857142857	17.142857142857142	2.857142857142857	11.428571428571429	0.6551724137931034	33.333333333333336	66.66666666666667	100.0	0	50.0	25.0	25.0	0	0	0	100.0	0	0	0	0	0	0	0	0	4.0	0.0	1.25	50.0	0	25.0	25.0	0	0	0	9.0	8.75	8.0	2.25	8	1.0	1	100.0	0	0	0	50.0	50.0	2.857142857142857	2.857142857142857	2.857142857142857	2.857142857142857	11.428571428571429	0	0	0	11.428571428571429	0	0	0	2.857142857142857	0	2.857142857142857	0	0	2.857142857142857	0	5.714285714285714	8.571428571428571	8.571428571428571	0	0	0	0	14.285714285714286	0	17.142857142857142	2.857142857142857	0	0.0	100.0	100.0	0.0	1.0	100.0	0	0
russian_clean_67.conllu	1	21	21.0	7.315789473684211	14.285714285714286	9.523809523809524	4.761904761904762	0	4.761904761904762	0	33.333333333333336	0	0	0	0	9.523809523809524	4.761904761904762	19.047619047619047	0.7894736842105263	0	100.0	100.0	0	25.0	75.0	0	0	0	0	100.0	0	0	0	0	0	0	0	0	4.0	0.0	2.0	0	25.0	50.0	25.0	0	0	0	6.0	5.25	9.0	2.6666666666666665	9	1.0	2	100.0	0	0.0	100.0	50.0	50.0	0	0	0	4.761904761904762	9.523809523809524	0	0	0	9.523809523809524	4.761904761904762	4.761904761904762	0	4.761904761904762	0	4.761904761904762	0	0	0	0	4.761904761904762	19.047619047619047	4.761904761904762	0	0	0	9.523809523809524	0	0	9.523809523809524	4.761904761904762	4.761904761904762	0.0	100.0	100.0	0.0	3.0	0	0	100.0
russian_clean_68.conllu	1	22	22.0	6.842105263157895	18.181818181818183	13.636363636363637	4.545454545454546	0	0	4.545454545454546	27.272727272727273	0	0	4.545454545454546	0	13.636363636363637	0	13.636363636363637	0.7368421052631579	0	100.0	100.0	0	66.66666666666667	33.333333333333336	0	0	50.0	0	50.0	0	0	0	0	0	0	0	0	3.0	100.0	2.6666666666666665	0	0	66.66666666666667	0	33.333333333333336	0	0	4.0	7.333333333333333	10.0	2.388888888888889	10	1.0	1	100.0	0	50.0	50.0	100.0	0.0	0	0	0	4.545454545454546	18.181818181818183	0	0	0	13.636363636363637	0	0	0	4.545454545454546	0	0	4.545454545454546	0	0	0	0	9.090909090909092	4.545454545454546	0	0	0	9.090909090909092	4.545454545454546	4.545454545454546	13.636363636363637	4.545454545454546	4.545454545454546	50.0	50.0	100.0	0.0	1.0	100.0	0	0
russian_clean_69.conllu	1	33	33.0	7.035714285714286	15.151515151515152	9.090909090909092	0	0	6.0606060606060606	3.0303030303030303	39.39393939393939	0	3.0303030303030303	3.0303030303030303	0	15.151515151515152	0	6.0606060606060606	0.7142857142857143	50.0	50.0	100.0	0	100.0	0	0	0	0	50.0	50.0	0	0	0	0	0	0	0	0	2.0	0.0	2.5	0	0	50.0	50.0	0	0	0	8.0	16.5	14.0	2.3703703703703702	14	1.0	1	100.0	0	0	0	50.0	50.0	0	3.0303030303030303	0	0	15.151515151515152	0	0	0	9.090909090909092	6.0606060606060606	0	0	9.090909090909092	0	0	3.0303030303030303	0	3.0303030303030303	0	0	18.181818181818183	6.0606060606060606	0	0	0	0	6.0606060606060606	0	15.151515151515152	3.0303030303030303	3.0303030303030303	0.0	100.0	100.0	0.0	2.0	0	100.0	0
russian_clean_70.conllu	1	19	19.0	6.764705882352941	15.789473684210526	10.526315789473685	5.2631578947368425	5.2631578947368425	0	5.2631578947368425	31.57894736842105	0	0	0	5.2631578947368425	10.526315789473685	0	10.526315789473685	0.7647058823529411	50.0	50.0	100.0	0	50.0	0	50.0	0	100.0	0	0	100.0	0	100.0	100.0	0	0	100.0	0	3.0	100.0	2.0	0	50.0	0	50.0	0	0	0	4.0	6.333333333333333	11.0	2.375	11	0	0	0	0	0	0	100.0	0.0	5.2631578947368425	0	0	5.2631578947368425	10.526315789473685	0	0	0	10.526315789473685	0	0	0	0	5.2631578947368425	0	5.2631578947368425	0	0	0	0	10.526315789473685	10.526315789473685	0	0	0	0	15.789473684210526	5.2631578947368425	10.526315789473685	5.2631578947368425	0	33.333333333333336	66.66666666666667	0.0	100.0	1.0	100.0	0	0
russian_clean_71.conllu	1	30	30.0	5.37037037037037	3.3333333333333335	13.333333333333334	10.0	3.3333333333333335	3.3333333333333335	3.3333333333333335	30.0	3.3333333333333335	3.3333333333333335	3.3333333333333335	0	10.0	0	13.333333333333334	0.6296296296296297	100.0	0	100.0	0	50.0	0	50.0	100.0	0	0	0	100.0	0	100.0	100.0	0	100.0	0	0	4.0	100.0	3.5	25.0	0	0	0	50.0	0	25.0	5.0	7.5	9.0	2.576923076923077	9	1.0	1	100.0	0	50.0	50.0	100.0	0.0	0	0	0	13.333333333333334	6.666666666666667	0	0	3.3333333333333335	13.333333333333334	3.3333333333333335	0	0	3.3333333333333335	0	0	0	0	0	0	0	13.333333333333334	0	3.3333333333333335	3.3333333333333335	0	6.666666666666667	13.333333333333334	3.3333333333333335	10.0	3.3333333333333335	0	100.0	0.0	0	0	0	0	0	0
russian_clean_72.conllu	1	31	31.0	6.851851851851852	12.903225806451612	9.67741935483871	3.225806451612903	0	0	3.225806451612903	32.25806451612903	0	3.225806451612903	3.225806451612903	0	12.903225806451612	3.225806451612903	16.129032258064516	0.7407407407407407	75.0	25.0	100.0	20.0	60.0	20.0	0	66.66666666666667	0	33.333333333333336	0	0	0	0	0	0	0	0	0	5.0	100.0	2.6	0	0	60.0	20.0	20.0	0	0	6.0	6.2	12.0	2.4615384615384617	12	1.0	1	100.0	0	0.0	100.0	100.0	0.0	0	0	6.451612903225806	3.225806451612903	9.67741935483871	0	0	0	9.67741935483871	0	0	0	0	0	0	3.225806451612903	0	0	0	3.225806451612903	12.903225806451612	9.67741935483871	0	0	0	6.451612903225806	12.903225806451612	3.225806451612903	12.903225806451612	3.225806451612903	3.225806451612903	25.0	75.0	100.0	0.0	1.5	50.0	50.0	0
russian_clean_73.conllu	1	33	33.0	5.689655172413793	3.0303030303030303	12.121212121212121	3.0303030303030303	3.0303030303030303	0	6.0606060606060606	27.272727272727273	6.0606060606060606	0	3.0303030303030303	0	12.121212121212121	9.090909090909092	15.151515151515152	0.5517241379310345	20.0	80.0	100.0	0	80.0	0	20.0	0	25.0	0	75.0	0	0	0	0	100.0	0	0	0	5.0	100.0	3.6	0	0	20.0	20.0	40.0	20.0	0	6.0	6.6	10.0	2.392857142857143	10	1.0	1	100.0	0	66.66666666666667	33.333333333333336	0.0	100.0	0	0	3.0303030303030303	3.0303030303030303	3.0303030303030303	0	0	3.0303030303030303	12.121212121212121	0	3.0303030303030303	0	3.0303030303030303	0	0	3.0303030303030303	0	0	3.0303030303030303	9.090909090909092	6.0606060606060606	3.0303030303030303	0	0	6.0606060606060606	6.0606060606060606	15.151515151515152	0	12.121212121212121	3.0303030303030303	3.0303030303030303	25.0	75.0	100.0	0.0	1.5	50.0	50.0	0
russian_clean_74.conllu	1	23	23.0	7.421052631578948	17.391304347826086	8.695652173913043	4.3478260869565215	0	0	4.3478260869565215	26.08695652173913	0	0	0	4.3478260869565215	17.391304347826086	4.3478260869565215	13.043478260869565	0.7894736842105263	33.333333333333336	66.66666666666667	100.0	0	66.66666666666667	0	33.333333333333336	50.0	0	0	50.0	0	0	0	0	0	0	0	0	3.0	100.0	2.6666666666666665	0	33.333333333333336	0	33.333333333333336	33.333333333333336	0	0	7.0	7.666666666666667	7.0	2.1666666666666665	7	0	0	0	0	0	0	50.0	50.0	4.3478260869565215	0	0	0	17.391304347826086	0	0	0	8.695652173913043	0	4.3478260869565215	0	0	0	0	4.3478260869565215	0	0	0	4.3478260869565215	8.695652173913043	8.695652173913043	0	0	0	0	13.043478260869565	4.3478260869565215	17.391304347826086	4.3478260869565215	0	33.333333333333336	66.66666666666667	100.0	0.0	1.0	100.0	0	0
russian_clean_75.conllu	1	12	12.0	6.888888888888889	8.333333333333334	0	0	0	8.333333333333334	0	25.0	0	0	16.666666666666668	0	25.0	0	16.666666666666668	0.6666666666666666	0	100.0	100.0	0	100.0	0	0	0	0	0	100.0	0	0	0	0	0	0	0	0	3.0	100.0	2.0	0	0	100.0	0	0	0	0	3.0	4.0	3.0	1.625	3	0	0	0	0	50.0	50.0	100.0	0.0	0	8.333333333333334	0	0	8.333333333333334	0	0	0	0	8.333333333333334	0	0	8.333333333333334	8.333333333333334	0	0	0	0	0	0	0	8.333333333333334	0	0	0	16.666666666666668	0	0	25.0	8.333333333333334	0	50.0	50.0	100.0	0.0	1.0	100.0	0	0
russian_clean_76.conllu	1	18	18.0	6.0625	5.555555555555555	5.555555555555555	5.555555555555555	5.555555555555555	0	0	27.77777777777778	0	11.11111111111111	5.555555555555555	0	11.11111111111111	5.555555555555555	16.666666666666668	0.625	33.333333333333336	66.66666666666667	100.0	0	66.66666666666667	0	33.333333333333336	0	0	0	100.0	0	0	0	0	100.0	0	0	0	3.0	100.0	2.6666666666666665	0	0	66.66666666666667	0	33.333333333333336	0	0	5.0	6.0	8.0	1.8666666666666667	8	0	0	0	0	0	0	100.0	0.0	0	0	5.555555555555555	11.11111111111111	5.555555555555555	0	0	5.555555555555555	5.555555555555555	0	0	0	0	0	0	0	0	5.555555555555555	0	5.555555555555555	16.666666666666668	0	5.555555555555555	0	0	0	11.11111111111111	0	11.11111111111111	5.555555555555555	5.555555555555555	33.333333333333336	66.66666666666667	100.0	0.0	2.0	0	100.0	0
russian_clean_77.conllu	1	13	13.0	6.25	15.384615384615385	7.6923076923076925	0	0	7.6923076923076925	15.384615384615385	38.46153846153846	0	0	0	0	7.6923076923076925	0	7.6923076923076925	0.6666666666666666	0	100.0	100.0	0	100.0	0	0	0	100.0	0	0	0	0	0	0	0	0	0	0	1.0	100.0	3.0	0	0	0	100.0	0	0	0	3.0	13.0	8.0	2.1818181818181817	8	0	0	0	0	0.0	100.0	100.0	0.0	0	0	0	0	15.384615384615385	0	0	0	7.6923076923076925	7.6923076923076925	0	0	7.6923076923076925	0	0	15.384615384615385	0	0	0	0	7.6923076923076925	7.6923076923076925	0	0	0	7.6923076923076925	7.6923076923076925	0	7.6923076923076925	7.6923076923076925	0	100.0	0.0	0	0	0	0	0	0
russian_clean_78.conllu	1	18	18.0	6.5	11.11111111111111	11.11111111111111	5.555555555555555	0	0	0	44.44444444444444	0	0	0	0	11.11111111111111	5.555555555555555	11.11111111111111	0.8125	100.0	0	100.0	0	50.0	50.0	0	100.0	0	0	0	0	0	0	0	0	0	0	0	2.0	100.0	3.0	0	0	50.0	0	50.0	0	0	5.0	9.0	7.0	2.1333333333333333	7	1.0	1	100.0	0	0.0	100.0	100.0	0.0	0	0	5.555555555555555	5.555555555555555	11.11111111111111	0	0	0	11.11111111111111	0	0	0	0	0	0	0	0	5.555555555555555	0	5.555555555555555	22.22222222222222	5.555555555555555	0	0	0	5.555555555555555	5.555555555555555	0	11.11111111111111	5.555555555555555	0	50.0	50.0	100.0	0.0	1.0	100.0	0	0
russian_clean_79.conllu	1	12	12.0	5.7272727272727275	16.666666666666668	16.666666666666668	0	0	0	0	33.333333333333336	0	8.333333333333334	0	0	8.333333333333334	0	16.666666666666668	0.7272727272727273	100.0	0	100.0	0	50.0	50.0	0	100.0	0	0	0	0	0	0	0	0	0	0	0	2.0	100.0	2.0	0	0	100.0	0	0	0	0	3.0	6.0	4.0	1.9	4	0	0	0	0	100.0	0.0	0	0	0	0	0	8.333333333333334	16.666666666666668	0	0	0	16.666666666666668	0	0	0	0	0	0	0	0	0	0	0	8.333333333333334	0	0	0	0	8.333333333333334	16.666666666666668	0	8.333333333333334	8.333333333333334	8.333333333333334	50.0	50.0	100.0	0.0	1.0	100.0	0	0
russian_clean_80.conllu	1	11	11.0	6.25	9.090909090909092	9.090909090909092	0	0	0	0	36.36363636363637	0	0	0	0	27.272727272727273	9.090909090909092	9.090909090909092	0.75	100.0	0	0	0	0	0	100.0	0	0	0	0	0	0	0	0	0	0	0	0	1.0	100.0	3.0	0	0	0	100.0	0	0	0	2.0	11.0	5.0	1.8571428571428572	5	0	0	0	0	0	0	100.0	0.0	0	0	0	0	9.090909090909092	0	0	0	9.090909090909092	0	0	0	0	0	0	0	0	0	0	9.090909090909092	9.090909090909092	0	9.090909090909092	0	0	0	9.090909090909092	9.090909090909092	27.272727272727273	9.090909090909092	0	100.0	0.0	0	0	0	0	0	0
russian_clean_81.conllu	1	17	17.0	6.8	23.529411764705884	11.764705882352942	0	0	0	11.764705882352942	29.41176470588235	0	0	0	5.882352941176471	11.764705882352942	0	5.882352941176471	0.7333333333333333	0	100.0	100.0	0	100.0	0	0	0	100.0	0	0	0	0	0	0	0	0	0	0	1.0	100.0	3.0	0	0	0	100.0	0	0	0	4.0	17.0	11.0	2.7857142857142856	11	1.0	1	100.0	0	0.0	100.0	100.0	0.0	0	0	0	0	23.529411764705884	0	0	0	11.764705882352942	0	0	0	0	0	0	11.764705882352942	0	5.882352941176471	0	0	11.764705882352942	5.882352941176471	0	0	0	5.882352941176471	5.882352941176471	0	11.764705882352942	5.882352941176471	0	100.0	0.0	0	0	0	0	0	0
russian_clean_82.conllu	1	19	19.0	5.25	0	5.2631578947368425	0	10.526315789473685	0	0	26.31578947368421	10.526315789473685	5.2631578947368425	5.2631578947368425	0	15.789473684210526	5.2631578947368425	15.789473684210526	0.5	0	100.0	100.0	0	66.66666666666667	33.333333333333336	0	0	50.0	0	50.0	100.0	0	100.0	100.0	0	0	100.0	0	4.0	100.0	1.6666666666666667	33.333333333333336	0	33.333333333333336	33.333333333333336	0	0	0	4.0	4.75	8.0	2.6	8	1.0	1	100.0	0	0	0	66.66666666666667	33.333333333333336	0	5.2631578947368425	5.2631578947368425	5.2631578947368425	0	0	5.2631578947368425	0	5.2631578947368425	0	0	0	0	5.2631578947368425	0	0	0	0	0	5.2631578947368425	10.526315789473685	15.789473684210526	0	5.2631578947368425	5.2631578947368425	0	0	0	15.789473684210526	5.2631578947368425	5.2631578947368425	25.0	75.0	33.333333333333336	66.66666666666667	1.5	50.0	50.0	0
russian_clean_83.conllu	1	13	13.0	7.2	15.384615384615385	0	0	0	7.6923076923076925	0	30.76923076923077	0	0	0	15.384615384615385	23.076923076923077	0	7.6923076923076925	0.9	0	100.0	0	0	0	0	100.0	0	0	0	0	0	0	0	0	0	0	0	0	1.0	0.0	1.0	0	100.0	0	0	0	0	0	4.0	13.0	7.0	2.0	7	0	0	0	0	0.0	100.0	0	0	7.6923076923076925	0	0	0	15.384615384615385	7.6923076923076925	0	0	0	7.6923076923076925	0	0	7.6923076923076925	0	0	0	0	0	0	0	15.384615384615385	0	0	0	0	7.6923076923076925	0	0	23.076923076923077	7.6923076923076925	0	0.0	100.0	100.0	0.0	1.0	100.0	0	0
russian_clean_84.conllu	1	18	18.0	6.75	33.333333333333336	5.555555555555555	5.555555555555555	0	5.555555555555555	0	11.11111111111111	0	0	0	0	33.333333333333336	0	5.555555555555555	0.8333333333333334	0	100.0	0	0	0	0	100.0	0	0	0	0	0	0	0	0	0	0	0	0	1.0	0.0	1.0	0	100.0	0	0	0	0	0	3.0	18.0	6.0	2.1818181818181817	6	0	0	0	0	0	0	0	0	5.555555555555555	0	0	0	16.666666666666668	0	0	0	5.555555555555555	5.555555555555555	0	0	16.666666666666668	0	0	0	0	0	0	0	0	0	0	0	0	0	11.11111111111111	0	33.333333333333336	5.555555555555555	0	0.0	100.0	100.0	0.0	1.0	100.0	0	0
russian_clean_85.conllu	1	24	24.0	5.523809523809524	12.5	4.166666666666667	8.333333333333334	0	4.166666666666667	8.333333333333334	25.0	4.166666666666667	0	4.166666666666667	0	12.5	8.333333333333334	8.333333333333334	0.6190476190476191	0	100.0	100.0	0	100.0	0	0	0	50.0	0	50.0	0	0	0	0	0	0	0	0	2.0	100.0	3.0	0	0	0	100.0	0	0	0	5.0	12.0	15.0	2.55	15	0	0	0	0	50.0	50.0	100.0	0.0	4.166666666666667	0	4.166666666666667	0	16.666666666666668	0	0	0	4.166666666666667	4.166666666666667	0	0	4.166666666666667	0	0	8.333333333333334	0	4.166666666666667	0	8.333333333333334	4.166666666666667	4.166666666666667	0	0	0	8.333333333333334	8.333333333333334	0	12.5	4.166666666666667	0	50.0	50.0	0.0	100.0	1.0	100.0	0	0
russian_clean_86.conllu	1	21	21.0	7.777777777777778	19.047619047619047	4.761904761904762	4.761904761904762	0	4.761904761904762	0	42.857142857142854	0	0	4.761904761904762	0	14.285714285714286	0	4.761904761904762	0.8333333333333334	0	100.0	0	0	0	0	100.0	0	0	0	0	0	0	0	0	0	0	0	0	2.0	100.0	1.0	0	100.0	0	0	0	0	0	6.0	10.5	6.0	1.8823529411764706	6	0	0	0	0	0	0	100.0	0.0	4.761904761904762	0	0	4.761904761904762	19.047619047619047	0	0	0	4.761904761904762	4.761904761904762	0	0	4.761904761904762	4.761904761904762	0	0	0	0	0	0	23.80952380952381	4.761904761904762	0	0	0	0	4.761904761904762	0	14.285714285714286	4.761904761904762	0	50.0	50.0	100.0	0.0	1.0	100.0	0	0
russian_clean_87.conllu	1	17	17.0	7.153846153846154	11.764705882352942	0	0	0	11.764705882352942	0	41.1764705882353	0	0	5.882352941176471	0	23.529411764705884	0	5.882352941176471	0.7692307692307693	0	100.0	100.0	0	100.0	0	0	0	0	0	100.0	0	0	0	0	0	0	0	0	1.0	100.0	2.0	0	0	100.0	0	0	0	0	3.0	17.0	13.0	3.8333333333333335	13	0	0	0	0	0	0	100.0	0.0	0	0	0	0	11.764705882352942	0	0	0	0	11.764705882352942	0	0	29.41176470588235	0	0	0	0	0	0	0	5.882352941176471	5.882352941176471	0	0	0	0	5.882352941176471	0	23.529411764705884	5.882352941176471	0	100.0	0.0	0	0	0	0	0	0
russian_clean_88.conllu	1	28	28.0	6.36	10.714285714285714	7.142857142857143	3.5714285714285716	0	10.714285714285714	7.142857142857143	28.571428571428573	0	3.5714285714285716	0	0	10.714285714285714	0	17.857142857142858	0.68	0	100.0	0	0	0	80.0	20.0	0	0	0	0	0	0	0	0	0	0	0	0	5.0	100.0	2.2	0	20.0	60.0	0	20.0	0	0	6.0	5.6	11.0	2.3333333333333335	11	0	0	0	0	0.0	100.0	100.0	0.0	3.5714285714285716	0	0	7.142857142857143	10.714285714285714	0	0	0	7.142857142857143	10.714285714285714	0	0	10.714285714285714	0	0	7.142857142857143	0	0	3.5714285714285716	0	7.142857142857143	3.5714285714285716	0	0	0	0	10.714285714285714	0	10.714285714285714	3.5714285714285716	3.5714285714285716	33.333333333333336	66.66666666666667	100.0	0.0	1.0	100.0	0	0
russian_clean_89.conllu	1	24	24.0	6.590909090909091	8.333333333333334	8.333333333333334	4.166666666666667	0	8.333333333333334	4.166666666666667	37.5	0	12.5	0	0	8.333333333333334	0	8.333333333333334	0.6363636363636364	100.0	0	100.0	0	100.0	0	0	0	0	100.0	0	0	0	0	0	0	0	0	0	2.0	100.0	3.5	0	0	0	50.0	50.0	0	0	6.0	12.0	6.0	1.9523809523809523	6	0	0	0	0	0.0	100.0	50.0	50.0	0	0	0	16.666666666666668	8.333333333333334	0	0	0	8.333333333333334	8.333333333333334	0	0	8.333333333333334	0	0	4.166666666666667	0	0	0	0	12.5	8.333333333333334	0	0	0	4.166666666666667	8.333333333333334	0	8.333333333333334	4.166666666666667	0	100.0	0.0	0	0	0	0	0	0
russian_clean_90.conllu	1	20	20.0	6.666666666666667	15.0	15.0	0	0	0	0	35.0	5.0	5.0	0	5.0	10.0	0	10.0	0.7222222222222222	0	100.0	100.0	0	50.0	50.0	0	0	0	0	100.0	0	0	0	0	0	0	0	0	2.0	100.0	3.5	0	0	50.0	0	0	50.0	0	4.0	10.0	7.0	2.176470588235294	7	0	0	0	0	0.0	100.0	100.0	0.0	0	0	0	5.0	20.0	0	0	0	10.0	0	0	0	0	0	0	0	0	10.0	0	0	10.0	5.0	0	0	0	5.0	15.0	0	10.0	5.0	5.0	50.0	50.0	100.0	0.0	1.0	100.0	0	0
russian_clean_91.conllu	1	25	25.0	7.2272727272727275	12.0	8.0	0	0	12.0	0	32.0	0	0	8.0	0	12.0	0	16.0	0.6818181818181818	0	100.0	100.0	50.0	25.0	25.0	0	0	0	0	100.0	0	0	0	0	0	0	0	0	4.0	100.0	2.5	0	0	50.0	50.0	0	0	0	5.0	6.25	11.0	2.4285714285714284	11	0	0	0	0	0.0	100.0	100.0	0.0	0	0	4.0	0	12.0	0	0	0	8.0	12.0	0	0	16.0	0	0	0	0	0	4.0	0	4.0	4.0	0	0	0	8.0	8.0	0	12.0	4.0	4.0	33.333333333333336	66.66666666666667	100.0	0.0	2.0	0	100.0	0
russian_clean_92.conllu	1	34	34.0	6.517241379310345	11.764705882352942	14.705882352941176	0	0	2.9411764705882355	2.9411764705882355	29.41176470588235	0	0	8.823529411764707	0	14.705882352941176	0	14.705882352941176	0.6551724137931034	20.0	80.0	100.0	0	60.0	0	40.0	0	0	0	100.0	0	0	0	0	0	0	0	0	5.0	0.0	1.4	20.0	20.0	60.0	0	0	0	0	13.0	6.8	6.0	1.8571428571428572	6	1.0	1	100.0	0	0.0	100.0	100.0	0.0	2.9411764705882355	5.882352941176471	0	0	8.823529411764707	2.9411764705882355	0	0	14.705882352941176	2.9411764705882355	0	0	2.9411764705882355	0	0	2.9411764705882355	0	0	0	0	11.764705882352942	5.882352941176471	0	0	0	2.9411764705882355	17.647058823529413	0	14.705882352941176	2.9411764705882355	0	0.0	100.0	100.0	0.0	1.0	100.0	0	0
russian_clean_93.conllu	1	15	15.0	6.785714285714286	13.333333333333334	20.0	6.666666666666667	0	0	0	33.333333333333336	6.666666666666667	0	0	0	6.666666666666667	6.666666666666667	6.666666666666667	0.6428571428571429	0	100.0	100.0	0	100.0	0	0	0	0	0	100.0	0	0	0	0	0	0	0	0	1.0	100.0	4.0	0	0	0	0	100.0	0	0	4.0	15.0	9.0	2.3846153846153846	9	0	0	0	0	0	0	100.0	0.0	0	0	0	6.666666666666667	6.666666666666667	0	0	0	20.0	0	0	0	0	0	0	0	0	20.0	0	0	6.666666666666667	6.666666666666667	0	6.666666666666667	0	0	13.333333333333334	0	6.666666666666667	6.666666666666667	0	100.0	0.0	0	0	0	0	0	0
russian_clean_94.conllu	1	20	20.0	8.058823529411764	25.0	10.0	0	0	5.0	0	30.0	0	0	10.0	0	15.0	0	5.0	0.7058823529411765	0	100.0	100.0	0	100.0	0	0	0	0	0	100.0	0	0	0	0	0	0	0	0	2.0	100.0	3.0	0	0	0	100.0	0	0	0	3.0	10.0	8.0	2.4375	8	0	0	0	0	0	0	100.0	0.0	0	5.0	0	0	20.0	0	0	0	10.0	5.0	0	0	5.0	5.0	0	0	0	0	0	0	10.0	10.0	0	0	0	0	10.0	0	15.0	5.0	0	50.0	50.0	100.0	0.0	1.0	100.0	0	0
russian_clean_95.conllu	1	21	21.0	6.5	23.80952380952381	4.761904761904762	0	0	9.523809523809524	9.523809523809524	23.80952380952381	0	4.761904761904762	0	0	14.285714285714286	4.761904761904762	4.761904761904762	0.6111111111111112	0	100.0	100.0	0	100.0	0	0	0	100.0	0	0	0	0	0	0	0	0	0	0	1.0	100.0	5.0	0	0	0	0	0	100.0	0	4.0	21.0	17.0	3.823529411764706	17	0	0	0	0	0	0	100.0	0.0	0	0	4.761904761904762	0	19.047619047619047	0	0	0	4.761904761904762	9.523809523809524	0	0	9.523809523809524	0	0	9.523809523809524	0	4.761904761904762	0	4.761904761904762	0	4.761904761904762	0	0	0	0	9.523809523809524	0	14.285714285714286	4.761904761904762	0	100.0	0.0	0	0	0	0	0	0
russian_clean_96.conllu	1	22	22.0	5.882352941176471	13.636363636363637	13.636363636363637	4.545454545454546	0	4.545454545454546	0	27.272727272727273	0	4.545454545454546	4.545454545454546	0	22.727272727272727	0	4.545454545454546	0.6470588235294118	0	100.0	100.0	0	100.0	0	0	0	0	0	100.0	0	0	0	0	0	0	0	0	1.0	100.0	2.0	0	0	100.0	0	0	0	0	5.0	22.0	17.0	3.25	17	0	0	0	0	0	0	0.0	100.0	0	0	0	4.545454545454546	9.090909090909092	0	0	0	13.636363636363637	4.545454545454546	0	0	9.090909090909092	0	0	0	0	0	0	0	4.545454545454546	4.545454545454546	0	0	0	0	13.636363636363637	9.090909090909092	22.727272727272727	4.545454545454546	0	100.0	0.0	0	0	0	0	0	0
russian_clean_97.conllu	1	23	23.0	8.35	17.391304347826086	4.3478260869565215	4.3478260869565215	0	4.3478260869565215	0	39.130434782608695	0	0	8.695652173913043	0	13.043478260869565	0	8.695652173913043	0.8	0	100.0	100.0	0	50.0	50.0	0	0	0	0	100.0	0	0	0	0	0	0	0	0	3.0	100.0	2.5	0	0	50.0	50.0	0	0	0	6.0	7.666666666666667	6.0	1.894736842105263	6	0	0	0	0	0.0	100.0	100.0	0.0	0	4.3478260869565215	0	4.3478260869565215	17.391304347826086	0	0	0	4.3478260869565215	4.3478260869565215	0	0	4.3478260869565215	4.3478260869565215	0	0	0	0	0	0	17.391304347826086	8.695652173913043	0	0	0	4.3478260869565215	4.3478260869565215	0	13.043478260869565	4.3478260869565215	4.3478260869565215	33.333333333333336	66.66666666666667	100.0	0.0	2.0	0	100.0	0
russian_clean_98.conllu	1	19	19.0	5.823529411764706	15.789473684210526	21.05263157894737	0	0	5.2631578947368425	5.2631578947368425	31.57894736842105	0	0	0	0	10.526315789473685	0	10.526315789473685	0.6470588235294118	0	100.0	100.0	0	100.0	0	0	0	100.0	0	0	0	0	0	0	0	0	0	0	2.0	100.0	3.0	0	0	50.0	0	50.0	0	0	4.0	9.5	8.0	2.0	8	0	0	0	0	0	0	100.0	0.0	0	0	0	0	15.789473684210526	0	0	0	21.05263157894737	5.2631578947368425	0	0	10.526315789473685	0	0	5.2631578947368425	0	0	0	0	0	0	10.526315789473685	0	0	0	15.789473684210526	0	10.526315789473685	5.2631578947368425	0	100.0	0.0	0	0	0	0	0	0
russian_clean_99.conllu	1	20	20.0	6.0625	15.0	10.0	5.0	5.0	0	0	20.0	0	0	10.0	5.0	20.0	0	10.0	0.6875	100.0	0	100.0	0	100.0	0	0	50.0	0	50.0	0	100.0	0	100.0	100.0	0	0	100.0	0	3.0	100.0	2.5	0	0	50.0	50.0	0	0	0	6.0	6.666666666666667	5.0	1.9333333333333333	5	0	0	0	0	0	0	66.66666666666667	33.333333333333336	5.0	5.0	0	5.0	15.0	0	0	0	10.0	0	0	0	0	5.0	0	0	0	0	0	0	5.0	15.0	0	0	0	0	10.0	0	20.0	5.0	0	33.333333333333336	66.66666666666667	100.0	0.0	1.0	100.0	0	0
russian_clean_100.conllu	1	34	34.0	6.413793103448276	17.647058823529413	8.823529411764707	2.9411764705882355	0	2.9411764705882355	0	26.470588235294116	0	0	5.882352941176471	0	14.705882352941176	5.882352941176471	14.705882352941176	0.7241379310344828	100.0	0	100.0	0	60.0	40.0	0	33.333333333333336	0	66.66666666666667	0	0	0	0	0	0	0	0	0	5.0	100.0	2.6	0	20.0	20.0	40.0	20.0	0	0	6.0	6.8	16.0	2.892857142857143	16	1.0	1	100.0	0	33.333333333333336	66.66666666666667	66.66666666666667	33.333333333333336	0	2.9411764705882355	5.882352941176471	2.9411764705882355	17.647058823529413	0	0	0	8.823529411764707	2.9411764705882355	0	0	2.9411764705882355	0	2.9411764705882355	0	0	0	2.9411764705882355	5.882352941176471	5.882352941176471	5.882352941176471	0	0	0	5.882352941176471	8.823529411764707	0	14.705882352941176	2.9411764705882355	0	20.0	80.0	100.0	0.0	2.0	50.0	0	50.0
russian_clean_101.conllu	1	21	21.0	7.526315789473684	9.523809523809524	14.285714285714286	0	4.761904761904762	4.761904761904762	0	42.857142857142854	0	0	0	0	9.523809523809524	4.761904761904762	9.523809523809524	0.6842105263157895	100.0	0	100.0	0	50.0	0	50.0	100.0	0	0	0	100.0	0	100.0	100.0	0	0	100.0	0	2.0	100.0	3.5	0	0	0	50.0	50.0	0	0	5.0	10.5	9.0	2.111111111111111	9	1.0	1	100.0	0	0	0	100.0	0.0	0	0	4.761904761904762	0	9.523809523809524	0	0	4.761904761904762	14.285714285714286	4.761904761904762	0	0	4.761904761904762	0	0	0	0	0	0	4.761904761904762	19.047619047619047	4.761904761904762	4.761904761904762	0	0	0	9.523809523809524	0	9.523809523809524	4.761904761904762	0	50.0	50.0	100.0	0.0	1.0	100.0	0	0