Filename	n_sentences	n_tokens	tokens_per_sent	char_per_tok	upos_dist_ADJ	upos_dist_ADP	upos_dist_ADV	upos_dist_AUX	upos_dist_CCONJ	upos_dist_DET	upos_dist_NOUN	upos_dist_NUM	upos_dist_PART	upos_dist_PRON	upos_dist_PROPN	upos_dist_PUNCT	upos_dist_SCONJ	upos_dist_VERB	upos_dist_X	lexical_density	verbs_tense_dist_Past	verbs_tense_dist_Pres	verbs_mood_dist_Ind	verbs_form_dist_Fin	verbs_form_dist_Inf	verbs_form_dist_Part	verbs_num_pers_dist_+	aux_tense_dist_Past	aux_tense_dist_Pres	aux_mood_dist_Ind	aux_form_dist_Fin	aux_form_dist_Inf	aux_form_dist_Part	aux_num_pers_dist_+	verbal_head_per_sent	verbal_root_perc	avg_verb_edges	verb_edges_dist_0	verb_edges_dist_1	verb_edges_dist_2	verb_edges_dist_3	verb_edges_dist_4	verb_edges_dist_5	verb_edges_dist_6	avg_max_depth	avg_token_per_clause	avg_max_links_len	avg_links_len	max_links_len	avg_prepositional_chain_len	n_prepositional_chains	prep_dist_1	prep_dist_2	obj_pre	obj_post	subj_pre	subj_post	dep_dist_acl	dep_dist_acl:cleft	dep_dist_acl:relcl	dep_dist_advcl	dep_dist_advmod	dep_dist_amod	dep_dist_appos	dep_dist_aux	dep_dist_aux:pass	dep_dist_case	dep_dist_cc	dep_dist_ccomp	dep_dist_compound:prt	dep_dist_conj	dep_dist_cop	dep_dist_csubj	dep_dist_det	dep_dist_expl	dep_dist_flat:foreign	dep_dist_flat:name	dep_dist_iobj	dep_dist_mark	dep_dist_nmod	dep_dist_nsubj	dep_dist_nsubj:pass	dep_dist_nummod	dep_dist_obj	dep_dist_obl	dep_dist_parataxis	dep_dist_punct	dep_dist_root	dep_dist_xcomp	principal_proposition_dist	subordinate_proposition_dist	subordinate_post	subordinate_pre	avg_subordinate_chain_len	subordinate_dist_1	subordinate_dist_2
norwegian_clean_1.conllu	1	15	15.0	5.214285714285714	13.333333333333334	13.333333333333334	0	0	13.333333333333334	0	40.0	0	0	0	0	6.666666666666667	6.666666666666667	6.666666666666667	0	0.6428571428571429	0	100.0	100.0	100.0	0	0	100.0	0	0	0	0	0	0	0	1.0	100.0	3.0	0	0	0	100.0	0	0	0	4.0	15.0	3.0	1.7692307692307692	3	1.0	1	100.0	0	0	0	0.0	100.0	0	0	0	0	0	13.333333333333334	0	0	0	13.333333333333334	13.333333333333334	0	0	13.333333333333334	0	0	0	0	0	0	0	6.666666666666667	6.666666666666667	6.666666666666667	0	0	0	6.666666666666667	0	6.666666666666667	6.666666666666667	6.666666666666667	100.0	0.0	0	0	0	0	0
norwegian_clean_2.conllu	1	22	22.0	4.15	9.090909090909092	13.636363636363637	4.545454545454546	4.545454545454546	9.090909090909092	4.545454545454546	18.181818181818183	4.545454545454546	0	9.090909090909092	0	9.090909090909092	4.545454545454546	9.090909090909092	0	0.45	0	100.0	100.0	50.0	50.0	0	100.0	0	100.0	100.0	100.0	0	0	100.0	2.0	100.0	3.0	0	0	0	100.0	0	0	0	4.0	11.0	14.0	2.8421052631578947	14	0	0	0	0	0.0	100.0	100.0	0.0	0	0	0	4.545454545454546	9.090909090909092	4.545454545454546	0	4.545454545454546	0	13.636363636363637	9.090909090909092	0	0	9.090909090909092	0	0	4.545454545454546	0	0	0	0	4.545454545454546	0	9.090909090909092	0	4.545454545454546	4.545454545454546	4.545454545454546	0	9.090909090909092	4.545454545454546	0	50.0	50.0	100.0	0.0	1.0	100.0	0
norwegian_clean_3.conllu	1	14	14.0	4.666666666666667	0	7.142857142857143	7.142857142857143	0	21.428571428571427	0	42.857142857142854	0	0	0	0	14.285714285714286	0	7.142857142857143	0	0.6666666666666666	100.0	0	100.0	100.0	0	0	100.0	0	0	0	0	0	0	0	1.0	100.0	4.0	0	0	0	0	100.0	0	0	4.0	14.0	11.0	2.909090909090909	11	1.0	1	100.0	0	0.0	100.0	100.0	0.0	0	0	0	0	7.142857142857143	0	0	0	0	7.142857142857143	21.428571428571427	0	0	21.428571428571427	0	0	0	0	0	0	0	0	7.142857142857143	7.142857142857143	0	0	7.142857142857143	0	0	14.285714285714286	7.142857142857143	0	100.0	0.0	0	0	0	0	0
norwegian_clean_4.conllu	1	13	13.0	5.416666666666667	0	23.076923076923077	0	7.6923076923076925	7.6923076923076925	0	38.46153846153846	0	0	7.6923076923076925	0	7.6923076923076925	0	7.6923076923076925	0	0.5	0	100.0	100.0	100.0	0	0	100.0	100.0	0	100.0	100.0	0	0	100.0	2.0	100.0	2.0	0	0	100.0	0	0	0	0	5.0	6.5	5.0	1.7272727272727273	5	1.0	2	100.0	0	0	0	0.0	100.0	0	0	0	0	0	0	0	0	0	23.076923076923077	7.6923076923076925	0	0	7.6923076923076925	7.6923076923076925	0	0	0	0	0	0	0	23.076923076923077	7.6923076923076925	0	0	0	7.6923076923076925	0	7.6923076923076925	7.6923076923076925	0	50.0	50.0	100.0	0.0	1.0	100.0	0
norwegian_clean_5.conllu	1	20	20.0	3.473684210526316	5.0	20.0	5.0	10.0	5.0	0	15.0	0	0	10.0	0	5.0	10.0	10.0	5.0	0.3684210526315789	0	100.0	100.0	50.0	50.0	0	100.0	100.0	0	100.0	100.0	0	0	100.0	2.0	0.0	2.5	0	0	50.0	50.0	0	0	0	5.0	10.0	6.0	2.2222222222222223	6	0	0	0	0	0	0	100.0	0.0	5.0	0	5.0	0	5.0	0	0	10.0	0	15.0	5.0	0	5.0	5.0	0	0	0	0	0	0	0	10.0	5.0	10.0	0	0	0	10.0	0	5.0	5.0	0	0.0	100.0	100.0	0.0	1.0	100.0	0
norwegian_clean_6.conllu	1	35	35.0	4.580645161290323	5.714285714285714	8.571428571428571	0	0	2.857142857142857	0	14.285714285714286	0	0	2.857142857142857	0	11.428571428571429	0	2.857142857142857	51.42857142857143	0.25806451612903225	100.0	0	100.0	100.0	0	0	100.0	0	0	0	0	0	0	0	1.0	100.0	4.0	0	0	0	0	100.0	0	0	4.0	35.0	20.0	7.166666666666667	20	1.0	1	100.0	0	50.0	50.0	100.0	0.0	0	0	0	0	2.857142857142857	2.857142857142857	0	0	0	8.571428571428571	2.857142857142857	0	0	5.714285714285714	0	0	0	0	48.57142857142857	0	0	0	2.857142857142857	2.857142857142857	0	0	5.714285714285714	2.857142857142857	0	11.428571428571429	2.857142857142857	0	100.0	0.0	0	0	0	0	0
norwegian_clean_7.conllu	1	25	25.0	5.0	0	12.0	12.0	4.0	8.0	4.0	24.0	0	0	0	4.0	12.0	0	0	20.0	0.45454545454545453	0	0	0	0	0	0	0	100.0	0	100.0	100.0	0	0	100.0	0.0	0.0	0	0	0	0	0	0	0	0	4.0	0	20.0	3.7142857142857144	20	2.0	1	0	100.0	0	0	0	0	0	0	0	0	12.0	0	0	0	0	12.0	8.0	0	0	16.0	4.0	0	4.0	0	0	20.0	0	0	8.0	0	0	0	0	0	0	12.0	4.0	0	0	0	0	0	0	0	0
norwegian_clean_8.conllu	1	18	18.0	5.3125	16.666666666666668	11.11111111111111	5.555555555555555	5.555555555555555	5.555555555555555	11.11111111111111	22.22222222222222	0	0	5.555555555555555	0	11.11111111111111	0	5.555555555555555	0	0.5625	100.0	0	100.0	100.0	0	0	100.0	100.0	0	100.0	100.0	0	0	100.0	1.0	0.0	3.0	0	0	0	100.0	0	0	0	4.0	18.0	11.0	2.8666666666666667	11	1.0	1	100.0	0	0.0	100.0	100.0	0.0	0	0	0	0	5.555555555555555	5.555555555555555	0	5.555555555555555	0	11.11111111111111	5.555555555555555	0	0	5.555555555555555	0	0	11.11111111111111	0	0	0	0	0	11.11111111111111	11.11111111111111	0	0	5.555555555555555	5.555555555555555	0	11.11111111111111	5.555555555555555	0	0	0	0	0	0	0	0
norwegian_clean_9.conllu	1	20	20.0	6.235294117647059	10.0	15.0	0	0	20.0	0	35.0	0	0	0	0	15.0	0	5.0	0	0.5882352941176471	100.0	0	100.0	100.0	0	0	100.0	0	0	0	0	0	0	0	1.0	100.0	3.0	0	0	0	100.0	0	0	0	6.0	20.0	15.0	2.75	15	1.0	1	100.0	0	0.0	100.0	100.0	0.0	0	0	0	0	0	0	0	0	0	15.0	20.0	0	0	30.0	0	0	0	0	0	0	0	0	5.0	5.0	0	0	5.0	0	0	15.0	5.0	0	100.0	0.0	0	0	0	0	0
norwegian_clean_10.conllu	1	16	16.0	5.071428571428571	18.75	0	12.5	6.25	0	12.5	25.0	0	0	0	0	12.5	6.25	6.25	0	0.7142857142857143	100.0	0	100.0	100.0	0	0	100.0	100.0	0	100.0	100.0	0	0	100.0	2.0	100.0	3.0	0	0	0	100.0	0	0	0	3.0	8.0	11.0	2.6923076923076925	11	0	0	0	0	0.0	100.0	100.0	0.0	0	0	0	6.25	6.25	18.75	0	0	0	0	0	0	0	0	6.25	0	12.5	0	0	0	0	6.25	6.25	12.5	0	0	6.25	0	0	12.5	6.25	0	50.0	50.0	100.0	0.0	1.0	100.0	0
norwegian_clean_11.conllu	1	34	34.0	6.066666666666666	2.9411764705882355	14.705882352941176	2.9411764705882355	2.9411764705882355	5.882352941176471	5.882352941176471	35.294117647058826	5.882352941176471	0	5.882352941176471	0	11.764705882352942	0	5.882352941176471	0	0.5333333333333333	0	100.0	100.0	100.0	0	0	100.0	0	100.0	100.0	100.0	0	0	100.0	3.0	100.0	2.5	0	0	50.0	50.0	0	0	0	8.0	11.333333333333334	11.0	2.413793103448276	11	1.0	3	100.0	0	0	0	100.0	0.0	0	0	5.882352941176471	0	2.9411764705882355	2.9411764705882355	2.9411764705882355	0	0	14.705882352941176	5.882352941176471	0	0	8.823529411764707	2.9411764705882355	0	5.882352941176471	0	0	0	0	0	11.764705882352942	8.823529411764707	0	5.882352941176471	0	5.882352941176471	0	11.764705882352942	2.9411764705882355	0	33.333333333333336	66.66666666666667	100.0	0.0	1.0	100.0	0
norwegian_clean_12.conllu	1	33	33.0	5.586206896551724	3.0303030303030303	18.181818181818183	3.0303030303030303	3.0303030303030303	12.121212121212121	3.0303030303030303	33.333333333333336	0	0	0	6.0606060606060606	12.121212121212121	0	6.0606060606060606	0	0.5862068965517241	0	100.0	100.0	50.0	50.0	0	100.0	0	100.0	100.0	100.0	0	0	100.0	2.0	100.0	3.0	0	0	50.0	0	50.0	0	0	6.0	16.5	10.0	2.4642857142857144	10	1.0	2	100.0	0	0.0	100.0	100.0	0.0	0	0	0	3.0303030303030303	3.0303030303030303	3.0303030303030303	0	3.0303030303030303	0	15.151515151515152	12.121212121212121	0	3.0303030303030303	15.151515151515152	0	0	3.0303030303030303	0	0	6.0606060606060606	0	0	6.0606060606060606	3.0303030303030303	0	0	3.0303030303030303	6.0606060606060606	0	12.121212121212121	3.0303030303030303	0	50.0	50.0	100.0	0.0	1.0	100.0	0
norwegian_clean_13.conllu	1	7	7.0	6.0	14.285714285714286	0	0	0	0	0	42.857142857142854	0	0	14.285714285714286	0	14.285714285714286	0	14.285714285714286	0	0.8333333333333334	0	0	0	0	100.0	0	0	0	0	0	0	0	0	0	1.0	0.0	3.0	0	0	0	100.0	0	0	0	3.0	7.0	3.0	1.8	3	0	0	0	0	50.0	50.0	100.0	0.0	0	0	14.285714285714286	0	0	14.285714285714286	0	0	0	0	0	0	0	0	0	0	0	0	0	0	14.285714285714286	0	0	14.285714285714286	0	0	14.285714285714286	0	0	14.285714285714286	14.285714285714286	0	0.0	100.0	100.0	0.0	1.0	100.0	0
norwegian_clean_14.conllu	1	20	20.0	4.764705882352941	0	5.0	0	5.0	0	0	10.0	0	0	0	5.0	15.0	0	5.0	55.0	0.23529411764705882	0	0	0	0	0	100.0	0	0	100.0	100.0	100.0	0	0	100.0	1.0	0.0	0.0	100.0	0	0	0	0	0	0	2.0	20.0	13.0	5.75	13	0	0	0	0	0	0	100.0	0.0	0	0	0	0	0	0	0	0	0	5.0	0	0	0	0	5.0	0	0	0	0	60.0	0	0	5.0	5.0	0	0	0	0	0	15.0	5.0	0	0.0	100.0	100.0	0.0	1.0	100.0	0
norwegian_clean_15.conllu	1	27	27.0	5.608695652173913	11.11111111111111	11.11111111111111	0	3.7037037037037037	11.11111111111111	3.7037037037037037	33.333333333333336	0	0	3.7037037037037037	0	14.814814814814815	3.7037037037037037	3.7037037037037037	0	0.5652173913043478	0	100.0	100.0	100.0	0	0	100.0	0	100.0	100.0	100.0	0	0	100.0	2.0	100.0	4.0	0	0	0	0	100.0	0	0	4.0	13.5	12.0	2.8181818181818183	12	0	0	0	0	0	0	50.0	50.0	0	0	0	0	3.7037037037037037	3.7037037037037037	0	0	0	11.11111111111111	11.11111111111111	0	0	18.51851851851852	3.7037037037037037	3.7037037037037037	3.7037037037037037	3.7037037037037037	0	0	0	3.7037037037037037	3.7037037037037037	3.7037037037037037	0	0	0	7.407407407407407	0	14.814814814814815	3.7037037037037037	0	50.0	50.0	100.0	0.0	1.0	100.0	0
norwegian_clean_16.conllu	1	25	25.0	5.181818181818182	16.0	12.0	0	8.0	12.0	4.0	24.0	0	0	0	0	12.0	4.0	8.0	0	0.5454545454545454	100.0	0	100.0	50.0	50.0	0	100.0	0	100.0	100.0	100.0	0	0	100.0	2.0	100.0	3.5	0	0	50.0	0	0	50.0	0	6.0	12.5	17.0	2.857142857142857	17	1.0	2	100.0	0	0.0	100.0	100.0	0.0	0	0	0	0	0	8.0	0	4.0	0	12.0	12.0	0	0	12.0	4.0	0	4.0	0	0	0	0	4.0	8.0	8.0	0	0	4.0	0	0	12.0	4.0	4.0	100.0	0.0	0	0	0	0	0
norwegian_clean_17.conllu	1	31	31.0	4.517241379310345	9.67741935483871	6.451612903225806	9.67741935483871	9.67741935483871	9.67741935483871	0	29.032258064516128	0	0	6.451612903225806	0	6.451612903225806	0	12.903225806451612	0	0.6551724137931034	0	100.0	100.0	50.0	50.0	0	100.0	0	100.0	100.0	100.0	0	0	100.0	4.0	100.0	2.5	0	25.0	50.0	0	0	25.0	0	5.0	7.75	17.0	2.9642857142857144	17	1.0	2	100.0	0	0.0	100.0	100.0	0.0	0	0	3.225806451612903	0	9.67741935483871	9.67741935483871	0	6.451612903225806	0	6.451612903225806	9.67741935483871	0	0	16.129032258064516	0	0	0	0	0	0	0	0	6.451612903225806	9.67741935483871	0	0	12.903225806451612	0	0	6.451612903225806	3.225806451612903	0	50.0	50.0	100.0	0.0	1.0	100.0	0
norwegian_clean_18.conllu	1	22	22.0	5.5	13.636363636363637	18.181818181818183	0	0	4.545454545454546	0	36.36363636363637	4.545454545454546	0	0	0	9.090909090909092	4.545454545454546	9.090909090909092	0	0.65	50.0	50.0	100.0	100.0	0	0	100.0	0	0	0	0	0	0	0	2.0	100.0	3.5	0	0	0	50.0	50.0	0	0	5.0	11.0	10.0	2.6842105263157894	10	1.0	2	100.0	0	0.0	100.0	100.0	0.0	4.545454545454546	0	0	0	4.545454545454546	9.090909090909092	0	0	0	18.181818181818183	4.545454545454546	0	0	4.545454545454546	0	0	0	0	0	0	0	4.545454545454546	13.636363636363637	4.545454545454546	0	4.545454545454546	4.545454545454546	9.090909090909092	0	9.090909090909092	4.545454545454546	0	100.0	0.0	0	0	0	0	0
norwegian_clean_19.conllu	1	13	13.0	8.166666666666666	0	0	0	0	0	0	0	0	0	0	0	7.6923076923076925	0	0	92.3076923076923	0.0	0	0	0	0	0	0	0	0	0	0	0	0	0	0	0.0	0.0	0	0	0	0	0	0	0	0	1.0	0	11.0	6.0	11	0	0	0	0	0	0	0	0	0	0	0	0	0	0	0	0	0	0	0	0	0	0	0	0	0	0	84.61538461538461	0	0	0	0	0	0	0	0	0	0	7.6923076923076925	7.6923076923076925	0	0	0	0	0	0	0	0
norwegian_clean_20.conllu	1	11	11.0	7.3	18.181818181818183	9.090909090909092	0	0	0	0	36.36363636363637	0	0	9.090909090909092	0	9.090909090909092	0	18.181818181818183	0	0.8	0	100.0	100.0	100.0	0	0	100.0	0	0	0	0	0	0	0	2.0	100.0	3.0	0	0	50.0	0	50.0	0	0	4.0	5.5	3.0	1.5555555555555556	3	0	0	0	0	0.0	100.0	100.0	0.0	0	0	9.090909090909092	0	9.090909090909092	9.090909090909092	0	0	0	9.090909090909092	0	0	0	0	0	0	0	0	0	0	0	0	0	27.272727272727273	0	0	9.090909090909092	9.090909090909092	0	9.090909090909092	9.090909090909092	0	50.0	50.0	100.0	0.0	1.0	100.0	0
norwegian_clean_21.conllu	1	30	30.0	5.851851851851852	26.666666666666668	10.0	3.3333333333333335	3.3333333333333335	3.3333333333333335	3.3333333333333335	16.666666666666668	0	3.3333333333333335	0	10.0	10.0	6.666666666666667	3.3333333333333335	0	0.6666666666666666	0	0	0	0	100.0	0	0	0	100.0	100.0	100.0	0	0	100.0	2.0	0.0	5.0	0	0	0	0	0	100.0	0	4.0	15.0	24.0	3.8076923076923075	24	1.0	1	100.0	0	0.0	100.0	0	0	3.3333333333333335	0	0	0	3.3333333333333335	20.0	0	0	0	10.0	3.3333333333333335	0	0	3.3333333333333335	3.3333333333333335	0	3.3333333333333335	0	0	6.666666666666667	0	10.0	3.3333333333333335	0	0	0	6.666666666666667	6.666666666666667	0	10.0	3.3333333333333335	3.3333333333333335	0.0	100.0	100.0	0.0	1.0	100.0	0
norwegian_clean_22.conllu	1	26	26.0	5.583333333333333	11.538461538461538	7.6923076923076925	0	0	3.8461538461538463	3.8461538461538463	30.76923076923077	0	7.6923076923076925	3.8461538461538463	0	7.6923076923076925	7.6923076923076925	15.384615384615385	0	0.625	0	100.0	100.0	50.0	50.0	0	100.0	0	0	0	0	0	0	0	4.0	100.0	2.5	0	0	50.0	50.0	0	0	0	7.0	6.5	14.0	3.3043478260869565	14	1.0	2	100.0	0	0.0	100.0	100.0	0.0	7.6923076923076925	0	0	0	0	11.538461538461538	0	0	0	11.538461538461538	3.8461538461538463	0	0	3.8461538461538463	0	0	3.8461538461538463	0	0	0	0	15.384615384615385	7.6923076923076925	7.6923076923076925	0	0	7.6923076923076925	0	0	7.6923076923076925	3.8461538461538463	7.6923076923076925	25.0	75.0	100.0	0.0	1.5	50.0	50.0
norwegian_clean_23.conllu	1	25	25.0	4.545454545454546	20.0	16.0	8.0	8.0	0	8.0	20.0	0	0	4.0	0	12.0	0	4.0	0	0.5909090909090909	0	100.0	100.0	100.0	0	0	100.0	0	100.0	100.0	100.0	0	0	100.0	2.0	100.0	6.0	0	0	0	0	0	0	100.0	4.0	12.5	11.0	2.619047619047619	11	1.0	1	100.0	0	0.0	100.0	100.0	0.0	0	0	0	0	12.0	12.0	0	0	0	16.0	0	0	0	4.0	8.0	0	8.0	0	0	0	0	0	4.0	8.0	0	0	4.0	8.0	0	12.0	4.0	0	100.0	0.0	0	0	0	0	0
norwegian_clean_24.conllu	1	25	25.0	5.826086956521739	16.0	28.0	0	0	4.0	0	36.0	0	0	0	0	8.0	0	8.0	0	0.6521739130434783	0	100.0	100.0	50.0	50.0	0	100.0	0	0	0	0	0	0	0	2.0	0.0	2.0	0	50.0	0	50.0	0	0	0	6.0	12.5	14.0	2.6363636363636362	14	1.5	2	50.0	50.0	0.0	100.0	100.0	0.0	4.0	0	0	0	0	12.0	0	4.0	0	24.0	4.0	0	0	4.0	0	0	0	0	0	0	0	4.0	12.0	4.0	0	0	4.0	12.0	0	8.0	4.0	0	0.0	100.0	0.0	100.0	1.0	100.0	0
norwegian_clean_25.conllu	1	17	17.0	6.25	17.647058823529413	11.764705882352942	0	0	5.882352941176471	5.882352941176471	29.41176470588235	0	5.882352941176471	0	0	5.882352941176471	0	17.647058823529413	0	0.6875	0	100.0	100.0	66.66666666666667	33.333333333333336	0	100.0	0	0	0	0	0	0	0	3.0	100.0	2.6666666666666665	0	0	33.333333333333336	66.66666666666667	0	0	0	6.0	5.666666666666667	4.0	1.6666666666666667	4	1.0	2	100.0	0	0.0	100.0	50.0	50.0	0	0	0	0	11.764705882352942	5.882352941176471	0	0	0	11.764705882352942	5.882352941176471	0	0	5.882352941176471	0	5.882352941176471	5.882352941176471	0	0	0	0	5.882352941176471	11.764705882352942	5.882352941176471	0	0	11.764705882352942	0	0	5.882352941176471	5.882352941176471	0	50.0	50.0	100.0	0.0	1.0	100.0	0
norwegian_clean_26.conllu	1	27	27.0	7.12	14.814814814814815	22.22222222222222	0	3.7037037037037037	3.7037037037037037	11.11111111111111	33.333333333333336	0	0	0	0	7.407407407407407	0	3.7037037037037037	0	0.56	0	0	0	0	100.0	0	0	0	100.0	100.0	100.0	0	0	100.0	2.0	100.0	3.0	0	0	0	100.0	0	0	0	5.0	13.5	14.0	2.6666666666666665	14	1.3333333333333333	3	66.66666666666667	33.333333333333336	0	0	100.0	0.0	0	0	0	0	3.7037037037037037	11.11111111111111	0	0	0	18.51851851851852	3.7037037037037037	0	3.7037037037037037	11.11111111111111	3.7037037037037037	0	11.11111111111111	0	0	0	0	0	14.814814814814815	3.7037037037037037	0	0	0	3.7037037037037037	0	7.407407407407407	3.7037037037037037	0	100.0	0.0	0	0	0	0	0
norwegian_clean_27.conllu	1	18	18.0	7.125	11.11111111111111	16.666666666666668	0	11.11111111111111	0	0	33.333333333333336	0	0	0	5.555555555555555	11.11111111111111	5.555555555555555	5.555555555555555	0	0.625	0	0	0	0	100.0	0	0	0	100.0	100.0	100.0	0	0	100.0	2.0	100.0	3.0	0	0	0	100.0	0	0	0	4.0	9.0	10.0	2.933333333333333	10	1.0	2	100.0	0	0.0	100.0	100.0	0.0	0	0	0	0	0	11.11111111111111	0	5.555555555555555	0	16.666666666666668	0	0	0	0	5.555555555555555	0	0	0	0	0	5.555555555555555	5.555555555555555	16.666666666666668	11.11111111111111	0	0	0	0	0	11.11111111111111	5.555555555555555	5.555555555555555	50.0	50.0	100.0	0.0	1.0	100.0	0
norwegian_clean_28.conllu	1	12	12.0	5.7	25.0	8.333333333333334	0	8.333333333333334	0	8.333333333333334	25.0	0	0	0	0	16.666666666666668	0	8.333333333333334	0	0.7	100.0	0	100.0	100.0	0	0	100.0	100.0	0	100.0	100.0	0	0	100.0	2.0	100.0	2.0	0	0	100.0	0	0	0	0	3.0	6.0	5.0	2.5555555555555554	5	0	0	0	0	0.0	100.0	100.0	0.0	0	0	0	0	0	16.666666666666668	0	0	0	8.333333333333334	0	0	0	8.333333333333334	8.333333333333334	0	8.333333333333334	0	0	0	0	0	0	8.333333333333334	0	0	8.333333333333334	8.333333333333334	0	16.666666666666668	8.333333333333334	0	100.0	0.0	0	0	0	0	0
norwegian_clean_29.conllu	1	53	53.0	4.888888888888889	13.20754716981132	9.433962264150944	0	1.8867924528301887	5.660377358490566	9.433962264150944	18.867924528301888	0	0	7.547169811320755	0	15.09433962264151	1.8867924528301887	3.7735849056603774	13.20754716981132	0.4222222222222222	100.0	0	100.0	100.0	0	0	100.0	0	100.0	100.0	100.0	0	0	100.0	3.0	0.0	3.5	0	0	0	50.0	50.0	0	0	5.0	17.666666666666668	23.0	3.727272727272727	23	1.0	2	100.0	0	0.0	100.0	100.0	0.0	0	0	1.8867924528301887	0	3.7735849056603774	7.547169811320755	0	0	0	9.433962264150944	5.660377358490566	0	0	7.547169811320755	1.8867924528301887	0	9.433962264150944	0	11.320754716981131	0	0	1.8867924528301887	3.7735849056603774	5.660377358490566	0	0	3.7735849056603774	5.660377358490566	1.8867924528301887	15.09433962264151	1.8867924528301887	1.8867924528301887	0.0	100.0	100.0	0.0	1.0	100.0	0
norwegian_clean_30.conllu	1	19	19.0	5.375	5.2631578947368425	15.789473684210526	0	0	10.526315789473685	5.2631578947368425	10.526315789473685	0	0	5.2631578947368425	21.05263157894737	15.789473684210526	0	10.526315789473685	0	0.5625	100.0	0	100.0	100.0	0	0	100.0	0	0	0	0	0	0	0	2.0	100.0	3.5	0	0	0	50.0	50.0	0	0	3.0	9.5	13.0	2.6666666666666665	13	0	0	0	0	0	0	100.0	0.0	0	0	0	0	0	5.2631578947368425	0	0	0	10.526315789473685	10.526315789473685	0	5.2631578947368425	15.789473684210526	0	0	5.2631578947368425	0	0	5.2631578947368425	0	0	0	10.526315789473685	0	0	0	10.526315789473685	0	15.789473684210526	5.2631578947368425	0	100.0	0.0	0	0	0	0	0
norwegian_clean_31.conllu	1	13	13.0	4.666666666666667	7.6923076923076925	15.384615384615385	7.6923076923076925	7.6923076923076925	0	7.6923076923076925	30.76923076923077	7.6923076923076925	0	0	0	7.6923076923076925	0	7.6923076923076925	0	0.5833333333333334	100.0	0	100.0	100.0	0	0	100.0	100.0	0	100.0	100.0	0	0	100.0	2.0	100.0	1.0	0	100.0	0	0	0	0	0	3.0	6.5	8.0	2.4545454545454546	8	1.0	1	100.0	0	0.0	100.0	100.0	0.0	0	0	0	7.6923076923076925	7.6923076923076925	0	0	0	0	15.384615384615385	0	0	0	0	7.6923076923076925	0	7.6923076923076925	0	0	0	0	0	7.6923076923076925	7.6923076923076925	0	7.6923076923076925	7.6923076923076925	7.6923076923076925	0	7.6923076923076925	7.6923076923076925	0	50.0	50.0	100.0	0.0	1.0	100.0	0
norwegian_clean_32.conllu	1	16	16.0	5.466666666666667	12.5	6.25	0	0	0	0	18.75	0	0	6.25	0	6.25	6.25	0	43.75	0.3333333333333333	0	0	0	0	0	0	0	0	0	0	0	0	0	0	0.0	0.0	0	0	0	0	0	0	0	0	3.0	0	11.0	3.5714285714285716	11	1.0	1	100.0	0	0	0	100.0	0.0	0	0	0	6.25	0	12.5	0	0	0	6.25	0	0	0	0	0	0	0	0	43.75	0	0	6.25	6.25	6.25	0	0	0	0	0	6.25	6.25	0	0	0	0	0	0	0	0
norwegian_clean_33.conllu	1	24	24.0	5.0	12.5	12.5	0	0	4.166666666666667	0	29.166666666666668	0	4.166666666666667	8.333333333333334	0	4.166666666666667	4.166666666666667	20.833333333333332	0	0.6521739130434783	0	100.0	100.0	60.0	40.0	0	100.0	0	0	0	0	0	0	0	5.0	100.0	2.4	0	20.0	20.0	60.0	0	0	0	10.0	4.8	21.0	3.590909090909091	21	1.0	1	100.0	0	0.0	100.0	100.0	0.0	4.166666666666667	0	4.166666666666667	0	4.166666666666667	8.333333333333334	0	0	0	12.5	4.166666666666667	0	0	4.166666666666667	0	0	0	0	0	0	0	8.333333333333334	8.333333333333334	12.5	0	0	8.333333333333334	8.333333333333334	0	4.166666666666667	4.166666666666667	4.166666666666667	25.0	75.0	100.0	0.0	1.0	100.0	0
norwegian_clean_34.conllu	1	24	24.0	5.863636363636363	20.833333333333332	16.666666666666668	0	4.166666666666667	8.333333333333334	8.333333333333334	20.833333333333332	0	0	4.166666666666667	4.166666666666667	8.333333333333334	0	4.166666666666667	0	0.5454545454545454	100.0	0	100.0	100.0	0	0	100.0	100.0	0	100.0	100.0	0	0	100.0	2.0	100.0	3.0	0	0	0	100.0	0	0	0	4.0	12.0	16.0	2.9047619047619047	16	1.0	1	100.0	0	0	0	100.0	0.0	0	0	0	0	4.166666666666667	8.333333333333334	0	0	0	16.666666666666668	8.333333333333334	0	0	8.333333333333334	4.166666666666667	0	8.333333333333334	0	0	0	0	0	8.333333333333334	8.333333333333334	0	0	0	12.5	0	8.333333333333334	4.166666666666667	0	100.0	0.0	0	0	0	0	0
norwegian_clean_35.conllu	1	30	30.0	5.814814814814815	13.333333333333334	13.333333333333334	3.3333333333333335	3.3333333333333335	6.666666666666667	6.666666666666667	36.666666666666664	0	0	0	0	10.0	0	6.666666666666667	0	0.6666666666666666	0	100.0	100.0	50.0	50.0	0	100.0	0	100.0	100.0	100.0	0	0	100.0	2.0	0.0	3.5	0	0	0	50.0	50.0	0	0	6.0	15.0	11.0	2.423076923076923	11	1.0	4	100.0	0	0.0	100.0	100.0	0.0	0	0	3.3333333333333335	0	3.3333333333333335	13.333333333333334	0	3.3333333333333335	0	13.333333333333334	6.666666666666667	0	0	10.0	0	0	6.666666666666667	0	0	0	0	0	13.333333333333334	6.666666666666667	0	0	6.666666666666667	0	0	10.0	3.3333333333333335	0	0.0	100.0	100.0	0.0	1.0	100.0	0
norwegian_clean_36.conllu	1	19	19.0	6.5	10.526315789473685	15.789473684210526	0	5.2631578947368425	5.2631578947368425	5.2631578947368425	21.05263157894737	0	0	10.526315789473685	0	15.789473684210526	0	10.526315789473685	0	0.5	0	100.0	100.0	100.0	0	0	100.0	0	100.0	100.0	100.0	0	0	100.0	3.0	100.0	2.5	0	50.0	0	0	50.0	0	0	4.0	6.333333333333333	9.0	2.8	9	1.0	1	100.0	0	0	0	100.0	0.0	0	0	5.2631578947368425	0	0	10.526315789473685	0	0	0	10.526315789473685	5.2631578947368425	0	5.2631578947368425	5.2631578947368425	5.2631578947368425	0	5.2631578947368425	0	0	0	0	0	5.2631578947368425	15.789473684210526	0	0	0	5.2631578947368425	0	15.789473684210526	5.2631578947368425	0	50.0	50.0	0.0	100.0	1.0	100.0	0
norwegian_clean_37.conllu	1	25	25.0	5.217391304347826	12.0	16.0	0	4.0	4.0	8.0	32.0	0	4.0	0	0	8.0	4.0	8.0	0	0.5652173913043478	100.0	0	100.0	50.0	50.0	0	100.0	100.0	0	100.0	100.0	0	0	100.0	2.0	0.0	2.5	0	0	50.0	50.0	0	0	0	7.0	12.5	7.0	2.0454545454545454	7	2.0	1	0	100.0	0.0	100.0	100.0	0.0	4.0	0	0	0	0	8.0	0	0	4.0	16.0	4.0	0	0	8.0	0	0	8.0	0	0	0	0	8.0	8.0	0	4.0	0	4.0	12.0	0	8.0	4.0	0	0.0	100.0	100.0	0.0	1.0	100.0	0
norwegian_clean_38.conllu	1	27	27.0	4.2	3.7037037037037037	14.814814814814815	0	3.7037037037037037	7.407407407407407	3.7037037037037037	33.333333333333336	0	0	14.814814814814815	0	7.407407407407407	0	11.11111111111111	0	0.52	0	100.0	100.0	100.0	0	0	100.0	0	100.0	100.0	100.0	0	0	100.0	4.0	100.0	2.6666666666666665	0	0	66.66666666666667	0	33.333333333333336	0	0	6.0	6.75	21.0	2.9166666666666665	21	1.5	2	50.0	50.0	0.0	100.0	100.0	0.0	0	3.7037037037037037	0	0	0	3.7037037037037037	0	0	0	14.814814814814815	7.407407407407407	0	0	7.407407407407407	3.7037037037037037	0	3.7037037037037037	3.7037037037037037	0	0	0	0	14.814814814814815	11.11111111111111	0	0	7.407407407407407	7.407407407407407	0	7.407407407407407	3.7037037037037037	0	33.333333333333336	66.66666666666667	0.0	100.0	2.0	0	100.0
norwegian_clean_39.conllu	1	17	17.0	6.0	11.764705882352942	11.764705882352942	0	0	11.764705882352942	5.882352941176471	35.294117647058826	0	0	5.882352941176471	0	5.882352941176471	0	11.764705882352942	0	0.625	0	100.0	100.0	100.0	0	0	100.0	0	0	0	0	0	0	0	2.0	100.0	2.5	0	0	50.0	50.0	0	0	0	6.0	8.5	14.0	2.8	14	1.0	1	100.0	0	0.0	100.0	100.0	0.0	0	0	5.882352941176471	0	0	11.764705882352942	5.882352941176471	0	0	5.882352941176471	11.764705882352942	0	5.882352941176471	11.764705882352942	0	0	5.882352941176471	0	0	0	0	0	5.882352941176471	11.764705882352942	0	0	5.882352941176471	0	0	5.882352941176471	5.882352941176471	0	50.0	50.0	0.0	100.0	1.0	100.0	0
norwegian_clean_40.conllu	1	17	17.0	4.733333333333333	5.882352941176471	0	0	5.882352941176471	5.882352941176471	5.882352941176471	29.41176470588235	0	5.882352941176471	5.882352941176471	0	11.764705882352942	11.764705882352942	11.764705882352942	0	0.5333333333333333	0	100.0	100.0	50.0	50.0	0	100.0	0	100.0	100.0	100.0	0	0	100.0	2.0	100.0	3.0	0	0	0	100.0	0	0	0	5.0	8.5	7.0	2.2142857142857144	7	0	0	0	0	0	0	50.0	50.0	11.764705882352942	0	0	0	5.882352941176471	0	0	0	0	0	5.882352941176471	0	0	11.764705882352942	0	0	5.882352941176471	0	0	0	0	17.647058823529413	0	11.764705882352942	0	0	0	5.882352941176471	0	11.764705882352942	5.882352941176471	5.882352941176471	50.0	50.0	100.0	0.0	1.0	100.0	0
norwegian_clean_41.conllu	1	20	20.0	5.555555555555555	0	15.0	0	15.0	5.0	0	35.0	5.0	0	10.0	5.0	10.0	0	0	0	0.4444444444444444	0	0	0	0	0	0	0	0	100.0	100.0	100.0	0	0	100.0	2.0	100.0	0	0	0	0	0	0	0	0	4.0	10.0	9.0	2.235294117647059	9	1.0	2	100.0	0	0	0	100.0	0.0	0	5.0	0	0	0	0	0	0	0	15.0	5.0	0	0	5.0	15.0	0	0	5.0	0	0	0	0	20.0	10.0	0	5.0	0	0	0	10.0	5.0	0	50.0	50.0	100.0	0.0	1.0	100.0	0
norwegian_clean_42.conllu	1	14	14.0	6.0	14.285714285714286	14.285714285714286	0	7.142857142857143	0	0	28.571428571428573	0	0	7.142857142857143	7.142857142857143	14.285714285714286	0	7.142857142857143	0	0.6666666666666666	0	100.0	100.0	100.0	0	0	100.0	0	100.0	100.0	100.0	0	0	100.0	1.0	0.0	2.0	0	0	100.0	0	0	0	0	5.0	14.0	4.0	1.6363636363636365	4	1.0	1	100.0	0	0.0	100.0	100.0	0.0	0	0	7.142857142857143	0	0	7.142857142857143	0	7.142857142857143	0	14.285714285714286	0	0	0	0	0	0	0	0	0	7.142857142857143	0	0	7.142857142857143	14.285714285714286	0	0	7.142857142857143	7.142857142857143	0	14.285714285714286	7.142857142857143	0	0.0	100.0	100.0	0.0	1.0	100.0	0
norwegian_clean_43.conllu	1	24	24.0	5.454545454545454	8.333333333333334	12.5	0	0	4.166666666666667	4.166666666666667	29.166666666666668	4.166666666666667	0	8.333333333333334	4.166666666666667	8.333333333333334	4.166666666666667	12.5	0	0.5909090909090909	0	100.0	100.0	100.0	0	0	100.0	0	0	0	0	0	0	0	3.0	100.0	3.0	0	0	33.333333333333336	33.333333333333336	33.333333333333336	0	0	5.0	8.0	15.0	2.619047619047619	15	1.0	2	100.0	0	0.0	100.0	100.0	0.0	0	0	4.166666666666667	0	0	8.333333333333334	0	0	0	12.5	4.166666666666667	0	0	4.166666666666667	0	0	4.166666666666667	4.166666666666667	0	0	0	4.166666666666667	12.5	12.5	0	4.166666666666667	4.166666666666667	4.166666666666667	0	8.333333333333334	4.166666666666667	4.166666666666667	33.333333333333336	66.66666666666667	100.0	0.0	1.0	100.0	0
norwegian_clean_44.conllu	1	31	31.0	5.962962962962963	9.67741935483871	16.129032258064516	3.225806451612903	3.225806451612903	9.67741935483871	3.225806451612903	35.483870967741936	3.225806451612903	0	0	0	12.903225806451612	0	3.225806451612903	0	0.5925925925925926	0	100.0	100.0	100.0	0	0	100.0	0	100.0	100.0	100.0	0	0	100.0	2.0	100.0	2.0	0	0	100.0	0	0	0	0	4.0	15.5	19.0	3.6923076923076925	19	1.3333333333333333	3	66.66666666666667	33.333333333333336	0.0	100.0	100.0	0.0	0	0	0	0	3.225806451612903	9.67741935483871	0	0	0	16.129032258064516	9.67741935483871	0	0	16.129032258064516	3.225806451612903	0	3.225806451612903	0	0	0	0	0	12.903225806451612	3.225806451612903	0	3.225806451612903	3.225806451612903	0	0	12.903225806451612	3.225806451612903	0	100.0	0.0	0	0	0	0	0
norwegian_clean_45.conllu	1	20	20.0	4.2105263157894735	10.0	15.0	0	10.0	0	0	25.0	5.0	5.0	5.0	0	5.0	5.0	10.0	5.0	0.47368421052631576	100.0	0	100.0	50.0	50.0	0	100.0	50.0	50.0	100.0	100.0	0	0	100.0	2.0	100.0	4.0	0	0	0	50.0	0	50.0	0	5.0	10.0	6.0	2.2777777777777777	6	0	0	0	0	0.0	100.0	100.0	0.0	0	0	0	5.0	0	10.0	0	5.0	0	15.0	0	0	0	0	5.0	0	0	0	0	0	0	10.0	5.0	15.0	0	5.0	5.0	10.0	0	5.0	5.0	0	50.0	50.0	100.0	0.0	1.0	100.0	0
norwegian_clean_46.conllu	1	22	22.0	4.25	4.545454545454546	4.545454545454546	0	9.090909090909092	4.545454545454546	0	22.727272727272727	0	4.545454545454546	0	0	9.090909090909092	4.545454545454546	4.545454545454546	31.818181818181817	0.35	0	0	0	0	100.0	0	0	0	100.0	100.0	100.0	0	0	100.0	1.0	0.0	3.0	0	0	0	100.0	0	0	0	4.0	22.0	11.0	3.1052631578947367	11	0	0	0	0	0.0	100.0	100.0	0.0	0	0	0	4.545454545454546	0	0	0	0	4.545454545454546	4.545454545454546	4.545454545454546	0	0	4.545454545454546	4.545454545454546	0	0	0	31.818181818181817	0	0	9.090909090909092	4.545454545454546	4.545454545454546	0	0	4.545454545454546	4.545454545454546	0	9.090909090909092	4.545454545454546	0	0.0	100.0	100.0	0.0	1.0	100.0	0
norwegian_clean_47.conllu	1	17	17.0	4.4375	17.647058823529413	11.764705882352942	0	5.882352941176471	0	5.882352941176471	23.529411764705884	0	11.764705882352942	0	0	5.882352941176471	5.882352941176471	11.764705882352942	0	0.5625	0	0	0	0	100.0	0	0	0	100.0	100.0	100.0	0	0	100.0	2.0	0.0	2.5	0	0	50.0	50.0	0	0	0	4.0	8.5	4.0	1.8	4	1.0	1	100.0	0	0.0	100.0	100.0	0.0	0	0	0	5.882352941176471	5.882352941176471	5.882352941176471	0	5.882352941176471	0	11.764705882352942	0	0	0	0	0	0	5.882352941176471	0	0	0	0	17.647058823529413	11.764705882352942	5.882352941176471	0	0	5.882352941176471	0	0	5.882352941176471	5.882352941176471	5.882352941176471	0.0	100.0	100.0	0.0	2.0	0	100.0
norwegian_clean_48.conllu	1	17	17.0	5.5625	23.529411764705884	29.41176470588235	0	0	0	0	29.41176470588235	0	0	5.882352941176471	0	5.882352941176471	0	5.882352941176471	0	0.625	100.0	0	100.0	100.0	0	0	100.0	0	0	0	0	0	0	0	1.0	100.0	2.0	0	0	100.0	0	0	0	0	5.0	17.0	3.0	1.8	3	1.0	2	100.0	0	0.0	100.0	0	0	0	0	0	0	0	23.529411764705884	0	0	0	29.41176470588235	0	0	0	0	0	0	0	0	0	0	0	0	11.764705882352942	0	0	0	5.882352941176471	17.647058823529413	0	5.882352941176471	5.882352941176471	0	100.0	0.0	0	0	0	0	0
norwegian_clean_49.conllu	1	23	23.0	5.809523809523809	0	8.695652173913043	0	0	0	0	21.73913043478261	4.3478260869565215	0	0	4.3478260869565215	8.695652173913043	0	0	52.17391304347826	0.2857142857142857	0	0	0	0	0	0	0	0	0	0	0	0	0	0	0.0	0.0	0	0	0	0	0	0	0	0	3.0	0	21.0	7.35	21	2.0	1	0	100.0	0	0	0	0	0	0	0	0	0	0	4.3478260869565215	0	0	8.695652173913043	0	0	0	0	0	0	0	0	0	60.869565217391305	0	0	13.043478260869565	0	0	0	0	0	0	8.695652173913043	4.3478260869565215	0	0	0	0	0	0	0	0
norwegian_clean_50.conllu	1	11	11.0	5.7	9.090909090909092	18.181818181818183	9.090909090909092	9.090909090909092	0	9.090909090909092	18.181818181818183	0	0	0	9.090909090909092	9.090909090909092	0	9.090909090909092	0	0.6	0	100.0	100.0	100.0	0	0	100.0	100.0	0	100.0	100.0	0	0	100.0	2.0	100.0	2.0	0	0	100.0	0	0	0	0	3.0	5.5	3.0	2.0	3	0	0	0	0	0	0	100.0	0.0	0	0	0	0	9.090909090909092	9.090909090909092	0	0	0	18.181818181818183	0	0	0	0	9.090909090909092	0	9.090909090909092	0	0	0	0	0	0	18.181818181818183	0	0	0	9.090909090909092	0	9.090909090909092	9.090909090909092	0	50.0	50.0	0.0	100.0	1.0	100.0	0
norwegian_clean_51.conllu	1	19	19.0	5.117647058823529	26.31578947368421	26.31578947368421	0	5.2631578947368425	0	10.526315789473685	21.05263157894737	0	0	0	0	10.526315789473685	0	0	0	0.5294117647058824	0	0	0	0	0	0	0	0	100.0	100.0	100.0	0	0	100.0	0.0	0.0	0	0	0	0	0	0	0	0	4.0	0	14.0	2.875	14	1.0	2	100.0	0	0	0	0	0	0	0	0	0	5.2631578947368425	15.789473684210526	0	0	5.2631578947368425	26.31578947368421	0	0	0	0	0	0	10.526315789473685	0	0	0	0	0	10.526315789473685	0	0	0	0	10.526315789473685	0	10.526315789473685	5.2631578947368425	0	0	0	0	0	0	0	0
norwegian_clean_52.conllu	1	32	32.0	5.655172413793103	15.625	18.75	3.125	3.125	6.25	3.125	31.25	0	0	3.125	0	9.375	3.125	3.125	0	0.5862068965517241	0	100.0	100.0	100.0	0	0	100.0	0	100.0	100.0	100.0	0	0	100.0	1.0	0.0	3.0	0	0	0	100.0	0	0	0	6.0	32.0	12.0	2.7142857142857144	12	1.0	3	100.0	0	0.0	100.0	100.0	0.0	0	0	3.125	0	6.25	12.5	0	3.125	0	18.75	6.25	0	0	6.25	0	0	3.125	0	0	0	0	3.125	9.375	6.25	0	0	3.125	6.25	0	9.375	3.125	0	0.0	100.0	100.0	0.0	1.0	100.0	0
norwegian_clean_53.conllu	1	10	10.0	5.777777777777778	20.0	10.0	0	10.0	10.0	0	40.0	0	0	0	0	10.0	0	0	0	0.6666666666666666	0	0	0	0	0	0	0	0	100.0	100.0	100.0	0	0	100.0	1.0	100.0	0	0	0	0	0	0	0	0	3.0	10.0	4.0	2.0	4	1.0	1	100.0	0	0	0	100.0	0.0	0	0	0	0	0	20.0	0	0	0	10.0	10.0	0	0	10.0	10.0	0	0	0	0	0	0	0	10.0	10.0	0	0	0	0	0	10.0	10.0	0	100.0	0.0	0	0	0	0	0
norwegian_clean_54.conllu	1	28	28.0	5.269230769230769	10.714285714285714	25.0	7.142857142857143	10.714285714285714	3.5714285714285716	0	28.571428571428573	0	0	3.5714285714285716	0	7.142857142857143	0	3.5714285714285716	0	0.5384615384615384	0	100.0	100.0	100.0	0	0	100.0	0	100.0	100.0	66.66666666666667	0	33.333333333333336	100.0	2.0	0.0	3.0	0	0	0	100.0	0	0	0	6.0	14.0	8.0	2.24	8	1.5	2	50.0	50.0	0	0	100.0	0.0	0	0	0	0	10.714285714285714	3.5714285714285716	0	3.5714285714285716	3.5714285714285716	21.428571428571427	3.5714285714285716	0	3.5714285714285716	7.142857142857143	3.5714285714285716	0	0	3.5714285714285716	0	0	0	0	10.714285714285714	3.5714285714285716	0	0	0	10.714285714285714	0	7.142857142857143	3.5714285714285716	0	0.0	100.0	0.0	100.0	1.0	100.0	0
norwegian_clean_55.conllu	1	32	32.0	5.75	15.625	9.375	0	3.125	3.125	0	18.75	0	3.125	3.125	0	12.5	3.125	9.375	18.75	0.5	0	100.0	100.0	33.333333333333336	66.66666666666667	0	100.0	0	100.0	100.0	100.0	0	0	100.0	4.0	100.0	3.0	0	0	33.333333333333336	33.333333333333336	33.333333333333336	0	0	5.0	8.0	12.0	2.888888888888889	12	1.0	2	100.0	0	0.0	100.0	100.0	0.0	0	0	3.125	3.125	3.125	12.5	0	0	0	9.375	3.125	0	0	6.25	3.125	0	0	0	18.75	0	0	6.25	6.25	3.125	0	0	6.25	0	0	12.5	3.125	0	33.333333333333336	66.66666666666667	100.0	0.0	1.0	100.0	0
norwegian_clean_56.conllu	1	18	18.0	6.0588235294117645	5.555555555555555	11.11111111111111	0	0	5.555555555555555	11.11111111111111	33.333333333333336	5.555555555555555	0	5.555555555555555	0	5.555555555555555	0	16.666666666666668	0	0.5882352941176471	0	100.0	100.0	66.66666666666667	33.333333333333336	0	100.0	0	0	0	0	0	0	0	3.0	100.0	2.0	0	33.333333333333336	33.333333333333336	33.333333333333336	0	0	0	7.0	6.0	13.0	2.125	13	2.0	1	0	100.0	0.0	100.0	100.0	0.0	0	0	5.555555555555555	0	0	5.555555555555555	5.555555555555555	0	0	11.11111111111111	5.555555555555555	0	0	5.555555555555555	0	0	11.11111111111111	0	0	0	0	0	11.11111111111111	11.11111111111111	0	5.555555555555555	11.11111111111111	0	0	5.555555555555555	5.555555555555555	0	50.0	50.0	100.0	0.0	1.0	100.0	0
norwegian_clean_57.conllu	1	20	20.0	5.0	0	5.0	0	10.0	0	0	20.0	5.0	0	0	0	5.0	0	5.0	50.0	0.2631578947368421	0	0	0	0	0	100.0	0	0	100.0	100.0	50.0	50.0	0	100.0	1.0	100.0	2.0	0	0	100.0	0	0	0	0	4.0	20.0	13.0	4.5	13	0	0	0	0	0.0	100.0	100.0	0.0	0	0	0	0	0	0	0	10.0	0	5.0	0	0	0	0	0	0	0	0	50.0	0	0	0	5.0	5.0	0	5.0	5.0	5.0	0	5.0	5.0	0	100.0	0.0	0	0	0	0	0
norwegian_clean_58.conllu	1	32	32.0	4.1	18.75	3.125	0	9.375	0	9.375	9.375	3.125	0	15.625	0	6.25	12.5	12.5	0	0.43333333333333335	0	100.0	100.0	100.0	0	0	100.0	0	100.0	100.0	100.0	0	0	100.0	6.0	100.0	3.5	0	0	0	75.0	0	25.0	0	5.0	5.333333333333333	10.0	2.6206896551724137	10	0	0	0	0	50.0	50.0	83.33333333333333	16.666666666666668	0	0	3.125	3.125	12.5	0	0	0	3.125	3.125	0	6.25	0	0	6.25	0	6.25	0	0	0	0	12.5	0	15.625	3.125	3.125	6.25	3.125	0	6.25	3.125	3.125	16.666666666666668	83.33333333333333	40.0	60.0	1.25	75.0	25.0
norwegian_clean_59.conllu	1	25	25.0	6.409090909090909	4.0	8.0	0	4.0	4.0	8.0	40.0	0	0	4.0	0	12.0	8.0	8.0	0	0.5909090909090909	0	100.0	100.0	100.0	0	0	100.0	0	100.0	100.0	100.0	0	0	100.0	2.0	100.0	3.0	0	0	50.0	0	50.0	0	0	5.0	12.5	8.0	2.3333333333333335	8	1.0	1	100.0	0	0.0	100.0	100.0	0.0	0	0	0	4.0	0	4.0	0	4.0	0	8.0	4.0	4.0	0	8.0	0	0	8.0	0	0	0	0	8.0	12.0	12.0	0	0	4.0	4.0	0	12.0	4.0	0	50.0	50.0	100.0	0.0	1.0	100.0	0
norwegian_clean_60.conllu	1	22	22.0	5.7	9.090909090909092	4.545454545454546	4.545454545454546	13.636363636363637	4.545454545454546	0	27.272727272727273	0	0	9.090909090909092	0	9.090909090909092	9.090909090909092	9.090909090909092	0	0.55	0	100.0	100.0	50.0	0	50.0	100.0	0	100.0	100.0	100.0	0	0	100.0	2.0	100.0	4.5	0	0	0	0	50.0	50.0	0	4.0	11.0	15.0	3.0526315789473686	15	0	0	0	0	0.0	100.0	100.0	0.0	0	0	0	4.545454545454546	4.545454545454546	4.545454545454546	0	9.090909090909092	4.545454545454546	0	4.545454545454546	0	0	4.545454545454546	0	0	0	4.545454545454546	0	0	0	9.090909090909092	4.545454545454546	13.636363636363637	4.545454545454546	0	9.090909090909092	4.545454545454546	0	9.090909090909092	4.545454545454546	0	50.0	50.0	100.0	0.0	1.0	100.0	0
norwegian_clean_61.conllu	1	17	17.0	4.75	11.764705882352942	5.882352941176471	5.882352941176471	5.882352941176471	0	0	29.41176470588235	0	11.764705882352942	0	0	5.882352941176471	5.882352941176471	17.647058823529413	0	0.6875	0	0	0	0	100.0	0	0	0	100.0	100.0	100.0	0	0	100.0	3.0	100.0	3.3333333333333335	0	0	0	66.66666666666667	33.333333333333336	0	0	4.0	5.666666666666667	8.0	2.2666666666666666	8	0	0	0	0	0.0	100.0	100.0	0.0	0	0	0	5.882352941176471	11.764705882352942	5.882352941176471	0	5.882352941176471	0	5.882352941176471	0	0	0	0	0	0	0	0	0	0	0	17.647058823529413	5.882352941176471	5.882352941176471	0	0	11.764705882352942	5.882352941176471	0	5.882352941176471	5.882352941176471	5.882352941176471	33.333333333333336	66.66666666666667	100.0	0.0	2.0	0	100.0
norwegian_clean_62.conllu	1	13	13.0	5.166666666666667	7.6923076923076925	7.6923076923076925	0	7.6923076923076925	0	0	38.46153846153846	7.6923076923076925	0	7.6923076923076925	0	7.6923076923076925	7.6923076923076925	7.6923076923076925	0	0.5833333333333334	0	100.0	100.0	100.0	0	0	100.0	0	100.0	100.0	100.0	0	0	100.0	2.0	100.0	2.0	0	0	100.0	0	0	0	0	4.0	6.5	5.0	2.0	5	0	0	0	0	0	0	100.0	0.0	0	0	7.6923076923076925	7.6923076923076925	0	0	0	0	0	7.6923076923076925	0	0	0	0	7.6923076923076925	0	0	0	0	0	0	7.6923076923076925	7.6923076923076925	23.076923076923077	0	7.6923076923076925	0	7.6923076923076925	0	7.6923076923076925	7.6923076923076925	0	50.0	50.0	100.0	0.0	1.0	100.0	0
norwegian_clean_63.conllu	1	15	15.0	4.916666666666667	13.333333333333334	13.333333333333334	0	0	6.666666666666667	6.666666666666667	20.0	6.666666666666667	0	0	6.666666666666667	20.0	0	6.666666666666667	0	0.5833333333333334	0	100.0	100.0	100.0	0	0	100.0	0	0	0	0	0	0	0	1.0	100.0	2.0	0	0	100.0	0	0	0	0	4.0	15.0	9.0	3.0	9	1.0	1	100.0	0	0	0	0.0	100.0	0	0	0	0	6.666666666666667	6.666666666666667	0	0	0	13.333333333333334	6.666666666666667	0	0	6.666666666666667	0	0	6.666666666666667	0	0	0	0	0	6.666666666666667	6.666666666666667	0	6.666666666666667	0	6.666666666666667	0	20.0	6.666666666666667	0	100.0	0.0	0	0	0	0	0
norwegian_clean_64.conllu	1	15	15.0	5.666666666666667	6.666666666666667	20.0	0	0	6.666666666666667	0	33.333333333333336	0	0	6.666666666666667	0	20.0	0	6.666666666666667	0	0.5833333333333334	0	0	0	0	100.0	0	0	0	0	0	0	0	0	0	1.0	0.0	3.0	0	0	0	100.0	0	0	0	3.0	15.0	8.0	2.1818181818181817	8	0	0	0	0	0.0	100.0	0	0	0	0	0	0	0	0	0	0	0	20.0	6.666666666666667	0	0	6.666666666666667	0	0	0	6.666666666666667	0	0	0	0	6.666666666666667	0	0	0	6.666666666666667	20.0	0	20.0	6.666666666666667	0	0	0	0	0	0	0	0
norwegian_clean_65.conllu	1	28	28.0	5.8	7.142857142857143	14.285714285714286	0	0	3.5714285714285716	3.5714285714285716	17.857142857142858	0	0	7.142857142857143	3.5714285714285716	10.714285714285714	3.5714285714285716	10.714285714285714	17.857142857142858	0.44	0	100.0	100.0	100.0	0	0	100.0	0	0	0	0	0	0	0	3.0	0.0	3.0	0	0	33.333333333333336	33.333333333333336	33.333333333333336	0	0	6.0	9.333333333333334	10.0	3.2916666666666665	10	1.0	1	100.0	0	0.0	100.0	100.0	0.0	0	0	3.5714285714285716	0	0	3.5714285714285716	0	0	0	14.285714285714286	3.5714285714285716	3.5714285714285716	0	3.5714285714285716	0	0	3.5714285714285716	3.5714285714285716	14.285714285714286	0	0	3.5714285714285716	3.5714285714285716	10.714285714285714	0	0	3.5714285714285716	7.142857142857143	0	10.714285714285714	3.5714285714285716	3.5714285714285716	0.0	100.0	100.0	0.0	1.0	100.0	0
norwegian_clean_66.conllu	1	26	26.0	5.695652173913044	11.538461538461538	15.384615384615385	0	7.6923076923076925	3.8461538461538463	3.8461538461538463	19.23076923076923	0	0	15.384615384615385	0	11.538461538461538	3.8461538461538463	7.6923076923076925	0	0.43478260869565216	0	100.0	100.0	50.0	50.0	0	100.0	0	100.0	100.0	100.0	0	0	100.0	3.0	100.0	3.0	0	0	50.0	0	50.0	0	0	6.0	8.666666666666666	11.0	2.227272727272727	11	1.0	2	100.0	0	0.0	100.0	100.0	0.0	0	0	7.6923076923076925	0	3.8461538461538463	3.8461538461538463	3.8461538461538463	3.8461538461538463	0	15.384615384615385	3.8461538461538463	0	0	3.8461538461538463	3.8461538461538463	0	3.8461538461538463	0	0	0	0	3.8461538461538463	7.6923076923076925	11.538461538461538	0	0	3.8461538461538463	0	0	11.538461538461538	3.8461538461538463	3.8461538461538463	33.333333333333336	66.66666666666667	100.0	0.0	1.0	100.0	0
norwegian_clean_67.conllu	1	8	8.0	7.428571428571429	0	12.5	0	0	12.5	0	37.5	0	0	12.5	0	12.5	0	12.5	0	0.5714285714285714	0	100.0	100.0	100.0	0	0	100.0	0	0	0	0	0	0	0	1.0	100.0	3.0	0	0	0	100.0	0	0	0	3.0	8.0	3.0	1.6666666666666667	3	0	0	0	0	0.0	100.0	100.0	0.0	0	0	0	0	0	0	0	0	0	12.5	12.5	0	0	12.5	0	0	0	0	0	0	0	0	0	12.5	0	0	12.5	12.5	0	12.5	12.5	0	100.0	0.0	0	0	0	0	0
norwegian_clean_68.conllu	1	24	24.0	7.0	8.333333333333334	8.333333333333334	4.166666666666667	4.166666666666667	16.666666666666668	0	37.5	0	0	4.166666666666667	0	8.333333333333334	4.166666666666667	4.166666666666667	0	0.5909090909090909	0	100.0	100.0	100.0	0	0	100.0	0	100.0	100.0	100.0	0	0	100.0	1.0	0.0	4.0	0	0	0	0	100.0	0	0	7.0	24.0	22.0	6.380952380952381	22	1.0	2	100.0	0	0	0	100.0	0.0	4.166666666666667	0	4.166666666666667	0	4.166666666666667	4.166666666666667	0	4.166666666666667	0	8.333333333333334	16.666666666666668	0	0	16.666666666666668	0	0	0	0	0	0	0	4.166666666666667	12.5	8.333333333333334	0	0	0	0	0	8.333333333333334	4.166666666666667	0	0.0	100.0	100.0	0.0	1.0	100.0	0
norwegian_clean_69.conllu	1	21	21.0	6.894736842105263	9.523809523809524	9.523809523809524	0	0	4.761904761904762	4.761904761904762	38.095238095238095	0	4.761904761904762	0	0	9.523809523809524	0	19.047619047619047	0	0.7368421052631579	33.333333333333336	66.66666666666667	100.0	75.0	25.0	0	100.0	0	0	0	0	0	0	0	4.0	100.0	2.5	25.0	0	0	50.0	25.0	0	0	4.0	5.25	9.0	2.3333333333333335	9	0	0	0	0	0.0	100.0	50.0	50.0	0	0	0	4.761904761904762	0	9.523809523809524	0	0	0	9.523809523809524	4.761904761904762	0	0	9.523809523809524	0	0	4.761904761904762	0	0	0	0	4.761904761904762	4.761904761904762	9.523809523809524	0	0	9.523809523809524	9.523809523809524	0	9.523809523809524	4.761904761904762	4.761904761904762	33.333333333333336	66.66666666666667	100.0	0.0	1.0	100.0	0
norwegian_clean_70.conllu	1	15	15.0	5.846153846153846	0	20.0	6.666666666666667	0	13.333333333333334	0	33.333333333333336	0	0	0	0	13.333333333333334	0	13.333333333333334	0	0.6153846153846154	0	100.0	100.0	100.0	0	0	100.0	0	0	0	0	0	0	0	2.0	100.0	3.5	0	0	0	50.0	50.0	0	0	3.0	7.5	8.0	2.25	8	0	0	0	0	0.0	100.0	0.0	100.0	0	0	0	0	6.666666666666667	0	0	0	0	20.0	13.333333333333334	0	0	13.333333333333334	0	0	0	0	0	0	0	0	0	6.666666666666667	0	0	6.666666666666667	13.333333333333334	0	13.333333333333334	6.666666666666667	0	100.0	0.0	0	0	0	0	0
norwegian_clean_71.conllu	1	14	14.0	5.0	21.428571428571427	0	7.142857142857143	7.142857142857143	7.142857142857143	0	14.285714285714286	0	7.142857142857143	0	0	14.285714285714286	0	21.428571428571427	0	0.75	0	100.0	100.0	66.66666666666667	33.333333333333336	0	100.0	0	100.0	100.0	100.0	0	0	100.0	3.0	100.0	3.0	0	33.333333333333336	0	33.333333333333336	0	33.333333333333336	0	3.0	4.666666666666667	9.0	2.5454545454545454	9	0	0	0	0	0.0	100.0	100.0	0.0	0	0	0	0	21.428571428571427	7.142857142857143	0	0	0	0	7.142857142857143	0	0	7.142857142857143	7.142857142857143	0	0	0	0	0	0	7.142857142857143	0	7.142857142857143	0	0	7.142857142857143	0	0	14.285714285714286	7.142857142857143	7.142857142857143	50.0	50.0	100.0	0.0	1.0	100.0	0
norwegian_clean_72.conllu	1	18	18.0	5.411764705882353	16.666666666666668	16.666666666666668	11.11111111111111	5.555555555555555	5.555555555555555	0	22.22222222222222	0	0	0	0	5.555555555555555	5.555555555555555	11.11111111111111	0	0.6470588235294118	100.0	0	100.0	50.0	0	50.0	100.0	0	100.0	100.0	100.0	0	0	100.0	2.0	0.0	2.5	0	0	50.0	50.0	0	0	0	3.0	9.0	7.0	2.3125	7	0	0	0	0	0	0	100.0	0.0	0	0	0	0	16.666666666666668	5.555555555555555	0	0	5.555555555555555	11.11111111111111	5.555555555555555	0	0	11.11111111111111	0	0	0	0	0	0	0	5.555555555555555	0	0	5.555555555555555	0	0	16.666666666666668	0	5.555555555555555	5.555555555555555	5.555555555555555	0	0	0	0	0	0	0
norwegian_clean_73.conllu	1	12	12.0	4.636363636363637	0	8.333333333333334	0	8.333333333333334	0	0	33.333333333333336	0	8.333333333333334	8.333333333333334	0	8.333333333333334	8.333333333333334	16.666666666666668	0	0.5454545454545454	0	100.0	100.0	50.0	50.0	0	100.0	0	100.0	100.0	100.0	0	0	100.0	3.0	100.0	2.0	0	50.0	0	50.0	0	0	0	4.0	4.0	5.0	1.8	5	1.0	1	100.0	0	0.0	100.0	100.0	0.0	8.333333333333334	0	8.333333333333334	0	0	0	0	0	0	8.333333333333334	0	0	0	0	8.333333333333334	0	0	0	0	0	0	16.666666666666668	8.333333333333334	16.666666666666668	0	0	8.333333333333334	0	0	8.333333333333334	8.333333333333334	0	33.333333333333336	66.66666666666667	100.0	0.0	1.0	100.0	0
norwegian_clean_74.conllu	1	18	18.0	4.5	11.11111111111111	11.11111111111111	5.555555555555555	0	5.555555555555555	5.555555555555555	22.22222222222222	0	0	11.11111111111111	0	11.11111111111111	5.555555555555555	11.11111111111111	0	0.5625	0	100.0	100.0	100.0	0	0	100.0	0	0	0	0	0	0	0	2.0	100.0	4.5	0	0	0	0	50.0	50.0	0	3.0	9.0	8.0	2.3333333333333335	8	1.0	1	100.0	0	0	0	100.0	0.0	0	0	0	0	5.555555555555555	5.555555555555555	0	0	0	11.11111111111111	5.555555555555555	0	0	5.555555555555555	0	0	5.555555555555555	11.11111111111111	0	0	0	5.555555555555555	5.555555555555555	11.11111111111111	0	0	0	5.555555555555555	0	11.11111111111111	5.555555555555555	5.555555555555555	100.0	0.0	0	0	0	0	0
norwegian_clean_75.conllu	1	29	29.0	5.148148148148148	10.344827586206897	20.689655172413794	3.4482758620689653	10.344827586206897	6.896551724137931	3.4482758620689653	31.03448275862069	3.4482758620689653	0	0	0	6.896551724137931	0	3.4482758620689653	0	0.5185185185185185	0	0	0	0	100.0	0	0	0	100.0	100.0	66.66666666666667	33.333333333333336	0	100.0	2.0	100.0	4.0	0	0	0	0	100.0	0	0	6.0	14.5	15.0	2.6153846153846154	15	1.5	2	50.0	50.0	0	0	100.0	0.0	0	0	0	0	6.896551724137931	3.4482758620689653	0	6.896551724137931	0	20.689655172413794	6.896551724137931	0	0	6.896551724137931	3.4482758620689653	0	3.4482758620689653	0	0	0	0	0	13.793103448275861	6.896551724137931	0	3.4482758620689653	0	6.896551724137931	0	6.896551724137931	3.4482758620689653	0	100.0	0.0	0	0	0	0	0
norwegian_clean_76.conllu	1	16	16.0	5.714285714285714	12.5	12.5	0	0	6.25	0	31.25	0	0	6.25	0	12.5	6.25	12.5	0	0.6428571428571429	0	100.0	100.0	100.0	0	0	100.0	0	0	0	0	0	0	0	2.0	100.0	3.0	0	0	0	100.0	0	0	0	4.0	8.0	6.0	2.1538461538461537	6	0	0	0	0	0	0	50.0	50.0	0	0	0	6.25	0	6.25	0	0	0	12.5	6.25	0	0	6.25	0	0	0	0	0	0	0	6.25	6.25	12.5	0	0	0	18.75	0	12.5	6.25	0	50.0	50.0	0.0	100.0	1.0	100.0	0
norwegian_clean_77.conllu	1	20	20.0	4.277777777777778	10.0	15.0	5.0	10.0	10.0	5.0	20.0	5.0	0	5.0	0	10.0	0	5.0	0	0.4444444444444444	0	100.0	100.0	100.0	0	0	100.0	100.0	0	100.0	50.0	50.0	0	100.0	1.0	100.0	4.0	0	0	0	0	100.0	0	0	5.0	20.0	8.0	2.0588235294117645	8	1.0	2	100.0	0	0.0	100.0	100.0	0.0	0	0	0	0	10.0	5.0	0	5.0	0	15.0	10.0	0	0	10.0	0	0	5.0	0	0	0	0	0	10.0	5.0	0	0	10.0	0	0	10.0	5.0	0	100.0	0.0	0	0	0	0	0
norwegian_clean_78.conllu	1	8	8.0	5.428571428571429	12.5	12.5	0	12.5	0	12.5	37.5	0	0	0	0	12.5	0	0	0	0.5714285714285714	0	0	0	0	0	0	0	0	100.0	100.0	100.0	0	0	100.0	1.0	100.0	0	0	0	0	0	0	0	0	2.0	8.0	4.0	2.1666666666666665	4	1.0	1	100.0	0	0	0	100.0	0.0	0	0	0	0	0	12.5	0	0	0	12.5	0	0	0	0	12.5	0	12.5	0	0	0	0	0	12.5	12.5	0	0	0	0	0	12.5	12.5	0	100.0	0.0	0	0	0	0	0
norwegian_clean_79.conllu	1	15	15.0	4.071428571428571	20.0	20.0	0	6.666666666666667	0	0	20.0	0	0	13.333333333333334	0	6.666666666666667	0	6.666666666666667	6.666666666666667	0.5	0	100.0	100.0	100.0	0	0	100.0	0	100.0	100.0	100.0	0	0	100.0	1.0	0.0	4.0	0	0	0	0	100.0	0	0	5.0	15.0	6.0	1.9230769230769231	6	0	0	0	0	0.0	100.0	100.0	0.0	0	0	6.666666666666667	0	6.666666666666667	6.666666666666667	0	6.666666666666667	0	6.666666666666667	0	0	6.666666666666667	0	0	0	0	0	0	6.666666666666667	0	0	6.666666666666667	13.333333333333334	0	0	6.666666666666667	13.333333333333334	0	6.666666666666667	6.666666666666667	0	0.0	100.0	100.0	0.0	1.0	100.0	0
norwegian_clean_80.conllu	1	8	8.0	6.142857142857143	0	0	0	12.5	0	0	50.0	0	0	12.5	0	12.5	0	12.5	0	0.7142857142857143	0	100.0	100.0	100.0	0	0	100.0	0	100.0	100.0	100.0	0	0	100.0	2.0	100.0	3.0	0	0	0	100.0	0	0	0	2.0	4.0	3.0	1.6666666666666667	3	0	0	0	0	50.0	50.0	100.0	0.0	0	0	12.5	0	0	0	0	0	0	0	0	0	0	0	12.5	0	0	0	0	0	12.5	0	0	25.0	0	0	12.5	0	0	12.5	12.5	0	50.0	50.0	100.0	0.0	1.0	100.0	0
norwegian_clean_81.conllu	1	14	14.0	4.769230769230769	7.142857142857143	21.428571428571427	14.285714285714286	7.142857142857143	14.285714285714286	0	28.571428571428573	0	0	0	0	7.142857142857143	0	0	0	0.5384615384615384	0	0	0	0	0	0	0	0	100.0	100.0	100.0	0	0	100.0	0.0	0.0	0	0	0	0	0	0	0	0	5.0	0	3.0	1.75	3	0	0	0	0	0	0	100.0	0.0	0	0	0	0	14.285714285714286	0	0	0	0	14.285714285714286	14.285714285714286	0	0	14.285714285714286	7.142857142857143	0	0	0	0	0	0	0	0	7.142857142857143	0	0	0	14.285714285714286	0	7.142857142857143	7.142857142857143	0	0	0	0	0	0	0	0
norwegian_clean_82.conllu	1	17	17.0	4.733333333333333	0	23.529411764705884	0	0	5.882352941176471	5.882352941176471	35.294117647058826	0	0	5.882352941176471	0	11.764705882352942	0	11.764705882352942	0	0.5333333333333333	0	100.0	100.0	100.0	0	0	100.0	0	0	0	0	0	0	0	2.0	100.0	3.5	0	0	0	50.0	50.0	0	0	3.0	8.5	11.0	2.2857142857142856	11	1.0	1	100.0	0	0.0	100.0	100.0	0.0	0	0	0	0	0	0	0	0	0	23.529411764705884	5.882352941176471	0	0	11.764705882352942	0	0	5.882352941176471	0	0	0	0	0	11.764705882352942	5.882352941176471	0	0	5.882352941176471	11.764705882352942	0	11.764705882352942	5.882352941176471	0	100.0	0.0	0	0	0	0	0
norwegian_clean_83.conllu	1	11	11.0	5.333333333333333	0	9.090909090909092	0	9.090909090909092	0	0	45.45454545454545	0	0	0	0	18.181818181818183	9.090909090909092	9.090909090909092	0	0.6666666666666666	0	100.0	100.0	100.0	0	0	100.0	0	100.0	100.0	100.0	0	0	100.0	2.0	100.0	3.0	0	0	0	100.0	0	0	0	3.0	5.5	3.0	1.75	3	1.0	1	100.0	0	0	0	50.0	50.0	0	0	0	9.090909090909092	0	0	0	0	0	9.090909090909092	0	0	0	0	9.090909090909092	0	0	0	0	0	0	9.090909090909092	9.090909090909092	18.181818181818183	0	0	0	0	0	18.181818181818183	9.090909090909092	9.090909090909092	50.0	50.0	0.0	100.0	1.0	100.0	0
norwegian_clean_84.conllu	1	7	7.0	7.166666666666667	28.571428571428573	14.285714285714286	0	0	0	0	28.571428571428573	0	0	0	0	14.285714285714286	0	14.285714285714286	0	0.8333333333333334	100.0	0	100.0	100.0	0	0	100.0	0	0	0	0	0	0	0	1.0	100.0	3.0	0	0	0	100.0	0	0	0	2.0	7.0	3.0	1.6	3	0	0	0	0	0	0	0.0	100.0	0	0	0	0	14.285714285714286	14.285714285714286	0	0	0	14.285714285714286	0	0	0	0	0	0	0	0	0	0	0	0	0	14.285714285714286	0	0	0	14.285714285714286	0	14.285714285714286	14.285714285714286	0	100.0	0.0	0	0	0	0	0
norwegian_clean_85.conllu	1	25	25.0	4.954545454545454	8.0	12.0	8.0	0	4.0	0	20.0	0	4.0	8.0	0	12.0	4.0	16.0	4.0	0.5909090909090909	100.0	0	100.0	50.0	50.0	0	100.0	0	0	0	0	0	0	0	4.0	100.0	3.5	0	0	25.0	25.0	25.0	25.0	0	5.0	6.25	10.0	2.3333333333333335	10	0	0	0	0	0.0	100.0	100.0	0.0	4.0	0	4.0	0	12.0	0	0	0	0	12.0	4.0	0	0	8.0	0	0	0	0	0	0	0	8.0	0	8.0	0	0	12.0	12.0	0	12.0	4.0	0	33.333333333333336	66.66666666666667	100.0	0.0	1.0	100.0	0
norwegian_clean_86.conllu	1	25	25.0	5.0	16.0	8.0	0	12.0	0	0	28.0	4.0	0	0	0	8.0	20.0	4.0	0	0.5217391304347826	100.0	0	100.0	100.0	0	0	100.0	100.0	0	100.0	100.0	0	0	100.0	1.0	100.0	4.0	0	0	0	0	100.0	0	0	7.0	25.0	6.0	2.3181818181818183	6	0	0	0	0	0.0	100.0	100.0	0.0	4.0	0	0	4.0	0	12.0	0	4.0	4.0	8.0	0	0	0	0	0	0	0	0	0	0	0	16.0	0	12.0	4.0	4.0	8.0	8.0	0	8.0	4.0	0	50.0	50.0	100.0	0.0	1.0	100.0	0
norwegian_clean_87.conllu	1	33	33.0	4.172413793103448	6.0606060606060606	15.151515151515152	3.0303030303030303	6.0606060606060606	3.0303030303030303	3.0303030303030303	30.303030303030305	0	3.0303030303030303	3.0303030303030303	0	12.121212121212121	3.0303030303030303	12.121212121212121	0	0.5862068965517241	100.0	0	100.0	25.0	75.0	0	100.0	100.0	0	100.0	100.0	0	0	100.0	4.0	100.0	3.75	0	0	25.0	0	50.0	25.0	0	9.0	8.25	10.0	2.4642857142857144	10	1.0	1	100.0	0	0.0	100.0	100.0	0.0	3.0303030303030303	0	0	3.0303030303030303	3.0303030303030303	6.0606060606060606	6.0606060606060606	6.0606060606060606	0	9.090909090909092	3.0303030303030303	0	3.0303030303030303	6.0606060606060606	0	0	3.0303030303030303	0	0	0	0	9.090909090909092	3.0303030303030303	9.090909090909092	0	0	9.090909090909092	3.0303030303030303	0	12.121212121212121	3.0303030303030303	0	33.333333333333336	66.66666666666667	100.0	0.0	1.0	100.0	0
norwegian_clean_88.conllu	1	11	11.0	6.2	18.181818181818183	18.181818181818183	18.181818181818183	9.090909090909092	0	0	27.272727272727273	0	0	0	0	9.090909090909092	0	0	0	0.7	0	0	0	0	0	0	0	0	100.0	100.0	100.0	0	0	100.0	0.0	0.0	0	0	0	0	0	0	0	0	3.0	0	7.0	2.4444444444444446	7	1.0	1	100.0	0	0	0	100.0	0.0	0	0	0	0	18.181818181818183	9.090909090909092	0	9.090909090909092	0	18.181818181818183	0	0	0	0	0	0	0	0	0	0	0	0	9.090909090909092	9.090909090909092	0	0	0	9.090909090909092	0	9.090909090909092	9.090909090909092	0	0	0	0	0	0	0	0
norwegian_clean_89.conllu	1	9	9.0	5.375	0	0	0	11.11111111111111	0	0	22.22222222222222	0	0	11.11111111111111	11.11111111111111	11.11111111111111	0	33.333333333333336	0	0.75	0	100.0	100.0	100.0	0	0	100.0	0	100.0	100.0	100.0	0	0	100.0	3.0	100.0	2.0	0	33.333333333333336	33.333333333333336	33.333333333333336	0	0	0	4.0	3.0	2.0	1.2857142857142858	2	0	0	0	0	0.0	100.0	100.0	0.0	0	0	11.11111111111111	11.11111111111111	0	0	0	0	0	0	0	0	0	0	11.11111111111111	0	0	0	0	0	0	0	0	22.22222222222222	0	0	22.22222222222222	0	0	11.11111111111111	11.11111111111111	0	33.333333333333336	66.66666666666667	100.0	0.0	2.0	0	100.0
norwegian_clean_90.conllu	1	21	21.0	5.166666666666667	19.047619047619047	9.523809523809524	4.761904761904762	4.761904761904762	4.761904761904762	0	23.80952380952381	0	0	4.761904761904762	4.761904761904762	14.285714285714286	0	4.761904761904762	4.761904761904762	0.6666666666666666	0	100.0	100.0	100.0	0	0	100.0	0	100.0	100.0	100.0	0	0	100.0	2.0	100.0	2.0	0	0	100.0	0	0	0	0	4.0	10.5	10.0	2.764705882352941	10	0	0	0	0	0	0	100.0	0.0	0	0	4.761904761904762	0	9.523809523809524	9.523809523809524	0	0	0	9.523809523809524	4.761904761904762	0	0	9.523809523809524	4.761904761904762	0	0	0	0	4.761904761904762	0	0	0	14.285714285714286	0	0	0	9.523809523809524	0	14.285714285714286	4.761904761904762	0	50.0	50.0	100.0	0.0	1.0	100.0	0
norwegian_clean_91.conllu	1	29	29.0	5.125	10.344827586206897	10.344827586206897	3.4482758620689653	3.4482758620689653	6.896551724137931	0	34.48275862068966	0	0	3.4482758620689653	0	17.24137931034483	6.896551724137931	3.4482758620689653	0	0.625	0	100.0	100.0	100.0	0	0	100.0	0	100.0	100.0	100.0	0	0	100.0	1.0	0.0	6.0	0	0	0	0	0	0	100.0	6.0	29.0	19.0	3.130434782608696	19	1.0	1	100.0	0	0	0	100.0	0.0	0	0	0	0	3.4482758620689653	6.896551724137931	0	0	3.4482758620689653	10.344827586206897	6.896551724137931	0	0	17.24137931034483	0	0	0	0	0	0	0	6.896551724137931	3.4482758620689653	3.4482758620689653	0	0	0	10.344827586206897	0	17.24137931034483	3.4482758620689653	6.896551724137931	0	0	0	0	0	0	0
norwegian_clean_92.conllu	1	18	18.0	4.6875	0	16.666666666666668	0	5.555555555555555	5.555555555555555	0	27.77777777777778	0	0	16.666666666666668	5.555555555555555	11.11111111111111	0	11.11111111111111	0	0.5	0	100.0	100.0	50.0	50.0	0	100.0	0	100.0	100.0	100.0	0	0	100.0	2.0	100.0	3.0	0	0	0	100.0	0	0	0	5.0	9.0	5.0	2.0	5	0	0	0	0	0.0	100.0	100.0	0.0	0	0	5.555555555555555	0	0	0	0	5.555555555555555	0	16.666666666666668	5.555555555555555	0	0	5.555555555555555	0	0	0	0	0	0	0	0	5.555555555555555	16.666666666666668	0	0	11.11111111111111	11.11111111111111	0	11.11111111111111	5.555555555555555	0	50.0	50.0	100.0	0.0	1.0	100.0	0
norwegian_clean_93.conllu	1	21	21.0	7.2	14.285714285714286	9.523809523809524	4.761904761904762	0	4.761904761904762	4.761904761904762	28.571428571428573	0	0	4.761904761904762	0	28.571428571428573	0	0	0	0.6666666666666666	0	0	0	0	0	0	0	0	0	0	0	0	0	0	0.0	0.0	0	0	0	0	0	0	0	0	3.0	0	7.0	2.357142857142857	7	0	0	0	0	0	0	0	0	0	0	0	0	9.523809523809524	4.761904761904762	9.523809523809524	0	0	9.523809523809524	4.761904761904762	0	0	9.523809523809524	0	0	4.761904761904762	4.761904761904762	0	0	0	0	0	0	0	0	0	9.523809523809524	0	28.571428571428573	4.761904761904762	0	0	0	0	0	0	0	0
norwegian_clean_94.conllu	1	14	14.0	6.461538461538462	28.571428571428573	0	0	7.142857142857143	7.142857142857143	7.142857142857143	28.571428571428573	0	0	0	0	7.142857142857143	0	14.285714285714286	0	0.7692307692307693	0	100.0	100.0	50.0	50.0	0	100.0	0	100.0	100.0	100.0	0	0	100.0	2.0	100.0	2.0	0	50.0	0	50.0	0	0	0	3.0	7.0	7.0	2.0	7	0	0	0	0	0.0	100.0	100.0	0.0	0	0	0	0	0	28.571428571428573	0	7.142857142857143	0	0	7.142857142857143	0	0	14.285714285714286	0	0	7.142857142857143	0	0	0	0	0	0	7.142857142857143	0	0	14.285714285714286	0	0	7.142857142857143	7.142857142857143	0	100.0	0.0	0	0	0	0	0
norwegian_clean_95.conllu	1	12	12.0	6.181818181818182	8.333333333333334	16.666666666666668	0	8.333333333333334	8.333333333333334	0	50.0	0	0	0	0	8.333333333333334	0	0	0	0.6363636363636364	0	0	0	0	0	0	0	0	100.0	100.0	100.0	0	0	100.0	0.0	0.0	0	0	0	0	0	0	0	0	3.0	0	6.0	2.1	6	2.0	1	0	100.0	0	0	100.0	0.0	0	0	0	0	0	8.333333333333334	0	8.333333333333334	0	16.666666666666668	8.333333333333334	0	0	8.333333333333334	0	0	0	0	0	0	0	0	16.666666666666668	8.333333333333334	0	0	0	8.333333333333334	0	8.333333333333334	8.333333333333334	0	0	0	0	0	0	0	0
norwegian_clean_96.conllu	1	30	30.0	3.8214285714285716	0	10.0	0	6.666666666666667	3.3333333333333335	3.3333333333333335	33.333333333333336	3.3333333333333335	3.3333333333333335	3.3333333333333335	0	6.666666666666667	10.0	16.666666666666668	0	0.5357142857142857	0	100.0	100.0	60.0	40.0	0	100.0	0	100.0	100.0	100.0	0	0	100.0	5.0	100.0	3.0	0	20.0	0	40.0	40.0	0	0	9.0	6.0	6.0	2.1481481481481484	6	1.0	2	100.0	0	0.0	100.0	75.0	25.0	6.666666666666667	0	0	0	0	0	0	3.3333333333333335	0	10.0	3.3333333333333335	3.3333333333333335	0	6.666666666666667	3.3333333333333335	0	3.3333333333333335	0	0	0	0	13.333333333333334	10.0	13.333333333333334	0	3.3333333333333335	10.0	0	0	6.666666666666667	3.3333333333333335	0	25.0	75.0	100.0	0.0	1.0	100.0	0
norwegian_clean_97.conllu	1	14	14.0	6.461538461538462	7.142857142857143	7.142857142857143	0	0	7.142857142857143	0	21.428571428571427	0	0	0	0	7.142857142857143	0	0	50.0	0.3076923076923077	0	0	0	0	0	0	0	0	0	0	0	0	0	0	0.0	0.0	0	0	0	0	0	0	0	0	3.0	0	8.0	2.9166666666666665	8	0	0	0	0	0	0	0	0	0	0	0	0	0	7.142857142857143	0	0	0	7.142857142857143	7.142857142857143	0	0	7.142857142857143	0	0	0	0	50.0	0	0	0	0	0	0	0	0	7.142857142857143	0	7.142857142857143	7.142857142857143	0	0	0	0	0	0	0	0
norwegian_clean_98.conllu	1	16	16.0	6.666666666666667	18.75	12.5	0	0	12.5	0	37.5	0	0	0	0	6.25	6.25	6.25	0	0.6666666666666666	100.0	0	100.0	100.0	0	0	100.0	0	0	0	0	0	0	0	1.0	100.0	2.0	0	0	100.0	0	0	0	0	6.0	16.0	10.0	2.2142857142857144	10	1.0	1	100.0	0	0	0	100.0	0.0	0	0	0	0	0	18.75	0	0	0	12.5	12.5	0	0	12.5	0	0	0	0	0	0	0	6.25	6.25	6.25	0	0	0	6.25	0	6.25	6.25	6.25	100.0	0.0	0	0	0	0	0
norwegian_clean_99.conllu	1	20	20.0	6.117647058823529	15.0	5.0	5.0	5.0	10.0	5.0	25.0	0	0	0	15.0	15.0	0	0	0	0.7058823529411765	0	0	0	0	0	0	0	0	100.0	100.0	100.0	0	0	100.0	0.0	100.0	0	0	0	0	0	0	0	0	3.0	0	13.0	3.0	13	0	0	0	0	0.0	100.0	0	0	0	0	0	0	5.0	15.0	0	0	0	5.0	10.0	0	0	15.0	0	0	5.0	0	0	5.0	0	0	10.0	0	0	0	5.0	5.0	0	15.0	5.0	0	100.0	0.0	0	0	0	0	0
norwegian_clean_100.conllu	1	29	29.0	6.333333333333333	17.24137931034483	17.24137931034483	0	3.4482758620689653	3.4482758620689653	3.4482758620689653	37.93103448275862	0	0	6.896551724137931	0	6.896551724137931	0	3.4482758620689653	0	0.6296296296296297	0	100.0	100.0	100.0	0	0	100.0	0	100.0	100.0	100.0	0	0	100.0	2.0	100.0	3.0	0	0	0	100.0	0	0	0	5.0	14.5	9.0	2.3076923076923075	9	1.25	4	75.0	25.0	0.0	100.0	100.0	0.0	0	0	3.4482758620689653	0	0	17.24137931034483	3.4482758620689653	0	0	17.24137931034483	3.4482758620689653	0	0	3.4482758620689653	3.4482758620689653	0	3.4482758620689653	0	0	0	0	0	24.137931034482758	6.896551724137931	0	0	3.4482758620689653	0	0	6.896551724137931	3.4482758620689653	0	50.0	50.0	100.0	0.0	1.0	100.0	0
norwegian_clean_101.conllu	1	17	17.0	6.615384615384615	0	11.764705882352942	0	0	11.764705882352942	0	41.1764705882353	0	0	5.882352941176471	0	23.529411764705884	0	5.882352941176471	0	0.6153846153846154	0	100.0	100.0	100.0	0	0	100.0	0	0	0	0	0	0	0	1.0	100.0	2.0	0	0	100.0	0	0	0	0	6.0	17.0	4.0	1.9166666666666667	4	1.0	1	100.0	0	0	0	100.0	0.0	0	0	0	0	0	0	0	0	0	11.764705882352942	11.764705882352942	0	0	29.41176470588235	0	0	0	0	0	0	0	0	5.882352941176471	5.882352941176471	0	0	0	5.882352941176471	0	23.529411764705884	5.882352941176471	0	100.0	0.0	0	0	0	0	0
norwegian_clean_102.conllu	1	33	33.0	5.166666666666667	12.121212121212121	9.090909090909092	6.0606060606060606	3.0303030303030303	9.090909090909092	0	12.121212121212121	0	6.0606060606060606	0	0	9.090909090909092	9.090909090909092	9.090909090909092	15.151515151515152	0.43333333333333335	0	0	0	0	100.0	0	0	0	100.0	100.0	100.0	0	0	100.0	3.0	100.0	2.0	0	0	50.0	0	50.0	0	0	4.0	11.0	13.0	2.9310344827586206	13	1.0	1	100.0	0	0.0	100.0	100.0	0.0	0	0	0	6.0606060606060606	6.0606060606060606	0	0	0	0	9.090909090909092	9.090909090909092	0	0	15.151515151515152	3.0303030303030303	0	0	0	12.121212121212121	0	0	15.151515151515152	3.0303030303030303	3.0303030303030303	0	0	6.0606060606060606	0	0	9.090909090909092	3.0303030303030303	0	50.0	50.0	100.0	0.0	1.0	100.0	0
norwegian_clean_103.conllu	1	16	16.0	5.933333333333334	12.5	6.25	6.25	6.25	0	6.25	31.25	0	6.25	12.5	0	6.25	0	6.25	0	0.6	0	0	0	0	100.0	0	0	0	100.0	100.0	100.0	0	0	100.0	1.0	0.0	4.0	0	0	0	0	100.0	0	0	3.0	16.0	4.0	1.8571428571428572	4	1.0	1	100.0	0	0.0	100.0	100.0	0.0	6.25	0	0	0	12.5	6.25	0	6.25	0	6.25	0	0	0	0	0	0	6.25	0	0	0	0	6.25	18.75	6.25	0	0	6.25	6.25	0	6.25	6.25	0	0.0	100.0	100.0	0.0	1.0	100.0	0
norwegian_clean_104.conllu	1	14	14.0	5.076923076923077	7.142857142857143	7.142857142857143	7.142857142857143	7.142857142857143	0	0	28.571428571428573	0	7.142857142857143	7.142857142857143	0	7.142857142857143	7.142857142857143	14.285714285714286	0	0.6153846153846154	0	0	0	0	100.0	0	0	0	100.0	100.0	100.0	0	0	100.0	2.0	100.0	2.5	0	0	50.0	50.0	0	0	0	6.0	7.0	3.0	1.6666666666666667	3	1.0	1	100.0	0	0.0	100.0	100.0	0.0	7.142857142857143	0	0	0	7.142857142857143	7.142857142857143	7.142857142857143	7.142857142857143	0	7.142857142857143	0	0	0	0	0	0	0	0	0	0	0	14.285714285714286	7.142857142857143	7.142857142857143	0	0	14.285714285714286	0	0	7.142857142857143	7.142857142857143	0	50.0	50.0	100.0	0.0	1.0	100.0	0
norwegian_clean_105.conllu	1	24	24.0	5.695652173913044	8.333333333333334	16.666666666666668	4.166666666666667	0	0	8.333333333333334	29.166666666666668	0	8.333333333333334	0	0	4.166666666666667	8.333333333333334	12.5	0	0.5652173913043478	0	100.0	100.0	33.333333333333336	66.66666666666667	0	100.0	0	0	0	0	0	0	0	3.0	100.0	3.6666666666666665	0	0	0	66.66666666666667	0	33.333333333333336	0	5.0	8.0	6.0	2.3636363636363638	6	1.0	2	100.0	0	0.0	100.0	0.0	100.0	0	0	0	4.166666666666667	4.166666666666667	8.333333333333334	0	0	0	16.666666666666668	0	0	0	0	0	0	8.333333333333334	0	0	0	0	16.666666666666668	8.333333333333334	4.166666666666667	0	0	4.166666666666667	8.333333333333334	0	4.166666666666667	4.166666666666667	8.333333333333334	33.333333333333336	66.66666666666667	100.0	0.0	2.0	0	100.0
norwegian_clean_106.conllu	1	20	20.0	7.333333333333333	5.0	5.0	0	0	10.0	5.0	35.0	0	10.0	0	0	10.0	5.0	15.0	0	0.6111111111111112	0	100.0	100.0	33.333333333333336	66.66666666666667	0	100.0	0	0	0	0	0	0	0	3.0	100.0	2.6666666666666665	0	0	33.333333333333336	66.66666666666667	0	0	0	6.0	6.666666666666667	10.0	2.2941176470588234	10	1.0	1	100.0	0	0.0	100.0	100.0	0.0	0	0	0	5.0	0	5.0	0	0	0	5.0	10.0	0	0	15.0	0	0	5.0	0	0	0	0	15.0	5.0	5.0	0	0	10.0	0	0	10.0	5.0	5.0	33.333333333333336	66.66666666666667	100.0	0.0	2.0	0	100.0
norwegian_clean_107.conllu	1	22	22.0	5.947368421052632	9.090909090909092	22.727272727272727	4.545454545454546	4.545454545454546	0	0	27.272727272727273	0	0	4.545454545454546	9.090909090909092	13.636363636363637	0	4.545454545454546	0	0.631578947368421	0	100.0	100.0	100.0	0	0	100.0	0	100.0	100.0	100.0	0	0	100.0	2.0	100.0	2.0	0	0	100.0	0	0	0	0	6.0	11.0	9.0	2.2222222222222223	9	1.5	2	50.0	50.0	0.0	100.0	100.0	0.0	0	0	4.545454545454546	0	4.545454545454546	4.545454545454546	0	0	0	18.181818181818183	0	0	0	0	4.545454545454546	0	0	0	0	13.636363636363637	0	0	13.636363636363637	9.090909090909092	0	0	4.545454545454546	4.545454545454546	0	13.636363636363637	4.545454545454546	0	50.0	50.0	100.0	0.0	1.0	100.0	0
norwegian_clean_108.conllu	1	13	13.0	5.5	15.384615384615385	30.76923076923077	0	7.6923076923076925	0	0	30.76923076923077	7.6923076923076925	0	0	0	7.6923076923076925	0	0	0	0.5	0	0	0	0	0	0	0	0	100.0	100.0	100.0	0	0	100.0	0.0	0.0	0	0	0	0	0	0	0	0	3.0	0	6.0	2.8181818181818183	6	1.0	1	100.0	0	0	0	100.0	0.0	0	0	0	0	0	7.6923076923076925	0	7.6923076923076925	0	30.76923076923077	0	0	0	0	0	0	0	0	0	0	0	0	7.6923076923076925	7.6923076923076925	0	7.6923076923076925	0	15.384615384615385	0	7.6923076923076925	7.6923076923076925	0	0	0	0	0	0	0	0
norwegian_clean_109.conllu	1	19	19.0	6.294117647058823	10.526315789473685	10.526315789473685	0	0	0	0	15.789473684210526	0	0	5.2631578947368425	5.2631578947368425	10.526315789473685	0	5.2631578947368425	36.8421052631579	0.4117647058823529	0	100.0	100.0	100.0	0	0	100.0	0	0	0	0	0	0	0	1.0	0.0	2.0	0	0	100.0	0	0	0	0	3.0	19.0	14.0	3.875	14	1.0	1	100.0	0	0.0	100.0	100.0	0.0	0	0	5.2631578947368425	0	0	10.526315789473685	0	0	0	10.526315789473685	0	0	0	0	0	0	0	0	0	36.8421052631579	0	0	5.2631578947368425	5.2631578947368425	0	0	5.2631578947368425	5.2631578947368425	0	10.526315789473685	5.2631578947368425	0	0.0	100.0	100.0	0.0	1.0	100.0	0
norwegian_clean_110.conllu	1	13	13.0	6.636363636363637	0	15.384615384615385	0	0	7.6923076923076925	7.6923076923076925	46.15384615384615	0	0	0	0	15.384615384615385	0	7.6923076923076925	0	0.6363636363636364	0	100.0	100.0	100.0	0	0	100.0	0	0	0	0	0	0	0	1.0	100.0	3.0	0	0	0	100.0	0	0	0	4.0	13.0	4.0	1.7	4	1.0	1	100.0	0	0.0	100.0	100.0	0.0	0	0	0	0	0	0	0	0	0	15.384615384615385	7.6923076923076925	0	0	15.384615384615385	0	0	7.6923076923076925	0	0	0	0	0	7.6923076923076925	7.6923076923076925	0	0	7.6923076923076925	7.6923076923076925	0	15.384615384615385	7.6923076923076925	0	100.0	0.0	0	0	0	0	0
norwegian_clean_111.conllu	1	19	19.0	5.625	5.2631578947368425	10.526315789473685	0	5.2631578947368425	5.2631578947368425	5.2631578947368425	15.789473684210526	0	0	10.526315789473685	0	15.789473684210526	5.2631578947368425	21.05263157894737	0	0.5	0	100.0	100.0	75.0	25.0	0	100.0	0	100.0	100.0	100.0	0	0	100.0	4.0	100.0	2.0	0	50.0	25.0	0	25.0	0	0	4.0	4.75	12.0	3.066666666666667	12	0	0	0	0	0	0	100.0	0.0	0	0	5.2631578947368425	0	0	5.2631578947368425	0	5.2631578947368425	0	10.526315789473685	5.2631578947368425	0	0	10.526315789473685	0	0	5.2631578947368425	5.2631578947368425	0	0	0	5.2631578947368425	0	10.526315789473685	0	0	0	10.526315789473685	0	15.789473684210526	5.2631578947368425	0	33.333333333333336	66.66666666666667	0.0	100.0	1.0	100.0	0
norwegian_clean_112.conllu	1	18	18.0	7.176470588235294	11.11111111111111	5.555555555555555	0	5.555555555555555	5.555555555555555	5.555555555555555	38.888888888888886	5.555555555555555	0	5.555555555555555	0	5.555555555555555	0	11.11111111111111	0	0.6470588235294118	0	100.0	100.0	100.0	0	0	100.0	0	100.0	100.0	100.0	0	0	100.0	3.0	100.0	2.5	0	0	50.0	50.0	0	0	0	6.0	6.0	5.0	2.0625	5	1.0	1	100.0	0	0.0	100.0	100.0	0.0	0	0	5.555555555555555	0	5.555555555555555	5.555555555555555	0	0	0	5.555555555555555	5.555555555555555	5.555555555555555	0	5.555555555555555	5.555555555555555	0	5.555555555555555	0	0	0	0	0	11.11111111111111	16.666666666666668	0	5.555555555555555	5.555555555555555	0	0	5.555555555555555	5.555555555555555	0	33.333333333333336	66.66666666666667	100.0	0.0	2.0	0	100.0
norwegian_clean_113.conllu	1	23	23.0	4.761904761904762	13.043478260869565	13.043478260869565	0	8.695652173913043	0	4.3478260869565215	21.73913043478261	0	0	4.3478260869565215	0	8.695652173913043	4.3478260869565215	0	21.73913043478261	0.38095238095238093	0	0	0	0	0	0	0	0	100.0	100.0	100.0	0	0	100.0	1.0	0.0	0	0	0	0	0	0	0	0	3.0	23.0	12.0	2.95	12	0	0	0	0	0	0	100.0	0.0	0	0	0	0	4.3478260869565215	8.695652173913043	0	0	0	13.043478260869565	0	0	0	0	8.695652173913043	0	4.3478260869565215	4.3478260869565215	17.391304347826086	0	0	4.3478260869565215	4.3478260869565215	4.3478260869565215	0	0	0	13.043478260869565	0	8.695652173913043	4.3478260869565215	0	0.0	100.0	0.0	100.0	1.0	100.0	0
norwegian_clean_114.conllu	1	13	13.0	7.0	7.6923076923076925	7.6923076923076925	0	7.6923076923076925	0	7.6923076923076925	30.76923076923077	0	0	7.6923076923076925	7.6923076923076925	15.384615384615385	0	7.6923076923076925	0	0.6363636363636364	100.0	0	100.0	100.0	0	0	100.0	100.0	0	100.0	100.0	0	0	100.0	2.0	100.0	2.0	0	0	100.0	0	0	0	0	3.0	6.5	5.0	2.2	5	1.0	1	100.0	0	0.0	100.0	100.0	0.0	0	0	7.6923076923076925	0	0	7.6923076923076925	7.6923076923076925	0	0	7.6923076923076925	0	0	0	0	7.6923076923076925	0	7.6923076923076925	0	0	0	0	0	7.6923076923076925	15.384615384615385	0	0	7.6923076923076925	0	0	15.384615384615385	7.6923076923076925	0	50.0	50.0	100.0	0.0	1.0	100.0	0
norwegian_clean_115.conllu	1	39	39.0	4.75	10.256410256410257	15.384615384615385	2.5641025641025643	5.128205128205129	2.5641025641025643	5.128205128205129	25.641025641025642	0	2.5641025641025643	0	0	7.6923076923076925	5.128205128205129	7.6923076923076925	10.256410256410257	0.5	100.0	0	100.0	33.333333333333336	66.66666666666667	0	100.0	100.0	0	100.0	100.0	0	0	100.0	3.0	100.0	3.6666666666666665	0	0	0	66.66666666666667	0	33.333333333333336	0	6.0	13.0	23.0	3.0285714285714285	23	1.5	2	50.0	50.0	0.0	100.0	100.0	0.0	0	0	0	5.128205128205129	2.5641025641025643	10.256410256410257	0	5.128205128205129	0	15.384615384615385	2.5641025641025643	0	0	2.5641025641025643	0	0	5.128205128205129	0	7.6923076923076925	0	0	7.6923076923076925	7.6923076923076925	5.128205128205129	0	0	2.5641025641025643	7.6923076923076925	0	7.6923076923076925	2.5641025641025643	2.5641025641025643	33.333333333333336	66.66666666666667	50.0	50.0	1.0	100.0	0
norwegian_clean_116.conllu	1	19	19.0	6.882352941176471	5.2631578947368425	21.05263157894737	0	0	5.2631578947368425	0	42.10526315789474	0	0	0	0	10.526315789473685	5.2631578947368425	10.526315789473685	0	0.6470588235294118	100.0	0	100.0	100.0	0	0	100.0	0	0	0	0	0	0	0	2.0	100.0	3.0	0	0	0	100.0	0	0	0	5.0	9.5	7.0	2.0	7	1.0	3	100.0	0	0	0	66.66666666666667	33.333333333333336	0	0	0	5.2631578947368425	0	5.2631578947368425	0	0	0	21.05263157894737	5.2631578947368425	0	0	5.2631578947368425	0	0	0	0	0	0	0	5.2631578947368425	15.789473684210526	15.789473684210526	0	0	0	5.2631578947368425	0	10.526315789473685	5.2631578947368425	0	50.0	50.0	100.0	0.0	1.0	100.0	0