Filename	n_sentences	n_tokens	tokens_per_sent	char_per_tok	upos_dist_ADJ	upos_dist_ADP	upos_dist_ADV	upos_dist_AUX	upos_dist_CCONJ	upos_dist_NOUN	upos_dist_NUM	upos_dist_PRON	upos_dist_PROPN	upos_dist_PUNCT	upos_dist_SCONJ	upos_dist_VERB	upos_dist_X	lexical_density	verbs_tense_dist_Past	verbs_tense_dist_Pres	verbs_mood_dist_Ind	verbs_form_dist_Fin	verbs_form_dist_Inf	verbs_form_dist_Part	verbs_num_pers_dist_+	verbs_num_pers_dist_Plur+3	verbs_num_pers_dist_Sing+	verbs_num_pers_dist_Sing+1	verbs_num_pers_dist_Sing+3	aux_tense_dist_Past	aux_tense_dist_Pres	aux_mood_dist_Ind	aux_form_dist_Fin	aux_form_dist_Inf	aux_form_dist_Part	aux_num_pers_dist_+	aux_num_pers_dist_Plur+3	aux_num_pers_dist_Sing+	aux_num_pers_dist_Sing+3	verbal_head_per_sent	verbal_root_perc	avg_verb_edges	verb_edges_dist_0	verb_edges_dist_1	verb_edges_dist_2	verb_edges_dist_3	verb_edges_dist_4	verb_edges_dist_5	verb_edges_dist_6	avg_max_depth	avg_token_per_clause	avg_max_links_len	avg_links_len	max_links_len	avg_prepositional_chain_len	n_prepositional_chains	prep_dist_1	obj_pre	obj_post	subj_pre	subj_post	dep_dist_acl	dep_dist_acl:relcl	dep_dist_advcl	dep_dist_advmod	dep_dist_amod	dep_dist_appos	dep_dist_aux	dep_dist_aux:pass	dep_dist_case	dep_dist_cc	dep_dist_cc:preconj	dep_dist_ccomp	dep_dist_compound	dep_dist_compound:nn	dep_dist_compound:prt	dep_dist_conj	dep_dist_cop	dep_dist_csubj:cop	dep_dist_det	dep_dist_fixed	dep_dist_mark	dep_dist_nmod	dep_dist_nmod:gobj	dep_dist_nmod:gsubj	dep_dist_nmod:poss	dep_dist_nsubj	dep_dist_nsubj:cop	dep_dist_nummod	dep_dist_obj	dep_dist_obl	dep_dist_parataxis	dep_dist_punct	dep_dist_root	dep_dist_xcomp	dep_dist_xcomp:ds	principal_proposition_dist	subordinate_proposition_dist	subordinate_post	subordinate_pre	avg_subordinate_chain_len	subordinate_dist_1	subordinate_dist_2	subordinate_dist_4
finnish_clean_1.conllu	1	11	11.0	6.7	9.090909090909092	9.090909090909092	0	9.090909090909092	9.090909090909092	45.45454545454545	0	0	9.090909090909092	9.090909090909092	0	0	0	0.7	0	0	0	0	0	0	0	0	0	0	0	100.0	0	100.0	100.0	0	0	0	0	0	100.0	1.0	100.0	0	0	0	0	0	0	0	0	3.0	11.0	7.0	2.7777777777777777	7	0	0	0	0	0	100.0	0.0	0	0	0	0	9.090909090909092	0	0	0	9.090909090909092	9.090909090909092	0	0	0	0	0	9.090909090909092	9.090909090909092	0	0	0	0	0	0	0	18.181818181818183	0	9.090909090909092	0	0	9.090909090909092	0	9.090909090909092	9.090909090909092	0	0	100.0	0.0	0	0	0	0	0	0
finnish_clean_2.conllu	1	17	17.0	7.0	11.764705882352942	0	5.882352941176471	5.882352941176471	11.764705882352942	17.647058823529413	5.882352941176471	17.647058823529413	0	11.764705882352942	0	11.764705882352942	0	0.5333333333333333	100.0	0	100.0	50.0	50.0	0	100.0	0	0	0	0	100.0	0	100.0	100.0	0	0	0	0	0	100.0	3.0	100.0	3.5	0	0	0	50.0	50.0	0	0	3.0	5.666666666666667	9.0	2.2857142857142856	9	0	0	0	100.0	0.0	100.0	0.0	0	0	5.882352941176471	5.882352941176471	5.882352941176471	0	0	0	0	11.764705882352942	0	0	0	0	0	11.764705882352942	5.882352941176471	0	0	0	0	0	0	0	0	5.882352941176471	5.882352941176471	5.882352941176471	5.882352941176471	11.764705882352942	0	11.764705882352942	5.882352941176471	0	0	50.0	50.0	100.0	0.0	1.0	100.0	0	0
finnish_clean_3.conllu	1	14	14.0	5.0	0	7.142857142857143	0	0	21.428571428571427	35.714285714285715	0	7.142857142857143	7.142857142857143	14.285714285714286	0	7.142857142857143	0	0.5833333333333334	100.0	0	100.0	100.0	0	0	0	0	0	0	100.0	0	0	0	0	0	0	0	0	0	0	1.0	100.0	4.0	0	0	0	0	100.0	0	0	3.0	14.0	11.0	3.090909090909091	11	1.0	1	100.0	50.0	50.0	100.0	0.0	0	0	0	0	0	0	0	0	7.142857142857143	21.428571428571427	0	0	0	0	0	21.428571428571427	0	0	0	0	0	7.142857142857143	7.142857142857143	0	0	7.142857142857143	0	0	7.142857142857143	0	0	14.285714285714286	7.142857142857143	0	0	100.0	0.0	0	0	0	0	0	0
finnish_clean_4.conllu	1	12	12.0	5.636363636363637	0	0	16.666666666666668	8.333333333333334	8.333333333333334	50.0	0	8.333333333333334	0	8.333333333333334	0	0	0	0.7272727272727273	0	0	0	0	0	0	0	0	0	0	0	100.0	0	100.0	100.0	0	0	0	100.0	0	0	1.0	100.0	0	0	0	0	0	0	0	0	3.0	12.0	5.0	2.0	5	0	0	0	0	0	100.0	0.0	0	0	0	0	0	0	0	0	0	8.333333333333334	0	0	0	0	0	8.333333333333334	8.333333333333334	0	0	0	0	0	0	0	33.333333333333336	0	8.333333333333334	0	0	16.666666666666668	0	8.333333333333334	8.333333333333334	0	0	100.0	0.0	0	0	0	0	0	0
finnish_clean_5.conllu	1	12	12.0	6.090909090909091	0	0	25.0	0	8.333333333333334	33.333333333333336	0	8.333333333333334	0	8.333333333333334	0	16.666666666666668	0	0.8181818181818182	100.0	0	100.0	50.0	0	50.0	100.0	0	0	0	0	0	0	0	0	0	0	0	0	0	0	2.0	100.0	3.0	0	0	50.0	0	50.0	0	0	3.0	6.0	5.0	1.9	5	0	0	0	0	0	0.0	100.0	0	0	0	16.666666666666668	0	0	0	0	0	8.333333333333334	0	0	0	0	0	8.333333333333334	0	0	0	0	0	0	0	0	16.666666666666668	8.333333333333334	0	0	0	16.666666666666668	0	8.333333333333334	8.333333333333334	0	8.333333333333334	50.0	50.0	100.0	0.0	1.0	100.0	0	0
finnish_clean_6.conllu	1	20	20.0	7.125	0	0	5.0	0	10.0	35.0	0	10.0	5.0	20.0	5.0	10.0	0	0.6875	100.0	0	100.0	50.0	0	50.0	0	0	0	0	100.0	0	0	0	0	0	0	0	0	0	0	2.0	100.0	3.0	50.0	0	0	0	0	0	50.0	3.0	10.0	15.0	3.2	15	0	0	0	50.0	50.0	100.0	0.0	5.0	0	5.0	5.0	0	0	0	0	0	10.0	0	0	0	0	0	10.0	0	0	0	0	5.0	15.0	5.0	0	0	5.0	0	0	5.0	5.0	0	20.0	5.0	0	0	50.0	50.0	100.0	0.0	1.0	100.0	0	0
finnish_clean_7.conllu	1	17	17.0	6.928571428571429	0	0	5.882352941176471	0	17.647058823529413	41.1764705882353	0	5.882352941176471	5.882352941176471	17.647058823529413	0	5.882352941176471	0	0.7142857142857143	100.0	0	100.0	100.0	0	0	100.0	0	0	0	0	0	0	0	0	0	0	0	0	0	0	1.0	100.0	4.0	0	0	0	0	100.0	0	0	4.0	17.0	13.0	3.3076923076923075	13	0	0	0	100.0	0.0	0	0	0	0	0	5.882352941176471	0	0	0	0	0	17.647058823529413	0	0	0	0	0	17.647058823529413	0	0	5.882352941176471	0	0	0	0	0	11.764705882352942	0	0	0	5.882352941176471	11.764705882352942	0	17.647058823529413	5.882352941176471	0	0	100.0	0.0	0	0	0	0	0	0
finnish_clean_8.conllu	1	14	14.0	6.75	7.142857142857143	0	7.142857142857143	14.285714285714286	7.142857142857143	28.571428571428573	0	7.142857142857143	0	14.285714285714286	0	14.285714285714286	0	0.6666666666666666	100.0	0	100.0	50.0	0	50.0	0	0	0	0	100.0	0	0	0	50.0	0	50.0	0	0	0	100.0	2.0	100.0	4.0	0	0	0	0	100.0	0	0	3.0	7.0	7.0	2.272727272727273	7	0	0	0	0.0	100.0	100.0	0.0	0	0	0	7.142857142857143	7.142857142857143	0	7.142857142857143	7.142857142857143	0	7.142857142857143	0	0	0	0	0	7.142857142857143	0	0	0	0	0	0	0	0	7.142857142857143	7.142857142857143	0	0	14.285714285714286	7.142857142857143	0	14.285714285714286	7.142857142857143	0	0	100.0	0.0	0	0	0	0	0	0
finnish_clean_9.conllu	1	16	16.0	7.214285714285714	0	6.25	0	0	25.0	43.75	0	0	6.25	12.5	0	6.25	0	0.6428571428571429	100.0	0	100.0	100.0	0	0	0	0	0	0	100.0	0	0	0	0	0	0	0	0	0	0	1.0	100.0	3.0	0	0	0	100.0	0	0	0	4.0	16.0	11.0	3.1538461538461537	11	0	0	0	0.0	100.0	100.0	0.0	0	0	0	0	0	0	0	0	6.25	25.0	0	0	0	0	0	31.25	0	0	0	0	0	0	0	0	0	6.25	0	0	6.25	6.25	0	12.5	6.25	0	0	100.0	0.0	0	0	0	0	0	0
finnish_clean_10.conllu	1	15	15.0	8.076923076923077	13.333333333333334	0	6.666666666666667	20.0	0	20.0	0	13.333333333333334	6.666666666666667	13.333333333333334	0	6.666666666666667	0	0.6153846153846154	100.0	0	100.0	100.0	0	0	0	100.0	0	0	0	0	0	0	33.333333333333336	0	66.66666666666667	0	0	0	100.0	3.0	100.0	4.0	0	0	0	0	100.0	0	0	3.0	5.0	8.0	2.4166666666666665	8	0	0	0	0.0	100.0	50.0	50.0	0	0	0	6.666666666666667	6.666666666666667	0	6.666666666666667	0	0	0	0	0	0	0	0	0	13.333333333333334	0	0	0	0	0	0	0	13.333333333333334	6.666666666666667	6.666666666666667	0	6.666666666666667	13.333333333333334	0	13.333333333333334	6.666666666666667	0	0	33.333333333333336	66.66666666666667	50.0	50.0	1.0	100.0	0	0
finnish_clean_11.conllu	1	5	5.0	10.75	0	0	0	0	0	60.0	0	0	0	20.0	0	20.0	0	1.0	0	100.0	100.0	100.0	0	0	0	0	0	0	100.0	0	0	0	0	0	0	0	0	0	0	1.0	100.0	2.0	0	0	100.0	0	0	0	0	2.0	5.0	1.0	1.0	1	0	0	0	0	0	100.0	0.0	0	0	0	0	0	0	0	0	0	0	0	0	0	0	0	0	0	0	0	0	0	0	0	0	20.0	20.0	0	0	0	20.0	0	20.0	20.0	0	0	100.0	0.0	0	0	0	0	0	0
finnish_clean_12.conllu	1	21	21.0	7.894736842105263	9.523809523809524	4.761904761904762	14.285714285714286	4.761904761904762	0	28.571428571428573	0	9.523809523809524	4.761904761904762	9.523809523809524	0	14.285714285714286	0	0.7894736842105263	100.0	0	100.0	33.333333333333336	33.333333333333336	33.333333333333336	0	0	0	0	100.0	0	100.0	100.0	100.0	0	0	0	0	0	100.0	3.0	100.0	4.333333333333333	0	0	0	33.333333333333336	33.333333333333336	0	33.333333333333336	4.0	7.0	6.0	2.4444444444444446	6	0	0	0	100.0	0.0	100.0	0.0	0	4.761904761904762	0	9.523809523809524	9.523809523809524	0	0	4.761904761904762	4.761904761904762	0	0	0	0	0	0	0	0	0	0	4.761904761904762	0	0	0	0	4.761904761904762	4.761904761904762	0	0	4.761904761904762	28.571428571428573	0	9.523809523809524	4.761904761904762	4.761904761904762	0	33.333333333333336	66.66666666666667	100.0	0.0	2.0	0	100.0	0
finnish_clean_13.conllu	1	18	18.0	5.875	5.555555555555555	11.11111111111111	11.11111111111111	5.555555555555555	0	22.22222222222222	0	16.666666666666668	0	11.11111111111111	5.555555555555555	11.11111111111111	0	0.5625	0	100.0	100.0	50.0	0	50.0	100.0	0	0	0	0	0	100.0	100.0	100.0	0	0	0	0	100.0	0	2.0	100.0	3.0	0	0	50.0	0	50.0	0	0	5.0	9.0	6.0	2.3333333333333335	6	0	0	0	100.0	0.0	0	0	0	0	0	11.11111111111111	0	0	5.555555555555555	0	11.11111111111111	0	0	5.555555555555555	0	0	0	0	0	0	5.555555555555555	0	5.555555555555555	0	0	0	16.666666666666668	0	0	0	5.555555555555555	11.11111111111111	0	11.11111111111111	5.555555555555555	5.555555555555555	0	50.0	50.0	100.0	0.0	1.0	100.0	0	0
finnish_clean_14.conllu	1	19	19.0	7.777777777777778	5.2631578947368425	0	15.789473684210526	0	10.526315789473685	26.31578947368421	5.2631578947368425	0	0	5.2631578947368425	5.2631578947368425	26.31578947368421	0	0.7777777777777778	0	100.0	100.0	40.0	60.0	0	100.0	0	0	0	0	0	0	0	0	0	0	0	0	0	0	5.0	100.0	2.6	0	40.0	20.0	0	20.0	20.0	0	3.0	3.8	9.0	2.6470588235294117	9	0	0	0	25.0	75.0	0	0	0	0	15.789473684210526	15.789473684210526	5.2631578947368425	0	0	0	0	10.526315789473685	0	0	0	0	0	10.526315789473685	0	0	0	0	5.2631578947368425	0	0	0	0	0	0	5.2631578947368425	21.05263157894737	0	0	5.2631578947368425	5.2631578947368425	0	0	25.0	75.0	66.66666666666667	33.333333333333336	1.0	100.0	0	0
finnish_clean_15.conllu	1	8	8.0	6.857142857142857	0	0	25.0	12.5	0	25.0	0	0	0	12.5	0	25.0	0	0.8571428571428571	0	0	0	0	100.0	0	0	0	0	0	0	0	100.0	100.0	100.0	0	0	0	0	0	100.0	2.0	100.0	2.5	0	50.0	0	0	50.0	0	0	2.0	4.0	3.0	1.8333333333333333	3	0	0	0	0.0	100.0	100.0	0.0	0	0	12.5	25.0	0	0	12.5	0	0	0	0	0	0	0	0	0	0	0	0	0	0	0	0	0	0	12.5	0	0	12.5	0	0	12.5	12.5	0	0	50.0	50.0	100.0	0.0	1.0	100.0	0	0
finnish_clean_16.conllu	1	11	11.0	10.11111111111111	0	0	9.090909090909092	0	9.090909090909092	54.54545454545455	0	0	0	18.181818181818183	0	9.090909090909092	0	0.8888888888888888	0	100.0	100.0	100.0	0	0	0	0	100.0	0	0	0	0	0	0	0	0	0	0	0	0	1.0	100.0	3.0	0	0	0	100.0	0	0	0	4.0	11.0	7.0	2.75	7	0	0	0	100.0	0.0	100.0	0.0	0	0	0	9.090909090909092	0	0	0	0	0	9.090909090909092	0	0	0	0	0	18.181818181818183	0	0	0	0	0	0	9.090909090909092	0	9.090909090909092	9.090909090909092	0	0	0	9.090909090909092	0	18.181818181818183	9.090909090909092	0	0	100.0	0.0	0	0	0	0	0	0
finnish_clean_17.conllu	1	19	19.0	8.066666666666666	0	10.526315789473685	0	0	10.526315789473685	42.10526315789474	0	5.2631578947368425	0	21.05263157894737	0	10.526315789473685	0	0.6666666666666666	0	100.0	100.0	50.0	50.0	0	0	100.0	0	0	0	0	0	0	0	0	0	0	0	0	0	2.0	100.0	2.0	0	50.0	0	50.0	0	0	0	4.0	9.5	8.0	2.142857142857143	8	1.0	1	100.0	0	0	100.0	0.0	0	0	0	0	0	0	0	0	10.526315789473685	10.526315789473685	0	0	0	5.2631578947368425	0	10.526315789473685	0	0	5.2631578947368425	0	0	5.2631578947368425	0	0	10.526315789473685	5.2631578947368425	0	0	0	5.2631578947368425	0	21.05263157894737	5.2631578947368425	5.2631578947368425	0	50.0	50.0	100.0	0.0	1.0	100.0	0	0
finnish_clean_18.conllu	1	26	26.0	7.565217391304348	7.6923076923076925	0	11.538461538461538	11.538461538461538	0	30.76923076923077	0	11.538461538461538	0	11.538461538461538	3.8461538461538463	11.538461538461538	0	0.6956521739130435	100.0	0	100.0	33.333333333333336	33.333333333333336	33.333333333333336	0	100.0	0	0	0	0	100.0	100.0	66.66666666666667	33.333333333333336	0	0	0	0	100.0	4.0	100.0	3.0	0	33.333333333333336	0	0	66.66666666666667	0	0	4.0	6.5	6.0	2.3181818181818183	6	0	0	0	50.0	50.0	100.0	0.0	0	3.8461538461538463	3.8461538461538463	11.538461538461538	3.8461538461538463	0	3.8461538461538463	3.8461538461538463	0	0	0	0	0	0	0	0	3.8461538461538463	0	3.8461538461538463	0	3.8461538461538463	0	3.8461538461538463	0	11.538461538461538	3.8461538461538463	0	0	3.8461538461538463	15.384615384615385	0	11.538461538461538	3.8461538461538463	3.8461538461538463	0	25.0	75.0	66.66666666666667	33.333333333333336	1.5	50.0	50.0	0
finnish_clean_19.conllu	1	11	11.0	11.1	9.090909090909092	0	0	0	0	54.54545454545455	0	0	0	9.090909090909092	0	27.272727272727273	0	1.0	0	100.0	100.0	33.333333333333336	0	66.66666666666667	0	0	0	0	100.0	0	0	0	0	0	0	0	0	0	0	3.0	100.0	1.6666666666666667	0	66.66666666666667	0	33.333333333333336	0	0	0	5.0	3.6666666666666665	7.0	2.0	7	0	0	0	66.66666666666667	33.333333333333336	100.0	0.0	18.181818181818183	0	0	0	9.090909090909092	0	0	0	0	0	0	0	0	0	0	0	0	0	0	0	0	0	9.090909090909092	0	0	18.181818181818183	0	0	18.181818181818183	9.090909090909092	0	9.090909090909092	9.090909090909092	0	0	33.333333333333336	66.66666666666667	100.0	0.0	1.0	100.0	0	0
finnish_clean_20.conllu	1	7	7.0	11.666666666666666	0	0	14.285714285714286	0	0	42.857142857142854	0	0	0	14.285714285714286	0	28.571428571428573	0	1.0	0	100.0	100.0	100.0	0	0	0	100.0	0	0	0	0	0	0	0	0	0	0	0	0	0	2.0	100.0	2.0	0	50.0	0	50.0	0	0	0	3.0	3.5	2.0	1.2	2	0	0	0	50.0	50.0	100.0	0.0	14.285714285714286	0	0	14.285714285714286	0	0	0	0	0	0	0	0	0	0	0	0	0	0	0	0	0	0	0	0	0	14.285714285714286	0	0	28.571428571428573	0	0	14.285714285714286	14.285714285714286	0	0	50.0	50.0	0.0	100.0	1.0	100.0	0	0
finnish_clean_21.conllu	1	19	19.0	8.941176470588236	15.789473684210526	0	15.789473684210526	5.2631578947368425	5.2631578947368425	26.31578947368421	0	5.2631578947368425	0	10.526315789473685	0	15.789473684210526	0	0.8235294117647058	0	100.0	100.0	33.333333333333336	0	66.66666666666667	100.0	0	0	0	0	0	100.0	100.0	100.0	0	0	0	0	0	100.0	3.0	100.0	3.3333333333333335	33.333333333333336	0	0	0	33.333333333333336	0	33.333333333333336	3.0	6.333333333333333	14.0	3.125	14	0	0	0	75.0	25.0	0	0	5.2631578947368425	0	0	15.789473684210526	10.526315789473685	0	0	5.2631578947368425	0	5.2631578947368425	0	0	0	0	0	5.2631578947368425	0	0	0	0	0	5.2631578947368425	5.2631578947368425	0	0	0	0	0	15.789473684210526	10.526315789473685	0	10.526315789473685	5.2631578947368425	0	0	50.0	50.0	0.0	100.0	1.0	100.0	0	0
finnish_clean_22.conllu	1	3	3.0	16.5	33.333333333333336	0	0	0	0	33.333333333333336	0	0	0	33.333333333333336	0	0	0	1.0	0	0	0	0	0	0	0	0	0	0	0	0	0	0	0	0	0	0	0	0	0	0.0	0.0	0	0	0	0	0	0	0	0	1.0	0	1.0	1.0	1	0	0	0	0	0	0	0	0	0	0	0	33.333333333333336	0	0	0	0	0	0	0	0	0	0	0	0	0	0	0	0	0	0	0	0	0	0	0	0	0	0	33.333333333333336	33.333333333333336	0	0	0	0	0	0	0	0	0	0
finnish_clean_23.conllu	1	17	17.0	9.285714285714286	5.882352941176471	0	11.764705882352942	0	5.882352941176471	35.294117647058826	0	5.882352941176471	0	17.647058823529413	0	17.647058823529413	0	0.8571428571428571	0	100.0	100.0	66.66666666666667	33.333333333333336	0	0	100.0	0	0	0	0	0	0	0	0	0	0	0	0	0	3.0	100.0	3.0	0	0	66.66666666666667	0	0	33.333333333333336	0	4.0	5.666666666666667	9.0	2.923076923076923	9	0	0	0	0.0	100.0	100.0	0.0	0	5.882352941176471	0	11.764705882352942	5.882352941176471	0	0	0	0	5.882352941176471	0	0	0	0	0	5.882352941176471	0	0	0	0	0	0	0	0	0	11.764705882352942	0	0	11.764705882352942	11.764705882352942	0	17.647058823529413	5.882352941176471	5.882352941176471	0	33.333333333333336	66.66666666666667	0.0	100.0	2.0	0	100.0	0
finnish_clean_24.conllu	1	25	25.0	5.409090909090909	16.0	0	16.0	16.0	0	12.0	0	12.0	4.0	12.0	8.0	4.0	0	0.5909090909090909	0	0	0	0	0	100.0	0	0	0	0	0	0	100.0	100.0	100.0	0	0	25.0	0	0	75.0	3.0	100.0	4.0	0	0	0	0	100.0	0	0	4.0	8.333333333333334	7.0	2.6666666666666665	7	0	0	0	0.0	100.0	100.0	0.0	0	0	8.0	12.0	8.0	0	8.0	0	0	0	0	0	0	0	0	0	8.0	0	0	4.0	8.0	0	0	0	0	4.0	8.0	0	4.0	8.0	4.0	12.0	4.0	0	0	33.333333333333336	66.66666666666667	50.0	50.0	1.0	100.0	0	0
finnish_clean_25.conllu	1	28	28.0	8.48	10.714285714285714	7.142857142857143	3.5714285714285716	10.714285714285714	7.142857142857143	39.285714285714285	0	0	0	10.714285714285714	0	10.714285714285714	0	0.72	0	0	0	0	0	100.0	0	0	0	0	0	0	100.0	100.0	100.0	0	0	0	0	0	100.0	3.0	100.0	4.0	0	0	0	33.333333333333336	33.333333333333336	33.333333333333336	0	5.0	9.333333333333334	10.0	2.1666666666666665	10	1.0	2	100.0	100.0	0.0	100.0	0.0	0	0	0	3.5714285714285716	10.714285714285714	0	7.142857142857143	3.5714285714285716	7.142857142857143	7.142857142857143	0	0	0	0	0	7.142857142857143	0	0	0	0	0	7.142857142857143	0	0	3.5714285714285716	7.142857142857143	0	0	3.5714285714285716	14.285714285714286	3.5714285714285716	10.714285714285714	3.5714285714285716	0	0	100.0	0.0	0	0	0	0	0	0
finnish_clean_26.conllu	1	13	13.0	9.416666666666666	7.6923076923076925	0	7.6923076923076925	7.6923076923076925	7.6923076923076925	53.84615384615385	0	0	0	7.6923076923076925	0	7.6923076923076925	0	0.8333333333333334	0	0	0	0	0	100.0	0	0	0	0	0	0	100.0	100.0	100.0	0	0	0	100.0	0	0	1.0	100.0	6.0	0	0	0	0	0	0	100.0	3.0	13.0	5.0	2.4545454545454546	5	0	0	0	50.0	50.0	100.0	0.0	0	0	0	7.6923076923076925	7.6923076923076925	0	7.6923076923076925	0	0	7.6923076923076925	0	0	0	0	0	7.6923076923076925	0	0	0	0	0	0	7.6923076923076925	0	0	7.6923076923076925	0	0	7.6923076923076925	23.076923076923077	0	7.6923076923076925	7.6923076923076925	0	0	100.0	0.0	0	0	0	0	0	0
finnish_clean_27.conllu	1	22	22.0	9.7	18.181818181818183	0	0	0	4.545454545454546	50.0	0	0	0	9.090909090909092	0	18.181818181818183	0	0.95	0	100.0	100.0	25.0	0	75.0	0	100.0	0	0	0	0	0	0	0	0	0	0	0	0	0	4.0	100.0	1.25	0	75.0	25.0	0	0	0	0	6.0	5.5	16.0	3.0526315789473686	16	0	0	0	66.66666666666667	33.333333333333336	100.0	0.0	13.636363636363637	0	0	0	18.181818181818183	0	0	0	0	4.545454545454546	0	0	0	0	0	4.545454545454546	0	0	0	0	0	4.545454545454546	4.545454545454546	0	13.636363636363637	9.090909090909092	0	0	9.090909090909092	4.545454545454546	0	9.090909090909092	4.545454545454546	0	0	25.0	75.0	100.0	0.0	1.0	100.0	0	0
finnish_clean_28.conllu	1	16	16.0	9.0	12.5	0	12.5	12.5	0	25.0	0	0	6.25	18.75	0	12.5	0	0.8461538461538461	0	0	0	0	0	100.0	0	0	0	0	0	0	100.0	100.0	50.0	0	50.0	0	100.0	0	0	3.0	100.0	2.0	0	50.0	0	50.0	0	0	0	5.0	5.333333333333333	6.0	1.9166666666666667	6	0	0	0	100.0	0.0	100.0	0.0	6.25	0	0	6.25	6.25	0	6.25	0	0	0	0	6.25	0	0	0	0	6.25	0	0	0	0	0	6.25	0	6.25	6.25	6.25	0	6.25	0	6.25	18.75	6.25	0	0	33.333333333333336	66.66666666666667	100.0	0.0	1.0	100.0	0	0
finnish_clean_29.conllu	1	25	25.0	7.045454545454546	12.0	0	0	4.0	8.0	40.0	0	16.0	0	12.0	0	8.0	0	0.6818181818181818	50.0	50.0	100.0	100.0	0	0	0	50.0	0	0	50.0	100.0	0	100.0	100.0	0	0	0	0	0	100.0	3.0	100.0	2.5	0	0	50.0	50.0	0	0	0	5.0	8.333333333333334	11.0	2.761904761904762	11	0	0	0	33.333333333333336	66.66666666666667	100.0	0.0	0	8.0	0	0	12.0	0	0	0	0	8.0	0	0	0	4.0	0	8.0	4.0	0	4.0	0	0	0	4.0	0	8.0	4.0	4.0	0	8.0	8.0	0	12.0	4.0	0	0	33.333333333333336	66.66666666666667	100.0	0.0	1.0	100.0	0	0
finnish_clean_30.conllu	1	19	19.0	7.647058823529412	5.2631578947368425	0	15.789473684210526	0	15.789473684210526	26.31578947368421	5.2631578947368425	0	15.789473684210526	10.526315789473685	0	5.2631578947368425	0	0.7647058823529411	100.0	0	100.0	100.0	0	0	0	0	0	0	100.0	0	0	0	0	0	0	0	0	0	0	1.0	0.0	4.0	0	0	0	0	100.0	0	0	4.0	19.0	13.0	2.75	13	0	0	0	100.0	0.0	0	0	0	0	0	10.526315789473685	5.2631578947368425	0	0	0	0	15.789473684210526	0	0	0	0	0	15.789473684210526	0	0	0	5.2631578947368425	0	0	0	0	10.526315789473685	0	0	5.2631578947368425	5.2631578947368425	10.526315789473685	0	10.526315789473685	5.2631578947368425	0	0	0	0	0	0	0	0	0	0
finnish_clean_31.conllu	1	19	19.0	7.294117647058823	10.526315789473685	0	5.2631578947368425	5.2631578947368425	5.2631578947368425	47.36842105263158	0	0	0	10.526315789473685	5.2631578947368425	10.526315789473685	0	0.8235294117647058	100.0	0	100.0	100.0	0	0	0	0	0	0	100.0	100.0	0	100.0	100.0	0	0	0	0	0	100.0	3.0	100.0	4.0	0	0	0	0	100.0	0	0	5.0	6.333333333333333	6.0	1.875	6	0	0	0	0.0	100.0	75.0	25.0	0	0	0	5.2631578947368425	10.526315789473685	0	0	0	0	5.2631578947368425	0	0	0	0	0	5.2631578947368425	5.2631578947368425	0	0	0	5.2631578947368425	0	0	0	5.2631578947368425	10.526315789473685	10.526315789473685	0	5.2631578947368425	10.526315789473685	5.2631578947368425	10.526315789473685	5.2631578947368425	0	0	100.0	0.0	0	0	0	0	0	0
finnish_clean_32.conllu	1	22	22.0	8.15	4.545454545454546	0	4.545454545454546	9.090909090909092	4.545454545454546	50.0	0	0	0	9.090909090909092	0	18.181818181818183	0	0.85	0	100.0	100.0	25.0	0	75.0	100.0	0	0	0	0	0	100.0	100.0	50.0	0	50.0	0	0	0	100.0	5.0	100.0	3.25	25.0	0	0	25.0	25.0	0	25.0	4.0	4.4	17.0	3.3684210526315788	17	0	0	0	0.0	100.0	100.0	0.0	9.090909090909092	0	0	4.545454545454546	4.545454545454546	0	0	4.545454545454546	0	4.545454545454546	0	0	0	0	0	4.545454545454546	4.545454545454546	0	0	0	0	0	0	0	9.090909090909092	4.545454545454546	0	0	9.090909090909092	27.272727272727273	0	9.090909090909092	4.545454545454546	0	0	25.0	75.0	100.0	0.0	1.5	50.0	50.0	0
finnish_clean_33.conllu	1	21	21.0	7.105263157894737	0	9.523809523809524	14.285714285714286	0	4.761904761904762	33.333333333333336	0	0	14.285714285714286	9.523809523809524	0	14.285714285714286	0	0.8421052631578947	100.0	0	100.0	100.0	0	0	0	0	0	33.333333333333336	66.66666666666667	0	0	0	0	0	0	0	0	0	0	3.0	100.0	4.333333333333333	0	0	0	33.333333333333336	33.333333333333336	0	33.333333333333336	3.0	7.0	11.0	2.5	11	0	0	0	100.0	0.0	100.0	0.0	0	0	0	14.285714285714286	0	0	0	0	9.523809523809524	4.761904761904762	0	0	0	0	0	9.523809523809524	0	0	0	0	0	0	0	0	14.285714285714286	4.761904761904762	0	0	4.761904761904762	23.80952380952381	0	9.523809523809524	4.761904761904762	0	0	100.0	0.0	0	0	0	0	0	0
finnish_clean_34.conllu	1	16	16.0	7.4	0	6.25	0	12.5	12.5	56.25	0	0	0	6.25	0	6.25	0	0.6666666666666666	0	0	0	0	100.0	0	0	0	0	0	0	0	100.0	100.0	50.0	0	50.0	0	100.0	0	0	1.0	100.0	2.0	0	0	100.0	0	0	0	0	4.0	16.0	10.0	2.357142857142857	10	1.0	1	100.0	100.0	0.0	100.0	0.0	0	0	0	0	0	0	12.5	0	6.25	12.5	0	0	0	0	0	12.5	0	0	0	0	0	12.5	6.25	0	12.5	6.25	0	0	0	6.25	0	6.25	6.25	0	0	100.0	0.0	0	0	0	0	0	0
finnish_clean_35.conllu	1	18	18.0	8.6875	0	0	5.555555555555555	5.555555555555555	5.555555555555555	44.44444444444444	0	0	0	11.11111111111111	5.555555555555555	22.22222222222222	0	0.8125	0	100.0	100.0	50.0	25.0	25.0	0	100.0	0	0	0	0	100.0	100.0	100.0	0	0	0	0	0	100.0	4.0	100.0	3.25	0	0	50.0	0	25.0	25.0	0	4.0	4.5	6.0	1.9333333333333333	6	0	0	0	0.0	100.0	100.0	0.0	0	0	5.555555555555555	5.555555555555555	0	0	5.555555555555555	0	0	5.555555555555555	0	0	0	0	0	5.555555555555555	0	0	0	0	5.555555555555555	0	0	0	5.555555555555555	11.11111111111111	0	0	5.555555555555555	22.22222222222222	0	11.11111111111111	5.555555555555555	5.555555555555555	0	33.333333333333336	66.66666666666667	50.0	50.0	1.0	100.0	0	0
finnish_clean_36.conllu	1	7	7.0	6.285714285714286	14.285714285714286	14.285714285714286	0	14.285714285714286	0	42.857142857142854	14.285714285714286	0	0	0	0	0	0	0.5714285714285714	0	0	0	0	0	0	0	0	0	0	0	0	100.0	100.0	100.0	0	0	0	0	0	100.0	1.0	100.0	0	0	0	0	0	0	0	0	2.0	7.0	3.0	1.6666666666666667	3	0	0	0	0	0	100.0	0.0	0	0	0	0	0	0	0	0	14.285714285714286	0	0	0	0	0	0	0	14.285714285714286	0	0	0	0	0	0	0	14.285714285714286	0	14.285714285714286	14.285714285714286	0	14.285714285714286	0	0	14.285714285714286	0	0	100.0	0.0	0	0	0	0	0	0
finnish_clean_37.conllu	1	13	13.0	11.909090909090908	15.384615384615385	0	7.6923076923076925	0	0	46.15384615384615	0	0	0	15.384615384615385	0	15.384615384615385	0	1.0	0	100.0	100.0	50.0	0	50.0	100.0	0	0	0	0	0	0	0	0	0	0	0	0	0	0	2.0	0.0	2.0	0	50.0	0	50.0	0	0	0	3.0	6.5	5.0	1.8	5	0	0	0	50.0	50.0	0	0	7.6923076923076925	7.6923076923076925	0	7.6923076923076925	15.384615384615385	0	0	0	0	0	0	0	0	0	0	0	0	0	0	0	0	0	0	0	15.384615384615385	0	0	0	15.384615384615385	7.6923076923076925	0	15.384615384615385	7.6923076923076925	0	0	0.0	100.0	50.0	50.0	1.0	100.0	0	0
finnish_clean_38.conllu	1	14	14.0	10.153846153846153	0	0	7.142857142857143	7.142857142857143	7.142857142857143	42.857142857142854	0	0	0	7.142857142857143	0	28.571428571428573	0	0.8461538461538461	0	0	0	0	75.0	25.0	0	0	0	0	0	0	100.0	100.0	100.0	0	0	0	0	0	100.0	5.0	100.0	2.0	0	25.0	50.0	25.0	0	0	0	5.0	2.8	5.0	1.9166666666666667	5	0	0	0	33.333333333333336	66.66666666666667	0.0	100.0	7.142857142857143	0	7.142857142857143	7.142857142857143	0	0	0	0	0	7.142857142857143	0	0	0	0	0	7.142857142857143	7.142857142857143	7.142857142857143	0	0	0	0	7.142857142857143	0	0	0	0	0	14.285714285714286	14.285714285714286	0	7.142857142857143	7.142857142857143	0	0	25.0	75.0	100.0	0.0	1.5	50.0	50.0	0
finnish_clean_39.conllu	1	23	23.0	6.666666666666667	4.3478260869565215	0	17.391304347826086	8.695652173913043	17.391304347826086	17.391304347826086	0	4.3478260869565215	0	21.73913043478261	4.3478260869565215	4.3478260869565215	0	0.5555555555555556	0	0	0	0	100.0	0	0	0	0	0	0	0	100.0	100.0	100.0	0	0	0	0	0	100.0	2.0	100.0	3.0	0	0	0	100.0	0	0	0	3.0	11.5	21.0	4.588235294117647	21	0	0	0	0	0	50.0	50.0	0	0	0	8.695652173913043	0	0	4.3478260869565215	0	0	8.695652173913043	8.695652173913043	0	0	0	0	13.043478260869565	4.3478260869565215	4.3478260869565215	0	0	4.3478260869565215	4.3478260869565215	0	0	4.3478260869565215	4.3478260869565215	0	0	0	0	0	21.73913043478261	4.3478260869565215	4.3478260869565215	0	50.0	50.0	100.0	0.0	1.0	100.0	0	0
finnish_clean_40.conllu	1	13	13.0	9.4	0	0	0	0	7.6923076923076925	53.84615384615385	0	0	0	23.076923076923077	0	15.384615384615385	0	0.9	0	100.0	100.0	50.0	0	50.0	0	100.0	0	0	0	0	0	0	0	0	0	0	0	0	0	2.0	100.0	1.5	0	50.0	50.0	0	0	0	0	4.0	6.5	7.0	3.0	7	0	0	0	100.0	0.0	100.0	0.0	7.6923076923076925	0	0	0	0	0	0	0	0	7.6923076923076925	0	0	0	0	0	23.076923076923077	0	0	0	0	0	0	7.6923076923076925	0	0	15.384615384615385	0	0	0	7.6923076923076925	0	23.076923076923077	7.6923076923076925	0	0	50.0	50.0	100.0	0.0	1.0	100.0	0	0
finnish_clean_41.conllu	1	12	12.0	10.1	16.666666666666668	0	0	8.333333333333334	8.333333333333334	50.0	0	0	0	16.666666666666668	0	0	0	0.8	0	0	0	0	0	0	0	0	0	0	0	0	100.0	100.0	100.0	0	0	0	100.0	0	0	1.0	100.0	0	0	0	0	0	0	0	0	2.0	12.0	6.0	2.0	6	0	0	0	100.0	0.0	100.0	0.0	0	0	0	0	16.666666666666668	0	0	0	0	8.333333333333334	0	0	0	0	0	16.666666666666668	8.333333333333334	0	0	0	0	8.333333333333334	8.333333333333334	0	0	0	8.333333333333334	0	0	0	0	16.666666666666668	8.333333333333334	0	0	100.0	0.0	0	0	0	0	0	0
finnish_clean_42.conllu	1	8	8.0	9.285714285714286	25.0	0	12.5	12.5	0	37.5	0	0	0	12.5	0	0	0	0.8571428571428571	0	0	0	0	0	0	0	0	0	0	0	0	100.0	100.0	100.0	0	0	0	100.0	0	0	1.0	100.0	0	0	0	0	0	0	0	0	2.0	8.0	4.0	1.8333333333333333	4	0	0	0	100.0	0.0	100.0	0.0	0	0	0	12.5	12.5	0	0	0	0	0	0	0	0	0	0	0	12.5	0	0	0	0	0	12.5	0	0	0	12.5	0	0	12.5	0	12.5	12.5	0	0	100.0	0.0	0	0	0	0	0	0
finnish_clean_43.conllu	1	11	11.0	9.4	0	0	18.181818181818183	0	9.090909090909092	54.54545454545455	0	0	0	9.090909090909092	0	9.090909090909092	0	0.9	0	100.0	100.0	100.0	0	0	0	0	0	0	100.0	0	0	0	0	0	0	0	0	0	0	1.0	100.0	2.0	0	0	100.0	0	0	0	0	3.0	11.0	5.0	1.7777777777777777	5	0	0	0	50.0	50.0	100.0	0.0	0	0	0	9.090909090909092	0	0	0	0	0	9.090909090909092	9.090909090909092	0	0	0	0	9.090909090909092	0	0	0	0	0	9.090909090909092	9.090909090909092	0	9.090909090909092	9.090909090909092	0	0	9.090909090909092	0	0	9.090909090909092	9.090909090909092	0	0	100.0	0.0	0	0	0	0	0	0
finnish_clean_44.conllu	1	17	17.0	6.333333333333333	11.764705882352942	0	5.882352941176471	11.764705882352942	0	35.294117647058826	11.764705882352942	5.882352941176471	0	11.764705882352942	0	5.882352941176471	0	0.6666666666666666	100.0	0	100.0	100.0	0	0	0	0	0	0	100.0	0	100.0	100.0	50.0	0	50.0	0	0	0	100.0	2.0	100.0	2.0	0	0	100.0	0	0	0	0	5.0	8.5	6.0	2.2142857142857144	6	0	0	0	0	0	50.0	50.0	0	5.882352941176471	0	5.882352941176471	11.764705882352942	0	5.882352941176471	0	0	0	0	0	0	0	0	0	5.882352941176471	0	0	0	0	0	0	0	11.764705882352942	5.882352941176471	5.882352941176471	11.764705882352942	0	11.764705882352942	0	11.764705882352942	5.882352941176471	0	0	50.0	50.0	100.0	0.0	1.0	100.0	0	0
finnish_clean_45.conllu	1	6	6.0	13.2	0	16.666666666666668	0	0	0	33.333333333333336	0	0	16.666666666666668	16.666666666666668	0	16.666666666666668	0	0.8	100.0	0	100.0	100.0	0	0	100.0	0	0	0	0	0	0	0	0	0	0	0	0	0	0	1.0	100.0	2.0	0	0	100.0	0	0	0	0	2.0	6.0	2.0	1.25	2	0	0	0	100.0	0.0	0	0	0	0	0	0	0	0	0	0	16.666666666666668	0	0	0	0	0	0	0	0	0	0	0	0	0	16.666666666666668	0	0	0	0	0	0	33.333333333333336	0	16.666666666666668	16.666666666666668	0	0	100.0	0.0	0	0	0	0	0	0
finnish_clean_46.conllu	1	23	23.0	6.761904761904762	8.695652173913043	4.3478260869565215	8.695652173913043	4.3478260869565215	0	21.73913043478261	13.043478260869565	8.695652173913043	4.3478260869565215	8.695652173913043	4.3478260869565215	13.043478260869565	0	0.6190476190476191	100.0	0	100.0	33.333333333333336	33.333333333333336	33.333333333333336	0	0	0	0	100.0	0	100.0	100.0	100.0	0	0	0	0	0	100.0	3.0	100.0	2.3333333333333335	0	33.333333333333336	33.333333333333336	0	33.333333333333336	0	0	9.0	7.666666666666667	11.0	2.3	11	0	0	0	0.0	100.0	100.0	0.0	4.3478260869565215	0	0	8.695652173913043	8.695652173913043	0	4.3478260869565215	0	4.3478260869565215	0	0	4.3478260869565215	4.3478260869565215	0	0	0	0	0	4.3478260869565215	0	4.3478260869565215	4.3478260869565215	0	0	4.3478260869565215	8.695652173913043	0	8.695652173913043	8.695652173913043	4.3478260869565215	0	8.695652173913043	4.3478260869565215	0	0	33.333333333333336	66.66666666666667	100.0	0.0	1.0	100.0	0	0
finnish_clean_47.conllu	1	14	14.0	6.333333333333333	14.285714285714286	7.142857142857143	0	7.142857142857143	0	28.571428571428573	0	14.285714285714286	0	14.285714285714286	0	14.285714285714286	0	0.6666666666666666	0	100.0	100.0	50.0	50.0	0	100.0	0	0	0	0	0	100.0	100.0	100.0	0	0	0	0	0	100.0	3.0	100.0	2.0	0	50.0	0	50.0	0	0	0	4.0	4.666666666666667	4.0	1.9090909090909092	4	0	0	0	50.0	50.0	100.0	0.0	0	7.142857142857143	0	0	14.285714285714286	0	0	0	7.142857142857143	0	0	0	0	0	0	0	7.142857142857143	0	0	0	0	0	0	0	7.142857142857143	0	7.142857142857143	0	14.285714285714286	7.142857142857143	0	14.285714285714286	7.142857142857143	0	7.142857142857143	33.333333333333336	66.66666666666667	100.0	0.0	2.0	0	100.0	0
finnish_clean_48.conllu	1	18	18.0	6.666666666666667	5.555555555555555	0	11.11111111111111	5.555555555555555	5.555555555555555	38.888888888888886	0	5.555555555555555	0	16.666666666666668	5.555555555555555	5.555555555555555	0	0.7333333333333333	0	100.0	100.0	100.0	0	0	0	100.0	0	0	0	0	0	0	100.0	0	0	0	0	0	100.0	1.0	0.0	3.0	0	0	0	100.0	0	0	0	3.0	18.0	9.0	2.7142857142857144	9	0	0	0	100.0	0.0	50.0	50.0	0	0	5.555555555555555	11.11111111111111	5.555555555555555	0	5.555555555555555	0	0	5.555555555555555	0	0	0	0	0	5.555555555555555	0	0	0	0	5.555555555555555	0	0	0	11.11111111111111	5.555555555555555	5.555555555555555	0	5.555555555555555	5.555555555555555	0	16.666666666666668	5.555555555555555	0	0	0	0	0	0	0	0	0	0
finnish_clean_49.conllu	1	11	11.0	7.7	0	9.090909090909092	9.090909090909092	9.090909090909092	9.090909090909092	54.54545454545455	0	0	0	9.090909090909092	0	0	0	0.7	0	0	0	0	0	0	0	0	0	0	0	0	100.0	100.0	100.0	0	0	0	0	0	100.0	1.0	100.0	0	0	0	0	0	0	0	0	3.0	11.0	6.0	2.0	6	1.0	1	100.0	0	0	100.0	0.0	0	0	0	9.090909090909092	0	0	0	0	9.090909090909092	9.090909090909092	0	0	0	0	0	9.090909090909092	9.090909090909092	0	0	0	0	18.181818181818183	0	0	9.090909090909092	0	9.090909090909092	0	0	0	0	9.090909090909092	9.090909090909092	0	0	100.0	0.0	0	0	0	0	0	0
finnish_clean_50.conllu	1	9	9.0	9.714285714285714	22.22222222222222	0	11.11111111111111	0	0	22.22222222222222	0	11.11111111111111	0	22.22222222222222	0	11.11111111111111	0	0.8571428571428571	0	100.0	100.0	100.0	0	0	100.0	0	0	0	0	0	0	0	0	0	0	0	0	0	0	1.0	100.0	3.0	0	0	0	100.0	0	0	0	2.0	9.0	6.0	2.6666666666666665	6	0	0	0	100.0	0.0	0	0	0	0	0	11.11111111111111	22.22222222222222	0	0	0	0	0	0	0	0	0	0	0	0	0	0	0	0	0	0	0	11.11111111111111	0	0	0	11.11111111111111	11.11111111111111	0	22.22222222222222	11.11111111111111	0	0	100.0	0.0	0	0	0	0	0	0
finnish_clean_51.conllu	1	13	13.0	9.583333333333334	15.384615384615385	7.6923076923076925	7.6923076923076925	0	7.6923076923076925	46.15384615384615	0	0	0	7.6923076923076925	0	7.6923076923076925	0	0.8333333333333334	100.0	0	100.0	100.0	0	0	0	0	0	0	100.0	0	0	0	0	0	0	0	0	0	0	1.0	100.0	5.0	0	0	0	0	0	100.0	0	3.0	13.0	8.0	2.090909090909091	8	0	0	0	0	0	100.0	0.0	0	0	0	7.6923076923076925	15.384615384615385	0	0	0	7.6923076923076925	7.6923076923076925	0	0	0	0	0	7.6923076923076925	0	0	0	0	0	0	0	0	7.6923076923076925	7.6923076923076925	0	0	0	23.076923076923077	0	7.6923076923076925	7.6923076923076925	0	0	100.0	0.0	0	0	0	0	0	0
finnish_clean_52.conllu	1	12	12.0	7.222222222222222	8.333333333333334	0	8.333333333333334	8.333333333333334	0	25.0	0	8.333333333333334	0	25.0	0	16.666666666666668	0	0.7777777777777778	50.0	50.0	100.0	100.0	0	0	50.0	0	0	0	50.0	0	100.0	100.0	100.0	0	0	0	100.0	0	0	3.0	100.0	1.5	0	50.0	50.0	0	0	0	0	4.0	4.0	9.0	2.75	9	0	0	0	0	0	100.0	0.0	0	8.333333333333334	0	8.333333333333334	8.333333333333334	0	0	0	0	0	0	0	0	0	0	8.333333333333334	8.333333333333334	0	0	0	0	0	0	0	8.333333333333334	0	8.333333333333334	0	0	8.333333333333334	0	25.0	8.333333333333334	0	0	50.0	50.0	0.0	100.0	1.0	100.0	0	0
finnish_clean_53.conllu	1	27	27.0	7.913043478260869	7.407407407407407	0	7.407407407407407	7.407407407407407	3.7037037037037037	33.333333333333336	0	7.407407407407407	3.7037037037037037	14.814814814814815	3.7037037037037037	11.11111111111111	0	0.7391304347826086	100.0	0	100.0	66.66666666666667	0	33.333333333333336	0	0	0	0	100.0	100.0	0	100.0	100.0	0	0	0	50.0	0	50.0	5.0	100.0	3.0	33.333333333333336	0	0	33.333333333333336	0	0	33.333333333333336	6.0	5.4	9.0	2.4545454545454546	9	0	0	0	0.0	100.0	100.0	0.0	3.7037037037037037	3.7037037037037037	3.7037037037037037	7.407407407407407	3.7037037037037037	0	0	0	0	3.7037037037037037	0	0	0	0	0	3.7037037037037037	7.407407407407407	0	0	0	3.7037037037037037	0	0	0	14.814814814814815	7.407407407407407	7.407407407407407	0	3.7037037037037037	7.407407407407407	0	14.814814814814815	3.7037037037037037	0	0	25.0	75.0	100.0	0.0	1.0	100.0	0	0
finnish_clean_54.conllu	1	7	7.0	7.833333333333333	0	0	14.285714285714286	14.285714285714286	0	42.857142857142854	0	0	0	14.285714285714286	0	14.285714285714286	0	0.8333333333333334	0	0	0	0	0	100.0	0	0	0	0	0	0	100.0	100.0	100.0	0	0	0	0	0	100.0	1.0	100.0	4.0	0	0	0	0	100.0	0	0	1.0	7.0	4.0	2.2	4	0	0	0	0.0	100.0	100.0	0.0	0	0	0	14.285714285714286	0	0	14.285714285714286	0	0	0	0	0	0	0	0	0	0	0	0	0	0	0	0	0	0	14.285714285714286	0	0	14.285714285714286	14.285714285714286	0	14.285714285714286	14.285714285714286	0	0	100.0	0.0	0	0	0	0	0	0
finnish_clean_55.conllu	1	8	8.0	8.428571428571429	12.5	0	0	12.5	12.5	50.0	0	0	0	12.5	0	0	0	0.7142857142857143	0	0	0	0	0	0	0	0	0	0	0	0	100.0	100.0	100.0	0	0	0	0	0	100.0	1.0	100.0	0	0	0	0	0	0	0	0	2.0	8.0	4.0	2.0	4	0	0	0	0	0	100.0	0.0	0	0	0	0	12.5	0	0	0	0	12.5	0	0	0	0	0	12.5	12.5	0	0	0	0	0	0	0	12.5	0	12.5	0	0	0	0	12.5	12.5	0	0	100.0	0.0	0	0	0	0	0	0
finnish_clean_56.conllu	1	20	20.0	7.611111111111111	15.0	5.0	10.0	10.0	5.0	30.0	0	5.0	0	10.0	5.0	5.0	0	0.6666666666666666	0	0	0	0	0	100.0	0	0	0	0	0	0	100.0	100.0	100.0	0	0	0	0	0	100.0	2.0	100.0	3.0	0	0	0	100.0	0	0	0	4.0	10.0	12.0	2.764705882352941	12	0	0	0	0	0	50.0	50.0	0	0	5.0	10.0	10.0	0	5.0	0	5.0	5.0	0	0	0	0	0	5.0	5.0	0	5.0	0	5.0	0	0	0	5.0	5.0	5.0	0	0	10.0	0	10.0	5.0	0	0	100.0	0.0	0	0	0	0	0	0
finnish_clean_57.conllu	1	20	20.0	9.625	10.0	0	5.0	0	5.0	40.0	0	5.0	0	20.0	0	15.0	0	0.875	0	100.0	100.0	66.66666666666667	0	33.333333333333336	50.0	50.0	0	0	0	0	0	0	0	0	0	0	0	0	0	3.0	100.0	2.0	0	33.333333333333336	33.333333333333336	33.333333333333336	0	0	0	6.0	6.666666666666667	9.0	2.6	9	0	0	0	0.0	100.0	100.0	0.0	5.0	5.0	0	5.0	10.0	0	0	0	0	5.0	0	0	0	5.0	0	10.0	0	0	0	0	0	0	0	0	5.0	5.0	0	0	10.0	10.0	0	20.0	5.0	0	0	33.333333333333336	66.66666666666667	100.0	0.0	1.0	100.0	0	0
finnish_clean_58.conllu	1	17	17.0	8.333333333333334	5.882352941176471	0	5.882352941176471	5.882352941176471	11.764705882352942	41.1764705882353	0	5.882352941176471	0	11.764705882352942	0	11.764705882352942	0	0.7333333333333333	0	100.0	100.0	50.0	0	50.0	0	100.0	0	0	0	0	100.0	100.0	100.0	0	0	0	0	0	100.0	2.0	100.0	2.5	0	0	50.0	50.0	0	0	0	6.0	8.5	4.0	1.7142857142857142	4	0	0	0	0.0	100.0	66.66666666666667	33.333333333333336	0	5.882352941176471	0	5.882352941176471	5.882352941176471	0	5.882352941176471	0	0	5.882352941176471	5.882352941176471	0	0	0	0	5.882352941176471	0	0	0	0	0	0	0	5.882352941176471	11.764705882352942	11.764705882352942	0	0	5.882352941176471	5.882352941176471	0	11.764705882352942	5.882352941176471	0	0	50.0	50.0	100.0	0.0	1.0	100.0	0	0
finnish_clean_59.conllu	1	41	41.0	7.388888888888889	14.634146341463415	2.4390243902439024	9.75609756097561	4.878048780487805	0	19.51219512195122	0	12.195121951219512	0	12.195121951219512	7.317073170731708	17.073170731707318	0	0.6944444444444444	20.0	80.0	100.0	71.42857142857143	0	28.571428571428573	60.0	40.0	0	0	0	0	0	0	0	0	100.0	0	0	0	0	9.0	100.0	2.857142857142857	0	28.571428571428573	14.285714285714286	28.571428571428573	0	28.571428571428573	0	8.0	4.555555555555555	11.0	2.857142857142857	11	0	0	0	20.0	80.0	75.0	25.0	4.878048780487805	2.4390243902439024	7.317073170731708	9.75609756097561	9.75609756097561	0	0	0	2.4390243902439024	0	0	4.878048780487805	0	0	0	0	4.878048780487805	0	0	0	7.317073170731708	0	0	0	2.4390243902439024	9.75609756097561	0	0	12.195121951219512	4.878048780487805	0	12.195121951219512	2.4390243902439024	2.4390243902439024	0	11.11111111111111	88.88888888888889	100.0	0.0	1.8	60.0	20.0	20.0
finnish_clean_60.conllu	1	22	22.0	7.777777777777778	4.545454545454546	0	4.545454545454546	4.545454545454546	4.545454545454546	36.36363636363637	0	9.090909090909092	0	18.181818181818183	4.545454545454546	13.636363636363637	0	0.7222222222222222	0	100.0	100.0	33.333333333333336	33.333333333333336	33.333333333333336	0	100.0	0	0	0	0	100.0	100.0	100.0	0	0	0	0	0	100.0	3.0	100.0	2.0	0	33.333333333333336	33.333333333333336	33.333333333333336	0	0	0	5.0	7.333333333333333	6.0	2.235294117647059	6	0	0	0	0	0	50.0	50.0	4.545454545454546	0	0	4.545454545454546	4.545454545454546	4.545454545454546	4.545454545454546	0	0	4.545454545454546	0	4.545454545454546	0	0	0	9.090909090909092	0	0	9.090909090909092	0	4.545454545454546	0	0	0	4.545454545454546	9.090909090909092	0	0	0	9.090909090909092	0	18.181818181818183	4.545454545454546	0	0	33.333333333333336	66.66666666666667	100.0	0.0	1.0	100.0	0	0
finnish_clean_61.conllu	1	16	16.0	7.642857142857143	6.25	0	6.25	0	12.5	43.75	0	0	0	12.5	0	18.75	0	0.8571428571428571	0	100.0	100.0	33.333333333333336	33.333333333333336	33.333333333333336	0	0	0	0	100.0	0	0	0	0	0	0	0	0	0	0	3.0	100.0	2.6666666666666665	0	33.333333333333336	0	33.333333333333336	33.333333333333336	0	0	4.0	5.333333333333333	8.0	2.076923076923077	8	0	0	0	0.0	100.0	100.0	0.0	6.25	0	0	6.25	6.25	0	0	0	0	12.5	0	0	0	0	0	12.5	0	0	0	0	0	0	0	0	6.25	18.75	0	0	6.25	6.25	0	12.5	6.25	0	0	50.0	50.0	100.0	0.0	1.0	100.0	0	0
finnish_clean_62.conllu	1	11	11.0	8.6	9.090909090909092	0	9.090909090909092	9.090909090909092	0	54.54545454545455	0	0	0	9.090909090909092	0	9.090909090909092	0	0.9	0	0	0	0	100.0	0	0	0	0	0	0	0	100.0	100.0	100.0	0	0	100.0	0	0	0	1.0	100.0	3.0	0	0	0	100.0	0	0	0	3.0	11.0	6.0	2.2222222222222223	6	0	0	0	50.0	50.0	0	0	0	0	0	9.090909090909092	9.090909090909092	0	9.090909090909092	0	0	0	0	0	0	0	0	0	0	0	0	0	0	9.090909090909092	9.090909090909092	0	9.090909090909092	0	0	0	9.090909090909092	18.181818181818183	0	9.090909090909092	9.090909090909092	0	0	100.0	0.0	0	0	0	0	0	0
finnish_clean_63.conllu	1	14	14.0	7.666666666666667	7.142857142857143	0	0	7.142857142857143	0	50.0	0	7.142857142857143	0	14.285714285714286	0	14.285714285714286	0	0.8333333333333334	0	100.0	100.0	50.0	0	50.0	100.0	0	0	0	0	0	100.0	100.0	100.0	0	0	0	0	0	100.0	3.0	100.0	2.5	0	0	50.0	50.0	0	0	0	3.0	4.666666666666667	6.0	2.3636363636363638	6	0	0	0	100.0	0.0	100.0	0.0	7.142857142857143	7.142857142857143	0	0	7.142857142857143	0	0	0	0	0	0	0	0	0	0	0	7.142857142857143	0	0	0	0	7.142857142857143	0	0	0	0	7.142857142857143	0	7.142857142857143	28.571428571428573	0	14.285714285714286	7.142857142857143	0	0	33.333333333333336	66.66666666666667	50.0	50.0	1.0	100.0	0	0
finnish_clean_64.conllu	1	24	24.0	7.619047619047619	8.333333333333334	0	12.5	0	8.333333333333334	29.166666666666668	0	4.166666666666667	0	12.5	0	20.833333333333332	4.166666666666667	0.8095238095238095	0	100.0	100.0	60.0	20.0	20.0	66.66666666666667	0	0	0	33.333333333333336	0	0	0	0	0	0	0	0	0	0	5.0	100.0	2.6	0	20.0	20.0	40.0	20.0	0	0	4.0	4.8	10.0	2.35	10	0	0	0	66.66666666666667	33.333333333333336	100.0	0.0	4.166666666666667	4.166666666666667	4.166666666666667	12.5	8.333333333333334	0	0	0	0	8.333333333333334	0	0	0	0	0	8.333333333333334	0	0	0	0	0	4.166666666666667	4.166666666666667	0	0	4.166666666666667	0	0	8.333333333333334	12.5	0	12.5	4.166666666666667	0	0	25.0	75.0	66.66666666666667	33.333333333333336	1.0	100.0	0	0
finnish_clean_65.conllu	1	19	19.0	7.705882352941177	10.526315789473685	0	5.2631578947368425	10.526315789473685	0	31.57894736842105	0	5.2631578947368425	0	10.526315789473685	0	26.31578947368421	0	0.8235294117647058	0	0	0	0	0	100.0	0	0	0	0	0	0	100.0	100.0	100.0	0	0	0	0	0	100.0	5.0	100.0	1.8	20.0	40.0	0	20.0	20.0	0	0	6.0	3.8	4.0	1.6875	4	0	0	0	66.66666666666667	33.333333333333336	0	0	15.789473684210526	5.2631578947368425	0	5.2631578947368425	10.526315789473685	0	0	10.526315789473685	0	0	0	0	0	0	0	0	0	0	0	0	0	5.2631578947368425	0	0	0	0	0	0	15.789473684210526	15.789473684210526	0	10.526315789473685	5.2631578947368425	0	0	20.0	80.0	75.0	25.0	1.0	100.0	0	0
finnish_clean_66.conllu	1	12	12.0	8.6	0	0	16.666666666666668	8.333333333333334	0	25.0	0	8.333333333333334	0	16.666666666666668	0	25.0	0	0.8	0	100.0	100.0	33.333333333333336	66.66666666666667	0	100.0	0	0	0	0	0	100.0	100.0	100.0	0	0	100.0	0	0	0	3.0	100.0	2.0	0	33.333333333333336	33.333333333333336	33.333333333333336	0	0	0	3.0	4.0	5.0	2.111111111111111	5	0	0	0	50.0	50.0	0	0	0	8.333333333333334	8.333333333333334	16.666666666666668	0	0	8.333333333333334	0	0	0	0	0	0	0	0	0	0	0	0	0	0	0	0	0	0	0	0	0	33.333333333333336	0	0	16.666666666666668	8.333333333333334	0	0	33.333333333333336	66.66666666666667	50.0	50.0	1.0	100.0	0	0
finnish_clean_67.conllu	1	14	14.0	7.454545454545454	7.142857142857143	0	0	0	7.142857142857143	35.714285714285715	0	7.142857142857143	0	21.428571428571427	7.142857142857143	14.285714285714286	0	0.7272727272727273	0	100.0	100.0	100.0	0	0	100.0	0	0	0	0	0	0	0	0	0	0	0	0	0	0	2.0	100.0	3.0	0	0	0	100.0	0	0	0	3.0	7.0	5.0	2.0	5	0	0	0	50.0	50.0	0	0	0	0	7.142857142857143	0	7.142857142857143	0	0	0	0	7.142857142857143	0	0	0	0	0	14.285714285714286	0	0	0	0	7.142857142857143	0	0	0	0	0	0	0	14.285714285714286	14.285714285714286	0	21.428571428571427	7.142857142857143	0	0	50.0	50.0	0.0	100.0	1.0	100.0	0	0
finnish_clean_68.conllu	1	11	11.0	9.222222222222221	0	0	18.181818181818183	0	9.090909090909092	27.272727272727273	0	0	0	18.181818181818183	0	27.272727272727273	0	0.8888888888888888	0	100.0	100.0	100.0	0	0	100.0	0	0	0	0	0	0	0	0	0	0	0	0	0	0	3.0	100.0	2.0	33.333333333333336	0	33.333333333333336	0	33.333333333333336	0	0	3.0	3.6666666666666665	4.0	1.875	4	0	0	0	0	0	0	0	0	0	0	18.181818181818183	0	0	0	0	0	9.090909090909092	0	0	0	9.090909090909092	0	18.181818181818183	0	0	0	0	0	0	0	0	0	0	0	0	0	18.181818181818183	0	18.181818181818183	9.090909090909092	0	0	100.0	0.0	0	0	0	0	0	0
finnish_clean_69.conllu	1	15	15.0	9.384615384615385	0	6.666666666666667	13.333333333333334	13.333333333333334	0	26.666666666666668	0	0	6.666666666666667	13.333333333333334	6.666666666666667	13.333333333333334	0	0.6923076923076923	0	0	0	0	50.0	50.0	0	0	0	0	0	0	100.0	100.0	100.0	0	0	0	0	0	100.0	3.0	100.0	2.5	0	50.0	0	0	50.0	0	0	3.0	5.0	11.0	2.5	11	0	0	0	0	0	50.0	50.0	6.666666666666667	0	6.666666666666667	13.333333333333334	0	0	6.666666666666667	0	6.666666666666667	0	0	0	0	0	0	0	6.666666666666667	0	0	0	6.666666666666667	0	0	0	0	6.666666666666667	6.666666666666667	0	0	13.333333333333334	0	13.333333333333334	6.666666666666667	0	0	33.333333333333336	66.66666666666667	0.0	100.0	1.0	100.0	0	0
finnish_clean_70.conllu	1	9	9.0	10.375	22.22222222222222	11.11111111111111	0	0	0	55.55555555555556	0	0	0	11.11111111111111	0	0	0	0.875	0	0	0	0	0	0	0	0	0	0	0	0	0	0	0	0	0	0	0	0	0	0.0	0.0	0	0	0	0	0	0	0	0	2.0	0	7.0	3.0	7	1.0	1	100.0	100.0	0.0	100.0	0.0	0	0	0	0	22.22222222222222	0	0	0	11.11111111111111	0	0	0	0	0	0	0	0	0	0	0	0	11.11111111111111	22.22222222222222	0	0	0	11.11111111111111	0	0	0	0	11.11111111111111	11.11111111111111	0	0	0	0	0	0	0	0	0	0
finnish_clean_71.conllu	1	11	11.0	8.6	0	0	0	0	18.181818181818183	63.63636363636363	0	0	0	9.090909090909092	0	9.090909090909092	0	0.8	0	100.0	100.0	100.0	0	0	0	0	0	0	100.0	0	0	0	0	0	0	0	0	0	0	1.0	100.0	3.0	0	0	0	100.0	0	0	0	4.0	11.0	8.0	2.3333333333333335	8	0	0	0	50.0	50.0	100.0	0.0	0	0	0	0	0	0	0	0	0	18.181818181818183	0	0	0	0	0	18.181818181818183	0	0	0	0	0	0	9.090909090909092	0	9.090909090909092	9.090909090909092	0	0	9.090909090909092	9.090909090909092	0	9.090909090909092	9.090909090909092	0	0	100.0	0.0	0	0	0	0	0	0
finnish_clean_72.conllu	1	13	13.0	8.75	7.6923076923076925	0	7.6923076923076925	0	7.6923076923076925	23.076923076923077	0	23.076923076923077	0	7.6923076923076925	0	23.076923076923077	0	0.6666666666666666	0	100.0	100.0	66.66666666666667	33.333333333333336	0	0	100.0	0	0	0	0	0	0	0	0	0	0	0	0	0	3.0	100.0	3.3333333333333335	0	0	33.333333333333336	33.333333333333336	0	33.333333333333336	0	3.0	4.333333333333333	5.0	1.9090909090909092	5	0	0	0	0.0	100.0	100.0	0.0	0	0	7.6923076923076925	7.6923076923076925	7.6923076923076925	0	0	0	0	7.6923076923076925	0	0	0	0	0	7.6923076923076925	0	0	0	0	0	0	0	0	0	7.6923076923076925	0	0	15.384615384615385	23.076923076923077	0	7.6923076923076925	7.6923076923076925	0	0	50.0	50.0	100.0	0.0	1.0	100.0	0	0
finnish_clean_73.conllu	1	10	10.0	8.666666666666666	0	10.0	0	10.0	0	40.0	10.0	0	0	10.0	0	20.0	0	0.6666666666666666	0	0	0	0	0	100.0	0	0	0	0	0	0	100.0	100.0	100.0	0	0	0	0	0	100.0	2.0	100.0	2.0	0	50.0	0	50.0	0	0	0	4.0	5.0	2.0	1.25	2	0	0	0	100.0	0.0	0	0	10.0	0	0	0	0	0	0	10.0	10.0	0	0	0	0	0	0	0	0	0	0	0	0	0	10.0	0	0	0	0	10.0	20.0	10.0	0	10.0	10.0	0	0	50.0	50.0	0.0	100.0	1.0	100.0	0	0
finnish_clean_74.conllu	1	18	18.0	8.6	5.555555555555555	0	16.666666666666668	5.555555555555555	5.555555555555555	22.22222222222222	0	0	11.11111111111111	16.666666666666668	0	16.666666666666668	0	0.8666666666666667	100.0	0	100.0	33.333333333333336	0	66.66666666666667	100.0	0	0	0	0	0	100.0	100.0	100.0	0	0	0	0	0	100.0	3.0	100.0	2.6666666666666665	33.333333333333336	0	0	33.333333333333336	0	33.333333333333336	0	3.0	6.0	12.0	2.5714285714285716	12	0	0	0	50.0	50.0	0	0	5.555555555555555	0	0	16.666666666666668	5.555555555555555	5.555555555555555	0	5.555555555555555	0	5.555555555555555	0	0	0	0	0	11.11111111111111	0	0	0	0	0	0	0	0	0	0	0	0	11.11111111111111	11.11111111111111	0	16.666666666666668	5.555555555555555	0	0	50.0	50.0	100.0	0.0	1.0	100.0	0	0
finnish_clean_75.conllu	1	13	13.0	8.916666666666666	15.384615384615385	0	23.076923076923077	0	7.6923076923076925	23.076923076923077	0	0	0	7.6923076923076925	0	23.076923076923077	0	0.9166666666666666	100.0	0	100.0	66.66666666666667	33.333333333333336	0	100.0	0	0	0	0	0	0	0	0	0	0	0	0	0	0	3.0	100.0	3.0	0	33.333333333333336	0	33.333333333333336	0	33.333333333333336	0	4.0	4.333333333333333	10.0	2.6363636363636362	10	0	0	0	50.0	50.0	0	0	0	0	0	23.076923076923077	15.384615384615385	0	0	0	0	7.6923076923076925	0	0	0	0	0	7.6923076923076925	0	0	0	0	0	0	0	0	0	0	0	0	15.384615384615385	7.6923076923076925	0	7.6923076923076925	7.6923076923076925	7.6923076923076925	0	50.0	50.0	100.0	0.0	1.0	100.0	0	0
finnish_clean_76.conllu	1	19	19.0	8.5625	5.2631578947368425	5.2631578947368425	5.2631578947368425	0	5.2631578947368425	47.36842105263158	0	5.2631578947368425	0	15.789473684210526	0	10.526315789473685	0	0.8125	0	100.0	100.0	100.0	0	0	50.0	50.0	0	0	0	0	0	0	0	0	0	0	0	0	0	2.0	100.0	4.0	0	0	0	0	100.0	0	0	4.0	9.5	8.0	2.3333333333333335	8	0	0	0	0.0	100.0	100.0	0.0	0	5.2631578947368425	0	5.2631578947368425	5.2631578947368425	0	0	0	5.2631578947368425	5.2631578947368425	0	0	0	0	0	10.526315789473685	0	0	0	0	0	5.2631578947368425	0	0	0	5.2631578947368425	0	0	5.2631578947368425	26.31578947368421	0	15.789473684210526	5.2631578947368425	0	0	50.0	50.0	100.0	0.0	1.0	100.0	0	0
finnish_clean_77.conllu	1	10	10.0	8.25	0	0	10.0	10.0	0	30.0	0	10.0	0	20.0	0	20.0	0	0.75	0	100.0	100.0	50.0	0	50.0	0	100.0	0	0	0	0	100.0	100.0	100.0	0	0	0	0	0	100.0	2.0	100.0	3.0	0	0	50.0	0	50.0	0	0	3.0	5.0	4.0	1.7142857142857142	4	0	0	0	100.0	0.0	100.0	0.0	0	10.0	0	10.0	0	0	0	10.0	0	0	0	0	0	0	0	0	0	0	0	0	0	0	0	0	0	10.0	0	0	10.0	10.0	0	20.0	10.0	0	10.0	50.0	50.0	100.0	0.0	1.0	100.0	0	0
finnish_clean_78.conllu	1	10	10.0	9.625	0	0	0	0	0	50.0	0	10.0	0	20.0	0	20.0	0	0.875	0	100.0	100.0	100.0	0	0	50.0	50.0	0	0	0	0	0	0	0	0	0	0	0	0	0	2.0	100.0	2.0	0	0	100.0	0	0	0	0	4.0	5.0	3.0	1.4285714285714286	3	0	0	0	0.0	100.0	100.0	0.0	0	10.0	0	0	0	0	0	0	0	0	0	0	0	0	0	0	0	0	0	0	0	0	0	0	20.0	10.0	0	0	10.0	20.0	0	20.0	10.0	0	0	50.0	50.0	100.0	0.0	1.0	100.0	0	0
finnish_clean_79.conllu	1	17	17.0	7.357142857142857	0	0	11.764705882352942	0	5.882352941176471	23.529411764705884	0	5.882352941176471	0	17.647058823529413	5.882352941176471	29.41176470588235	0	0.7857142857142857	0	100.0	100.0	60.0	20.0	20.0	0	33.333333333333336	0	0	66.66666666666667	0	0	0	0	0	0	0	0	0	0	5.0	100.0	2.4	20.0	0	20.0	40.0	20.0	0	0	3.0	3.4	8.0	2.076923076923077	8	0	0	0	0.0	100.0	100.0	0.0	0	0	11.764705882352942	11.764705882352942	0	0	0	0	0	5.882352941176471	0	0	0	0	0	5.882352941176471	0	0	5.882352941176471	0	5.882352941176471	0	0	0	0	17.647058823529413	0	0	5.882352941176471	0	0	17.647058823529413	5.882352941176471	5.882352941176471	0	25.0	75.0	100.0	0.0	1.5	50.0	50.0	0
finnish_clean_80.conllu	1	11	11.0	9.5	9.090909090909092	9.090909090909092	0	9.090909090909092	0	54.54545454545455	0	0	0	9.090909090909092	0	9.090909090909092	0	0.8	0	0	0	0	0	100.0	0	0	0	0	0	0	100.0	100.0	100.0	0	0	0	0	0	100.0	2.0	100.0	1.0	0	100.0	0	0	0	0	0	5.0	5.5	4.0	1.6666666666666667	4	0	0	0	0	0	0.0	100.0	9.090909090909092	0	0	0	9.090909090909092	0	0	0	9.090909090909092	0	0	0	0	0	0	0	9.090909090909092	0	0	0	0	9.090909090909092	0	0	9.090909090909092	0	9.090909090909092	0	0	18.181818181818183	0	9.090909090909092	9.090909090909092	0	0	50.0	50.0	100.0	0.0	1.0	100.0	0	0
finnish_clean_81.conllu	1	12	12.0	8.0	8.333333333333334	0	41.666666666666664	8.333333333333334	0	25.0	0	0	0	8.333333333333334	0	8.333333333333334	0	0.9090909090909091	0	0	0	0	0	100.0	0	0	0	0	0	0	100.0	100.0	100.0	0	0	0	0	0	100.0	1.0	100.0	5.0	0	0	0	0	0	100.0	0	3.0	12.0	7.0	2.3	7	0	0	0	100.0	0.0	100.0	0.0	0	0	0	41.666666666666664	8.333333333333334	0	8.333333333333334	0	0	0	0	0	0	0	0	0	0	0	0	0	0	0	0	0	0	8.333333333333334	0	0	8.333333333333334	8.333333333333334	0	8.333333333333334	8.333333333333334	0	0	100.0	0.0	0	0	0	0	0	0
finnish_clean_82.conllu	1	14	14.0	6.416666666666667	0	0	0	7.142857142857143	14.285714285714286	35.714285714285715	0	14.285714285714286	0	14.285714285714286	0	14.285714285714286	0	0.5833333333333334	0	100.0	100.0	100.0	0	0	0	0	0	0	100.0	0	100.0	100.0	100.0	0	0	0	0	0	100.0	3.0	100.0	2.5	0	0	50.0	50.0	0	0	0	4.0	4.666666666666667	5.0	1.8181818181818181	5	0	0	0	0.0	100.0	100.0	0.0	0	7.142857142857143	0	0	0	0	0	0	0	14.285714285714286	0	0	0	0	0	14.285714285714286	7.142857142857143	0	0	0	0	0	0	0	7.142857142857143	7.142857142857143	7.142857142857143	0	7.142857142857143	7.142857142857143	0	14.285714285714286	7.142857142857143	0	0	50.0	50.0	100.0	0.0	1.0	100.0	0	0
finnish_clean_83.conllu	1	16	16.0	8.285714285714286	0	6.25	18.75	0	6.25	31.25	0	6.25	0	12.5	0	18.75	0	0.7857142857142857	100.0	0	100.0	66.66666666666667	33.333333333333336	0	100.0	0	0	0	0	0	0	0	0	0	0	0	0	0	0	3.0	100.0	3.3333333333333335	0	33.333333333333336	0	0	33.333333333333336	33.333333333333336	0	4.0	5.333333333333333	8.0	2.076923076923077	8	0	0	0	100.0	0.0	0	0	0	0	0	12.5	0	0	0	0	6.25	6.25	0	0	0	0	0	6.25	0	0	0	6.25	0	0	0	0	0	0	0	0	12.5	25.0	0	12.5	6.25	6.25	0	50.0	50.0	100.0	0.0	1.0	100.0	0	0
finnish_clean_84.conllu	1	9	9.0	8.125	0	11.11111111111111	0	0	0	55.55555555555556	0	0	11.11111111111111	11.11111111111111	0	11.11111111111111	0	0.875	100.0	0	100.0	100.0	0	0	0	0	0	0	100.0	0	0	0	0	0	0	0	0	0	0	1.0	100.0	4.0	0	0	0	0	100.0	0	0	2.0	9.0	6.0	2.2857142857142856	6	0	0	0	50.0	50.0	100.0	0.0	0	0	0	0	0	0	0	0	11.11111111111111	0	0	0	0	0	0	0	0	0	0	0	0	0	11.11111111111111	0	11.11111111111111	11.11111111111111	0	0	11.11111111111111	22.22222222222222	0	11.11111111111111	11.11111111111111	0	0	100.0	0.0	0	0	0	0	0	0
finnish_clean_85.conllu	1	8	8.0	9.142857142857142	0	0	12.5	0	12.5	37.5	0	0	0	12.5	0	25.0	0	0.8571428571428571	100.0	0	100.0	100.0	0	0	0	50.0	0	0	50.0	0	0	0	0	0	0	0	0	0	0	2.0	100.0	2.5	0	0	50.0	50.0	0	0	0	3.0	4.0	5.0	2.0	5	0	0	0	0	0	50.0	50.0	0	0	0	12.5	0	0	0	0	0	12.5	0	0	0	0	0	12.5	0	0	0	0	0	0	0	0	12.5	25.0	0	0	0	0	0	12.5	12.5	0	0	100.0	0.0	0	0	0	0	0	0
finnish_clean_86.conllu	1	24	24.0	6.318181818181818	12.5	4.166666666666667	4.166666666666667	12.5	4.166666666666667	33.333333333333336	12.5	4.166666666666667	0	8.333333333333334	0	4.166666666666667	0	0.5909090909090909	0	0	0	0	0	100.0	0	0	0	0	0	0	100.0	100.0	100.0	0	0	0	0	0	100.0	3.0	100.0	5.0	0	0	0	0	0	100.0	0	5.0	8.0	7.0	2.238095238095238	7	0	0	0	100.0	0.0	50.0	50.0	0	4.166666666666667	0	4.166666666666667	12.5	0	0	4.166666666666667	4.166666666666667	4.166666666666667	0	0	0	0	0	4.166666666666667	8.333333333333334	0	0	0	0	4.166666666666667	0	0	4.166666666666667	0	8.333333333333334	8.333333333333334	4.166666666666667	12.5	0	8.333333333333334	4.166666666666667	0	0	50.0	50.0	100.0	0.0	1.0	100.0	0	0
finnish_clean_87.conllu	1	9	9.0	7.0	11.11111111111111	0	0	22.22222222222222	0	22.22222222222222	0	11.11111111111111	11.11111111111111	22.22222222222222	0	0	0	0.5714285714285714	0	0	0	0	0	0	0	0	0	0	0	0	100.0	100.0	100.0	0	0	0	0	0	100.0	1.0	0.0	0	0	0	0	0	0	0	0	2.0	9.0	4.0	1.8333333333333333	4	0	0	0	0	0	100.0	0.0	0	11.11111111111111	0	0	11.11111111111111	0	0	0	0	0	0	0	0	0	0	0	22.22222222222222	0	0	0	0	0	0	0	0	0	22.22222222222222	0	0	0	0	22.22222222222222	11.11111111111111	0	0	0.0	100.0	100.0	0.0	1.0	100.0	0	0
finnish_clean_88.conllu	1	9	9.0	8.0	0	0	11.11111111111111	11.11111111111111	11.11111111111111	33.333333333333336	0	0	0	11.11111111111111	0	22.22222222222222	0	0.75	0	0	0	0	100.0	0	0	0	0	0	0	0	100.0	100.0	100.0	0	0	0	100.0	0	0	2.0	100.0	2.5	0	0	50.0	50.0	0	0	0	3.0	4.5	3.0	1.7142857142857142	3	0	0	0	0	0	100.0	0.0	0	0	0	11.11111111111111	0	0	11.11111111111111	0	0	11.11111111111111	0	0	0	0	0	11.11111111111111	0	0	0	0	0	0	0	0	11.11111111111111	11.11111111111111	0	0	0	11.11111111111111	0	11.11111111111111	11.11111111111111	0	0	100.0	0.0	0	0	0	0	0	0
finnish_clean_89.conllu	1	6	6.0	11.2	0	0	16.666666666666668	0	0	33.333333333333336	0	16.666666666666668	0	16.666666666666668	0	16.666666666666668	0	0.8	0	100.0	100.0	100.0	0	0	100.0	0	0	0	0	0	0	0	0	0	0	0	0	0	0	1.0	100.0	3.0	0	0	0	100.0	0	0	0	2.0	6.0	2.0	1.5	2	0	0	0	0	0	0	0	0	0	0	16.666666666666668	0	0	0	0	0	0	0	0	0	0	0	0	0	0	0	0	0	0	0	0	16.666666666666668	0	0	0	0	33.333333333333336	0	16.666666666666668	16.666666666666668	0	0	100.0	0.0	0	0	0	0	0	0
finnish_clean_90.conllu	1	20	20.0	7.235294117647059	10.0	0	15.0	10.0	0	30.0	0	10.0	0	15.0	5.0	5.0	0	0.7058823529411765	0	0	0	0	0	100.0	0	0	0	0	0	50.0	50.0	100.0	100.0	0	0	0	100.0	0	0	3.0	100.0	3.0	0	0	0	100.0	0	0	0	4.0	6.666666666666667	5.0	2.375	5	0	0	0	50.0	50.0	100.0	0.0	0	5.0	5.0	15.0	0	0	0	0	0	0	0	0	0	0	0	0	10.0	0	0	0	5.0	0	0	0	15.0	0	10.0	0	10.0	5.0	0	15.0	5.0	0	0	33.333333333333336	66.66666666666667	100.0	0.0	1.0	100.0	0	0
finnish_clean_91.conllu	1	14	14.0	7.769230769230769	7.142857142857143	0	0	7.142857142857143	0	42.857142857142854	7.142857142857143	14.285714285714286	7.142857142857143	7.142857142857143	0	7.142857142857143	0	0.6923076923076923	0	0	0	0	0	100.0	0	0	0	0	0	0	100.0	100.0	100.0	0	0	0	0	0	100.0	2.0	100.0	1.0	0	100.0	0	0	0	0	0	4.0	7.0	9.0	2.3333333333333335	9	0	0	0	0	0	0.0	100.0	7.142857142857143	0	0	0	7.142857142857143	0	0	0	0	0	0	0	0	0	0	0	7.142857142857143	0	14.285714285714286	0	0	7.142857142857143	0	0	14.285714285714286	0	7.142857142857143	7.142857142857143	0	14.285714285714286	0	7.142857142857143	7.142857142857143	0	0	50.0	50.0	100.0	0.0	1.0	100.0	0	0
finnish_clean_92.conllu	1	10	10.0	6.666666666666667	10.0	0	0	10.0	10.0	40.0	0	0	20.0	10.0	0	0	0	0.7777777777777778	0	0	0	0	0	0	0	0	0	0	0	0	100.0	100.0	100.0	0	0	0	100.0	0	0	1.0	100.0	0	0	0	0	0	0	0	0	4.0	10.0	3.0	1.875	3	0	0	0	0	0	100.0	0.0	0	0	0	0	10.0	0	0	0	0	10.0	0	0	0	0	0	10.0	10.0	0	0	0	0	10.0	0	0	20.0	0	10.0	0	0	0	0	10.0	10.0	0	0	100.0	0.0	0	0	0	0	0	0
finnish_clean_93.conllu	1	11	11.0	7.0	54.54545454545455	0	0	9.090909090909092	9.090909090909092	0	0	0	0	27.272727272727273	0	0	0	0.75	0	0	0	0	0	0	0	0	0	0	0	0	100.0	100.0	100.0	0	0	0	100.0	0	0	1.0	100.0	0	0	0	0	0	0	0	0	2.0	11.0	6.0	2.4285714285714284	6	0	0	0	0	0	100.0	0.0	0	0	0	0	9.090909090909092	0	0	0	0	9.090909090909092	0	0	0	0	0	27.272727272727273	9.090909090909092	0	0	0	0	0	0	0	0	0	9.090909090909092	0	0	0	0	27.272727272727273	9.090909090909092	0	0	100.0	0.0	0	0	0	0	0	0
finnish_clean_94.conllu	1	18	18.0	7.8125	11.11111111111111	0	5.555555555555555	16.666666666666668	5.555555555555555	38.888888888888886	0	5.555555555555555	0	11.11111111111111	5.555555555555555	0	0	0.625	0	0	0	0	0	0	0	0	0	0	0	0	100.0	100.0	66.66666666666667	33.333333333333336	0	0	0	0	100.0	3.0	100.0	0	0	0	0	0	0	0	0	3.0	6.0	11.0	2.3333333333333335	11	0	0	0	0	0	0.0	100.0	0	0	5.555555555555555	5.555555555555555	11.11111111111111	0	0	0	0	5.555555555555555	0	0	0	0	0	5.555555555555555	16.666666666666668	0	5.555555555555555	0	5.555555555555555	0	0	0	5.555555555555555	5.555555555555555	5.555555555555555	0	0	0	0	11.11111111111111	5.555555555555555	0	5.555555555555555	33.333333333333336	66.66666666666667	100.0	0.0	2.0	0	100.0	0
finnish_clean_95.conllu	1	13	13.0	10.0	7.6923076923076925	0	0	7.6923076923076925	7.6923076923076925	53.84615384615385	0	0	0	7.6923076923076925	0	15.384615384615385	0	0.8333333333333334	0	0	0	0	0	100.0	0	0	0	0	0	0	100.0	100.0	100.0	0	0	0	0	0	100.0	3.0	100.0	1.0	0	100.0	0	0	0	0	0	7.0	4.333333333333333	10.0	2.909090909090909	10	0	0	0	0	0	100.0	0.0	15.384615384615385	0	0	0	7.6923076923076925	0	0	0	0	7.6923076923076925	0	0	0	0	0	7.6923076923076925	7.6923076923076925	0	0	0	0	0	0	0	15.384615384615385	7.6923076923076925	7.6923076923076925	0	0	7.6923076923076925	0	7.6923076923076925	7.6923076923076925	0	0	33.333333333333336	66.66666666666667	0.0	100.0	1.0	100.0	0	0
finnish_clean_96.conllu	1	16	16.0	9.416666666666666	0	0	0	0	12.5	56.25	0	0	0	25.0	0	6.25	0	0.8333333333333334	0	100.0	100.0	100.0	0	0	0	0	0	0	100.0	0	0	0	0	0	0	0	0	0	0	1.0	100.0	2.0	0	0	100.0	0	0	0	0	3.0	16.0	11.0	3.5454545454545454	11	0	0	0	100.0	0.0	0.0	100.0	0	0	0	0	0	0	0	0	0	12.5	0	0	0	0	0	31.25	0	0	0	0	0	0	12.5	0	0	6.25	0	0	0	6.25	0	25.0	6.25	0	0	100.0	0.0	0	0	0	0	0	0
finnish_clean_97.conllu	1	25	25.0	7.619047619047619	8.0	4.0	4.0	8.0	12.0	32.0	0	0	0	16.0	0	16.0	0	0.7142857142857143	0	100.0	100.0	75.0	0	25.0	0	0	0	0	100.0	0	100.0	100.0	50.0	0	50.0	0	0	0	100.0	5.0	100.0	3.0	0	0	50.0	25.0	0	25.0	0	4.0	5.0	11.0	2.35	11	0	0	0	50.0	50.0	100.0	0.0	0	0	0	4.0	0	0	0	0	4.0	12.0	0	4.0	0	0	0	12.0	8.0	0	0	0	0	0	4.0	0	4.0	8.0	4.0	0	4.0	8.0	0	16.0	4.0	0	4.0	33.333333333333336	66.66666666666667	100.0	0.0	1.0	100.0	0	0
finnish_clean_98.conllu	1	17	17.0	9.5625	0	5.882352941176471	11.764705882352942	5.882352941176471	0	47.05882352941177	0	0	0	5.882352941176471	0	23.529411764705884	0	0.875	0	0	0	0	25.0	75.0	0	0	0	0	0	0	100.0	100.0	100.0	0	0	0	0	0	100.0	4.0	100.0	0.5	66.66666666666667	0	33.333333333333336	0	0	0	0	3.0	4.25	8.0	2.4	8	0	0	0	0.0	100.0	100.0	0.0	5.882352941176471	0	5.882352941176471	11.764705882352942	0	0	5.882352941176471	0	5.882352941176471	0	0	0	0	0	0	0	0	0	0	0	0	0	0	0	11.764705882352942	5.882352941176471	0	0	5.882352941176471	23.529411764705884	0	5.882352941176471	5.882352941176471	0	5.882352941176471	25.0	75.0	66.66666666666667	33.333333333333336	1.0	100.0	0	0
finnish_clean_99.conllu	1	17	17.0	9.866666666666667	11.764705882352942	0	11.764705882352942	5.882352941176471	0	23.529411764705884	0	11.764705882352942	0	11.764705882352942	5.882352941176471	17.647058823529413	0	0.7333333333333333	0	100.0	100.0	33.333333333333336	66.66666666666667	0	0	0	0	0	100.0	0	0	0	100.0	0	0	0	0	0	100.0	3.0	100.0	2.3333333333333335	0	33.333333333333336	0	66.66666666666667	0	0	0	3.0	5.666666666666667	10.0	2.7142857142857144	10	0	0	0	50.0	50.0	100.0	0.0	0	0	11.764705882352942	11.764705882352942	11.764705882352942	0	5.882352941176471	0	0	0	0	0	0	0	0	0	0	0	11.764705882352942	0	5.882352941176471	0	0	0	0	5.882352941176471	0	0	11.764705882352942	0	0	11.764705882352942	5.882352941176471	5.882352941176471	0	33.333333333333336	66.66666666666667	100.0	0.0	2.0	0	100.0	0
finnish_clean_100.conllu	1	21	21.0	7.166666666666667	0	4.761904761904762	0	0	14.285714285714286	33.333333333333336	0	14.285714285714286	0	14.285714285714286	0	19.047619047619047	0	0.6111111111111112	0	100.0	100.0	25.0	75.0	0	0	0	0	0	100.0	0	0	0	0	0	0	0	0	0	0	4.0	100.0	2.5	0	0	75.0	0	25.0	0	0	5.0	5.25	15.0	3.176470588235294	15	0	0	0	0.0	100.0	100.0	0.0	0	0	4.761904761904762	0	0	0	0	0	4.761904761904762	14.285714285714286	0	0	0	0	0	19.047619047619047	0	0	0	0	0	0	0	0	4.761904761904762	4.761904761904762	0	0	9.523809523809524	14.285714285714286	0	14.285714285714286	4.761904761904762	4.761904761904762	0	33.333333333333336	66.66666666666667	100.0	0.0	2.0	0	100.0	0
finnish_clean_101.conllu	1	17	17.0	9.538461538461538	11.764705882352942	0	11.764705882352942	0	0	35.294117647058826	0	5.882352941176471	0	23.529411764705884	0	11.764705882352942	0	0.9230769230769231	0	100.0	100.0	100.0	0	0	50.0	0	0	0	50.0	0	0	0	0	0	0	0	0	0	0	2.0	100.0	3.0	0	0	50.0	0	50.0	0	0	4.0	8.5	10.0	2.75	10	0	0	0	50.0	50.0	100.0	0.0	0	5.882352941176471	0	11.764705882352942	11.764705882352942	0	0	0	0	0	0	0	0	0	0	0	0	0	0	0	0	0	0	0	17.647058823529413	5.882352941176471	0	0	11.764705882352942	5.882352941176471	0	23.529411764705884	5.882352941176471	0	0	50.0	50.0	100.0	0.0	1.0	100.0	0	0
finnish_clean_102.conllu	1	13	13.0	8.25	15.384615384615385	0	15.384615384615385	0	0	30.76923076923077	15.384615384615385	7.6923076923076925	0	7.6923076923076925	0	7.6923076923076925	0	0.75	0	100.0	100.0	100.0	0	0	0	0	0	0	100.0	0	0	0	0	0	0	0	0	0	0	1.0	100.0	4.0	0	0	0	0	100.0	0	0	3.0	13.0	7.0	2.090909090909091	7	0	0	0	0.0	100.0	100.0	0.0	0	0	0	15.384615384615385	15.384615384615385	0	0	0	0	0	0	0	0	0	0	0	0	0	7.6923076923076925	0	0	0	0	0	0	7.6923076923076925	0	15.384615384615385	7.6923076923076925	15.384615384615385	0	7.6923076923076925	7.6923076923076925	0	0	100.0	0.0	0	0	0	0	0	0
finnish_clean_103.conllu	1	15	15.0	8.076923076923077	13.333333333333334	0	6.666666666666667	6.666666666666667	6.666666666666667	33.333333333333336	0	6.666666666666667	0	13.333333333333334	0	13.333333333333334	0	0.7692307692307693	0	100.0	100.0	50.0	0	50.0	100.0	0	0	0	0	0	100.0	100.0	100.0	0	0	0	0	0	100.0	3.0	0.0	2.0	0	50.0	0	50.0	0	0	0	3.0	5.0	5.0	2.0833333333333335	5	0	0	0	100.0	0.0	100.0	0.0	6.666666666666667	6.666666666666667	0	6.666666666666667	6.666666666666667	0	0	0	0	6.666666666666667	0	0	0	0	0	6.666666666666667	6.666666666666667	0	0	0	0	0	0	0	6.666666666666667	0	6.666666666666667	0	6.666666666666667	13.333333333333334	0	13.333333333333334	6.666666666666667	0	0	0.0	100.0	33.333333333333336	66.66666666666667	1.0	100.0	0	0
finnish_clean_104.conllu	1	12	12.0	9.1	0	0	0	0	8.333333333333334	58.333333333333336	0	8.333333333333334	0	16.666666666666668	0	8.333333333333334	0	0.8	0	100.0	100.0	100.0	0	0	0	100.0	0	0	0	0	0	0	0	0	0	0	0	0	0	1.0	100.0	3.0	0	0	0	100.0	0	0	0	4.0	12.0	8.0	3.3333333333333335	8	0	0	0	0	0	100.0	0.0	0	0	0	0	0	0	0	0	0	8.333333333333334	0	0	0	0	0	16.666666666666668	0	0	8.333333333333334	0	0	0	0	0	16.666666666666668	8.333333333333334	0	0	0	16.666666666666668	0	16.666666666666668	8.333333333333334	0	0	100.0	0.0	0	0	0	0	0	0
finnish_clean_105.conllu	1	16	16.0	9.666666666666666	0	6.25	6.25	0	6.25	37.5	0	6.25	0	25.0	0	12.5	0	0.75	0	100.0	100.0	100.0	0	0	50.0	0	0	0	50.0	0	0	0	0	0	0	0	0	0	0	2.0	100.0	2.0	0	0	100.0	0	0	0	0	5.0	8.0	4.0	1.9090909090909092	4	0	0	0	0.0	100.0	0	0	0	0	0	6.25	0	6.25	0	0	6.25	6.25	0	0	0	0	0	18.75	0	0	6.25	0	0	0	0	0	0	0	0	0	6.25	12.5	0	25.0	6.25	0	0	100.0	0.0	0	0	0	0	0	0
finnish_clean_106.conllu	1	17	17.0	8.733333333333333	0	0	0	5.882352941176471	5.882352941176471	58.8235294117647	0	5.882352941176471	0	11.764705882352942	0	11.764705882352942	0	0.8	0	100.0	100.0	50.0	0	50.0	100.0	0	0	0	0	0	100.0	100.0	100.0	0	0	0	0	0	100.0	3.0	100.0	1.5	0	50.0	50.0	0	0	0	0	5.0	5.666666666666667	6.0	2.0	6	0	0	0	0.0	100.0	100.0	0.0	5.882352941176471	5.882352941176471	0	0	0	0	0	0	0	5.882352941176471	0	0	0	0	0	5.882352941176471	5.882352941176471	0	0	0	0	5.882352941176471	0	0	17.647058823529413	5.882352941176471	11.764705882352942	0	5.882352941176471	5.882352941176471	0	11.764705882352942	5.882352941176471	0	0	33.333333333333336	66.66666666666667	100.0	0.0	1.0	100.0	0	0
finnish_clean_107.conllu	1	16	16.0	7.0	18.75	6.25	6.25	6.25	6.25	31.25	0	6.25	0	12.5	6.25	0	0	0.6428571428571429	0	0	0	0	0	0	0	0	0	0	0	0	100.0	100.0	100.0	0	0	0	100.0	0	0	1.0	100.0	0	0	0	0	0	0	0	0	4.0	16.0	8.0	2.923076923076923	8	1.0	1	100.0	0	0	100.0	0.0	0	0	6.25	0	6.25	0	0	0	6.25	6.25	0	0	0	0	0	6.25	6.25	0	6.25	6.25	6.25	6.25	0	0	6.25	0	6.25	0	0	6.25	0	12.5	6.25	0	0	100.0	0.0	0	0	0	0	0	0
finnish_clean_108.conllu	1	9	9.0	9.125	11.11111111111111	0	0	0	0	55.55555555555556	0	0	11.11111111111111	11.11111111111111	0	11.11111111111111	0	1.0	100.0	0	100.0	100.0	0	0	0	0	0	0	100.0	0	0	0	0	0	0	0	0	0	0	1.0	100.0	6.0	0	0	0	0	0	0	100.0	2.0	9.0	6.0	2.5714285714285716	6	0	0	0	0.0	100.0	100.0	0.0	0	0	0	0	0	0	0	0	0	0	0	0	0	0	0	0	0	0	0	0	0	0	0	0	11.11111111111111	11.11111111111111	0	0	11.11111111111111	44.44444444444444	0	11.11111111111111	11.11111111111111	0	0	100.0	0.0	0	0	0	0	0	0
finnish_clean_109.conllu	1	22	22.0	6.65	18.181818181818183	9.090909090909092	0	9.090909090909092	9.090909090909092	36.36363636363637	0	0	0	9.090909090909092	0	9.090909090909092	0	0.7	0	0	0	0	100.0	0	0	0	0	0	0	100.0	0	100.0	100.0	0	0	0	50.0	0	50.0	3.0	100.0	2.5	0	0	50.0	50.0	0	0	0	5.0	7.333333333333333	7.0	2.1052631578947367	7	0	0	0	0.0	100.0	100.0	0.0	0	0	4.545454545454546	0	13.636363636363637	0	4.545454545454546	0	9.090909090909092	9.090909090909092	0	0	0	0	0	9.090909090909092	4.545454545454546	0	0	0	0	0	0	0	4.545454545454546	0	4.545454545454546	0	4.545454545454546	18.181818181818183	0	9.090909090909092	4.545454545454546	0	0	33.333333333333336	66.66666666666667	0.0	100.0	1.0	100.0	0	0
finnish_clean_110.conllu	1	18	18.0	8.625	5.555555555555555	5.555555555555555	5.555555555555555	0	5.555555555555555	50.0	0	0	0	11.11111111111111	5.555555555555555	11.11111111111111	0	0.8125	100.0	0	100.0	100.0	0	0	0	50.0	0	0	50.0	0	0	0	0	0	0	0	0	0	0	2.0	100.0	4.0	0	0	0	0	100.0	0	0	4.0	9.0	8.0	2.2	8	0	0	0	0	0	100.0	0.0	0	0	5.555555555555555	0	5.555555555555555	0	0	0	5.555555555555555	5.555555555555555	0	0	0	0	5.555555555555555	5.555555555555555	0	0	0	0	5.555555555555555	0	0	0	16.666666666666668	11.11111111111111	0	0	0	16.666666666666668	0	11.11111111111111	5.555555555555555	0	0	50.0	50.0	100.0	0.0	1.0	100.0	0	0