Filename	n_sentences	n_tokens	tokens_per_sent	char_per_tok	upos_dist_ADJ	upos_dist_ADP	upos_dist_ADV	upos_dist_AUX	upos_dist_CCONJ	upos_dist_DET	upos_dist_NOUN	upos_dist_NUM	upos_dist_PRON	upos_dist_PROPN	upos_dist_PUNCT	upos_dist_VERB	lexical_density	verbs_tense_dist_Fut	verbs_tense_dist_Past	verbs_tense_dist_Pres	verbs_mood_dist_Cnd	verbs_mood_dist_Gen	verbs_mood_dist_Ind	verbs_mood_dist_Pot	verbs_form_dist_Conv	verbs_form_dist_Part	verbs_form_dist_Vnoun	aux_tense_dist_Past	aux_tense_dist_Pres	aux_mood_dist_Gen	aux_mood_dist_Ind	aux_form_dist_Conv	verbal_head_per_sent	verbal_root_perc	avg_verb_edges	verb_edges_dist_0	verb_edges_dist_1	verb_edges_dist_2	verb_edges_dist_3	verb_edges_dist_4	verb_edges_dist_5	verb_edges_dist_6	avg_max_depth	avg_token_per_clause	avg_max_links_len	avg_links_len	max_links_len	avg_prepositional_chain_len	n_prepositional_chains	prep_dist_1	prep_dist_2	obj_pre	obj_post	subj_pre	subj_post	dep_dist_acl	dep_dist_advmod	dep_dist_advmod:emph	dep_dist_amod	dep_dist_case	dep_dist_cc	dep_dist_compound	dep_dist_compound:lvc	dep_dist_conj	dep_dist_cop	dep_dist_det	dep_dist_discourse	dep_dist_flat	dep_dist_mark	dep_dist_nmod	dep_dist_nmod:poss	dep_dist_nsubj	dep_dist_nummod	dep_dist_obj	dep_dist_obl	dep_dist_punct	dep_dist_root	principal_proposition_dist	subordinate_proposition_dist	subordinate_post	subordinate_pre	avg_subordinate_chain_len	subordinate_dist_1	subordinate_dist_2	subordinate_dist_3
turkish_clean_1.conllu	1	13	13.0	6.7272727272727275	7.6923076923076925	0	0	7.6923076923076925	15.384615384615385	0	38.46153846153846	0	0	15.384615384615385	15.384615384615385	0	0.7272727272727273	0	0	0	0	0	0	0	0	0	0	0	100.0	100.0	0	0	1.0	100.0	0	0	0	0	0	0	0	0	3.0	13.0	4.0	1.9	4	0	0	0	0	0	0	0	0	0	0	0	7.6923076923076925	0	15.384615384615385	0	0	15.384615384615385	7.6923076923076925	0	0	7.6923076923076925	0	0	15.384615384615385	0	0	0	7.6923076923076925	15.384615384615385	7.6923076923076925	100.0	0.0	0	0	0	0	0	0
turkish_clean_2.conllu	1	22	22.0	4.8	22.727272727272727	4.545454545454546	4.545454545454546	4.545454545454546	13.636363636363637	4.545454545454546	18.181818181818183	9.090909090909092	4.545454545454546	0	9.090909090909092	4.545454545454546	0.55	0	0	100.0	0	0	100.0	0	0	0	0	0	100.0	100.0	0	0	2.0	100.0	4.0	0	0	0	0	100.0	0	0	4.0	11.0	15.0	3.0	15	0	0	0	0	0	0	100.0	0.0	0	4.545454545454546	0	18.181818181818183	4.545454545454546	13.636363636363637	0	0	9.090909090909092	4.545454545454546	9.090909090909092	0	0	0	0	4.545454545454546	9.090909090909092	4.545454545454546	0	4.545454545454546	9.090909090909092	4.545454545454546	100.0	0.0	0	0	0	0	0	0
turkish_clean_3.conllu	1	14	14.0	6.833333333333333	0	0	0	0	21.428571428571427	0	42.857142857142854	0	0	0	14.285714285714286	21.428571428571427	0.75	0	33.333333333333336	66.66666666666667	0	0	100.0	0	0	0	100.0	0	0	0	0	0	3.0	0.0	1.0	33.333333333333336	33.333333333333336	33.333333333333336	0	0	0	0	4.0	4.666666666666667	12.0	4.636363636363637	12	0	0	0	0	100.0	0.0	0	0	7.142857142857143	0	0	0	0	21.428571428571427	0	0	35.714285714285715	0	0	0	0	0	0	7.142857142857143	0	0	7.142857142857143	0	14.285714285714286	7.142857142857143	0.0	100.0	100.0	0.0	1.0	100.0	0	0
turkish_clean_4.conllu	1	12	12.0	6.0	16.666666666666668	0	0	8.333333333333334	8.333333333333334	0	50.0	0	8.333333333333334	0	8.333333333333334	0	0.7272727272727273	0	0	0	0	0	0	0	0	0	0	100.0	0	0	100.0	0	1.0	100.0	0	0	0	0	0	0	0	0	4.0	12.0	7.0	1.9	7	0	0	0	0	100.0	0.0	0	0	0	0	0	8.333333333333334	0	8.333333333333334	0	0	8.333333333333334	8.333333333333334	0	0	0	0	8.333333333333334	16.666666666666668	0	0	8.333333333333334	16.666666666666668	8.333333333333334	8.333333333333334	100.0	0.0	0	0	0	0	0	0
turkish_clean_5.conllu	1	15	15.0	6.846153846153846	6.666666666666667	6.666666666666667	0	0	13.333333333333334	6.666666666666667	40.0	0	0	0	13.333333333333334	13.333333333333334	0.6923076923076923	0	50.0	50.0	0	0	100.0	0	0	0	100.0	0	0	0	0	0	2.0	100.0	1.5	0	50.0	50.0	0	0	0	0	6.0	7.5	12.0	2.3333333333333335	12	0	0	0	0	0	0	0	0	0	0	6.666666666666667	6.666666666666667	6.666666666666667	6.666666666666667	6.666666666666667	0	0	0	6.666666666666667	0	0	0	0	26.666666666666668	0	0	0	13.333333333333334	13.333333333333334	6.666666666666667	50.0	50.0	0.0	100.0	1.0	100.0	0	0
turkish_clean_6.conllu	1	24	24.0	6.684210526315789	8.333333333333334	4.166666666666667	0	0	8.333333333333334	0	41.666666666666664	8.333333333333334	0	0	20.833333333333332	8.333333333333334	0.7368421052631579	0	50.0	50.0	0	0	100.0	0	0	0	100.0	0	0	0	0	0	2.0	100.0	3.0	50.0	0	0	0	0	0	50.0	5.0	12.0	10.0	3.111111111111111	10	0	0	0	0	0	0	0	0	0	0	0	8.333333333333334	4.166666666666667	4.166666666666667	0	4.166666666666667	8.333333333333334	0	8.333333333333334	0	0	0	8.333333333333334	8.333333333333334	0	0	0	20.833333333333332	20.833333333333332	4.166666666666667	50.0	50.0	0.0	100.0	1.0	100.0	0	0
turkish_clean_7.conllu	1	20	20.0	6.117647058823529	5.0	0	0	0	15.0	5.0	40.0	0	5.0	5.0	15.0	10.0	0.7058823529411765	0	50.0	50.0	0	0	100.0	0	0	100.0	0	0	0	0	0	0	2.0	0.0	0.5	50.0	50.0	0	0	0	0	0	4.0	10.0	17.0	4.0625	17	0	0	0	0	0	0	0	0	5.0	0	0	5.0	0	15.0	5.0	5.0	20.0	0	5.0	0	5.0	0	5.0	5.0	0	0	0	5.0	15.0	5.0	0.0	100.0	50.0	50.0	1.0	100.0	0	0
turkish_clean_8.conllu	1	19	19.0	5.764705882352941	15.789473684210526	5.2631578947368425	15.789473684210526	5.2631578947368425	5.2631578947368425	0	21.05263157894737	5.2631578947368425	5.2631578947368425	0	10.526315789473685	10.526315789473685	0.7058823529411765	0	100.0	0	0	0	100.0	0	0	100.0	0	100.0	0	0	100.0	0	3.0	100.0	2.0	50.0	0	0	0	50.0	0	0	4.0	6.333333333333333	11.0	2.625	11	0	0	0	0	100.0	0.0	100.0	0.0	0	10.526315789473685	0	15.789473684210526	5.2631578947368425	5.2631578947368425	0	5.2631578947368425	5.2631578947368425	5.2631578947368425	5.2631578947368425	0	0	0	5.2631578947368425	0	5.2631578947368425	0	5.2631578947368425	10.526315789473685	10.526315789473685	5.2631578947368425	50.0	50.0	0.0	100.0	1.0	100.0	0	0
turkish_clean_9.conllu	1	20	20.0	5.411764705882353	20.0	5.0	0	0	15.0	0	35.0	0	0	0	15.0	10.0	0.7647058823529411	0	50.0	50.0	0	0	100.0	0	0	100.0	0	0	0	0	0	0	2.0	0.0	0.0	100.0	0	0	0	0	0	0	5.0	10.0	12.0	3.5	12	0	0	0	0	100.0	0.0	0	0	0	0	0	10.0	5.0	15.0	5.0	5.0	25.0	0	0	0	0	0	5.0	5.0	0	0	5.0	0	15.0	5.0	0.0	100.0	50.0	50.0	1.0	100.0	0	0
turkish_clean_10.conllu	1	19	19.0	6.25	15.789473684210526	15.789473684210526	5.2631578947368425	5.2631578947368425	5.2631578947368425	0	21.05263157894737	0	5.2631578947368425	5.2631578947368425	15.789473684210526	5.2631578947368425	0.625	0	100.0	0	0	0	100.0	0	0	100.0	0	100.0	0	0	100.0	0	2.0	100.0	1.0	0	100.0	0	0	0	0	0	6.0	9.5	8.0	2.1333333333333333	8	0	0	0	0	100.0	0.0	100.0	0.0	5.2631578947368425	0	0	15.789473684210526	15.789473684210526	0	0	0	5.2631578947368425	5.2631578947368425	0	0	0	5.2631578947368425	5.2631578947368425	5.2631578947368425	5.2631578947368425	0	5.2631578947368425	5.2631578947368425	15.789473684210526	5.2631578947368425	50.0	50.0	0.0	100.0	1.0	100.0	0	0
turkish_clean_11.conllu	1	15	15.0	5.615384615384615	6.666666666666667	0	13.333333333333334	6.666666666666667	6.666666666666667	0	40.0	6.666666666666667	0	0	13.333333333333334	6.666666666666667	0.7692307692307693	0	0	100.0	0	0	100.0	0	0	100.0	0	0	100.0	100.0	0	0	2.0	100.0	1.0	0	100.0	0	0	0	0	0	6.0	7.5	11.0	2.1666666666666665	11	0	0	0	0	0	0	100.0	0.0	6.666666666666667	13.333333333333334	0	6.666666666666667	0	6.666666666666667	0	0	6.666666666666667	6.666666666666667	6.666666666666667	0	0	0	0	13.333333333333334	6.666666666666667	0	0	6.666666666666667	13.333333333333334	6.666666666666667	50.0	50.0	0.0	100.0	1.0	100.0	0	0
turkish_clean_12.conllu	1	27	27.0	5.5	18.51851851851852	0	0	0	11.11111111111111	3.7037037037037037	33.333333333333336	3.7037037037037037	3.7037037037037037	0	11.11111111111111	14.814814814814815	0.75	0	25.0	75.0	0	0	100.0	0	0	33.333333333333336	66.66666666666667	0	0	0	0	0	4.0	0.0	0.5	50.0	50.0	0	0	0	0	0	6.0	6.75	13.0	3.217391304347826	13	0	0	0	0	100.0	0.0	0	0	3.7037037037037037	0	0	11.11111111111111	0	11.11111111111111	7.407407407407407	0	14.814814814814815	0	3.7037037037037037	0	0	0	7.407407407407407	7.407407407407407	0	3.7037037037037037	3.7037037037037037	11.11111111111111	11.11111111111111	3.7037037037037037	0.0	100.0	33.333333333333336	66.66666666666667	1.0	100.0	0	0
turkish_clean_13.conllu	1	18	18.0	8.0	0	0	0	0	0	0	55.55555555555556	5.555555555555555	5.555555555555555	0	11.11111111111111	22.22222222222222	0.875	0	25.0	75.0	0	25.0	75.0	0	33.333333333333336	33.333333333333336	33.333333333333336	0	0	0	0	0	4.0	100.0	1.5	25.0	25.0	25.0	25.0	0	0	0	5.0	4.5	15.0	2.533333333333333	15	0	0	0	0	100.0	0.0	100.0	0.0	0	0	0	0	0	0	0	5.555555555555555	0	0	5.555555555555555	0	0	0	27.77777777777778	16.666666666666668	11.11111111111111	0	5.555555555555555	11.11111111111111	11.11111111111111	5.555555555555555	25.0	75.0	0.0	100.0	1.5	50.0	50.0	0
turkish_clean_14.conllu	1	15	15.0	6.416666666666667	0	6.666666666666667	0	0	13.333333333333334	0	26.666666666666668	0	0	0	20.0	33.333333333333336	0.75	0	0	100.0	0	0	100.0	0	0	0	100.0	0	0	0	0	0	5.0	100.0	0.4	60.0	40.0	0	0	0	0	0	4.0	3.0	7.0	2.6363636363636362	7	0	0	0	0	100.0	0.0	0	0	0	0	0	0	6.666666666666667	6.666666666666667	0	13.333333333333334	13.333333333333334	0	0	0	0	0	13.333333333333334	0	0	0	6.666666666666667	13.333333333333334	20.0	6.666666666666667	25.0	75.0	0.0	100.0	1.0	100.0	0	0
turkish_clean_15.conllu	1	27	27.0	6.24	11.11111111111111	7.407407407407407	0	0	7.407407407407407	7.407407407407407	44.44444444444444	0	0	3.7037037037037037	7.407407407407407	11.11111111111111	0.76	0	0	100.0	0	0	100.0	0	0	50.0	50.0	0	0	0	0	0	3.0	100.0	1.3333333333333333	33.333333333333336	0	66.66666666666667	0	0	0	0	9.0	9.0	13.0	3.0416666666666665	13	1.0	2	100.0	0	100.0	0.0	100.0	0.0	0	0	0	11.11111111111111	7.407407407407407	7.407407407407407	3.7037037037037037	3.7037037037037037	14.814814814814815	0	7.407407407407407	0	0	0	14.814814814814815	7.407407407407407	7.407407407407407	0	3.7037037037037037	0	7.407407407407407	3.7037037037037037	33.333333333333336	66.66666666666667	0.0	100.0	1.0	100.0	0	0
turkish_clean_16.conllu	1	16	16.0	6.2	12.5	6.25	0	0	0	6.25	43.75	6.25	0	0	6.25	18.75	0.8	0	33.333333333333336	66.66666666666667	0	0	100.0	0	0	0	100.0	0	0	0	0	0	3.0	100.0	1.6666666666666667	33.333333333333336	0	33.333333333333336	33.333333333333336	0	0	0	6.0	5.333333333333333	8.0	1.8571428571428572	8	1.0	1	100.0	0	100.0	0.0	0	0	0	0	0	12.5	6.25	0	0	6.25	0	0	12.5	0	0	0	12.5	12.5	0	0	12.5	12.5	6.25	6.25	33.333333333333336	66.66666666666667	0.0	100.0	1.0	100.0	0	0
turkish_clean_17.conllu	1	31	31.0	7.285714285714286	3.225806451612903	6.451612903225806	3.225806451612903	3.225806451612903	3.225806451612903	3.225806451612903	41.935483870967744	0	3.225806451612903	3.225806451612903	9.67741935483871	19.35483870967742	0.7857142857142857	0	16.666666666666668	83.33333333333333	16.666666666666668	0	83.33333333333333	0	20.0	20.0	60.0	0	100.0	100.0	0	0	6.0	100.0	1.8333333333333333	50.0	0	16.666666666666668	16.666666666666668	0	0	16.666666666666668	5.0	5.166666666666667	21.0	3.5925925925925926	21	0	0	0	0	100.0	0.0	100.0	0.0	0	3.225806451612903	0	3.225806451612903	6.451612903225806	0	9.67741935483871	3.225806451612903	0	3.225806451612903	3.225806451612903	0	0	0	19.35483870967742	12.903225806451612	6.451612903225806	0	3.225806451612903	12.903225806451612	9.67741935483871	3.225806451612903	16.666666666666668	83.33333333333333	0.0	100.0	1.0	100.0	0	0
turkish_clean_18.conllu	1	17	17.0	8.4	11.764705882352942	0	0	5.882352941176471	0	0	52.94117647058823	0	0	0	11.764705882352942	17.647058823529413	0.9333333333333333	0	33.333333333333336	66.66666666666667	0	0	100.0	0	0	33.333333333333336	66.66666666666667	0	100.0	100.0	0	0	3.0	100.0	2.0	0	66.66666666666667	0	0	33.333333333333336	0	0	9.0	5.666666666666667	14.0	2.857142857142857	14	0	0	0	0	100.0	0.0	0	0	5.882352941176471	0	0	11.764705882352942	0	0	5.882352941176471	0	0	5.882352941176471	0	0	0	0	5.882352941176471	17.647058823529413	0	0	5.882352941176471	23.529411764705884	11.764705882352942	5.882352941176471	33.333333333333336	66.66666666666667	0.0	100.0	1.0	100.0	0	0
turkish_clean_19.conllu	1	11	11.0	8.7	9.090909090909092	9.090909090909092	0	0	0	0	54.54545454545455	0	0	0	9.090909090909092	18.181818181818183	0.9	0	0	100.0	0	0	100.0	0	0	100.0	0	0	0	0	0	0	2.0	100.0	1.5	0	50.0	50.0	0	0	0	0	7.0	5.5	3.0	1.3333333333333333	3	0	0	0	0	100.0	0.0	0	0	9.090909090909092	0	0	9.090909090909092	9.090909090909092	0	9.090909090909092	0	0	0	0	0	0	0	0	27.272727272727273	0	0	9.090909090909092	9.090909090909092	9.090909090909092	9.090909090909092	50.0	50.0	0.0	100.0	1.0	100.0	0	0
turkish_clean_20.conllu	1	28	28.0	7.423076923076923	21.428571428571427	3.5714285714285716	0	0	7.142857142857143	3.5714285714285716	42.857142857142854	3.5714285714285716	0	0	7.142857142857143	10.714285714285714	0.8076923076923077	0	66.66666666666667	33.333333333333336	0	33.333333333333336	66.66666666666667	0	0	50.0	50.0	0	0	0	0	0	3.0	100.0	1.3333333333333333	0	66.66666666666667	33.333333333333336	0	0	0	0	8.0	9.333333333333334	17.0	2.6	17	0	0	0	0	100.0	0.0	0	0	3.5714285714285716	0	3.5714285714285716	17.857142857142858	3.5714285714285716	3.5714285714285716	0	0	0	0	10.714285714285714	0	0	0	10.714285714285714	21.428571428571427	0	0	3.5714285714285716	10.714285714285714	7.142857142857143	3.5714285714285716	33.333333333333336	66.66666666666667	0.0	100.0	1.0	100.0	0	0
turkish_clean_21.conllu	1	22	22.0	6.947368421052632	4.545454545454546	9.090909090909092	9.090909090909092	0	4.545454545454546	0	31.818181818181817	0	4.545454545454546	0	13.636363636363637	22.727272727272727	0.7894736842105263	0	20.0	80.0	0	0	100.0	0	0	50.0	50.0	0	0	0	0	0	5.0	100.0	1.6	20.0	20.0	40.0	20.0	0	0	0	5.0	4.4	19.0	3.7222222222222223	19	1.0	1	100.0	0	100.0	0.0	0	0	4.545454545454546	9.090909090909092	0	4.545454545454546	9.090909090909092	4.545454545454546	4.545454545454546	0	9.090909090909092	0	0	0	0	0	9.090909090909092	4.545454545454546	0	0	4.545454545454546	18.181818181818183	13.636363636363637	4.545454545454546	20.0	80.0	0.0	100.0	1.3333333333333333	66.66666666666667	33.333333333333336	0
turkish_clean_22.conllu	1	20	20.0	5.9375	20.0	10.0	5.0	0	0	0	25.0	5.0	5.0	0	20.0	10.0	0.75	0	0	100.0	0	0	100.0	0	0	0	100.0	0	0	0	0	0	3.0	100.0	2.0	50.0	0	0	0	50.0	0	0	4.0	6.666666666666667	6.0	2.3333333333333335	6	1.0	1	100.0	0	0	0	100.0	0.0	0	0	0	15.0	10.0	0	0	0	10.0	5.0	5.0	0	0	0	10.0	0	5.0	0	0	15.0	20.0	5.0	50.0	50.0	0.0	100.0	1.0	100.0	0	0
turkish_clean_23.conllu	1	27	27.0	7.125	18.51851851851852	7.407407407407407	3.7037037037037037	0	3.7037037037037037	0	48.148148148148145	3.7037037037037037	0	0	11.11111111111111	3.7037037037037037	0.8333333333333334	0	100.0	0	0	0	100.0	0	0	0	0	0	0	0	0	0	1.0	100.0	4.0	0	0	0	0	100.0	0	0	5.0	27.0	20.0	3.4782608695652173	20	0	0	0	0	100.0	0.0	0	0	0	3.7037037037037037	0	14.814814814814815	7.407407407407407	3.7037037037037037	0	0	7.407407407407407	0	0	0	7.407407407407407	0	3.7037037037037037	18.51851851851852	0	0	3.7037037037037037	14.814814814814815	11.11111111111111	3.7037037037037037	100.0	0.0	0	0	0	0	0	0
turkish_clean_24.conllu	1	16	16.0	7.0	6.25	0	0	0	6.25	0	50.0	12.5	0	0	12.5	12.5	0.7857142857142857	0	0	100.0	0	0	100.0	0	0	0	100.0	0	0	0	0	0	2.0	100.0	2.0	0	0	100.0	0	0	0	0	3.0	8.0	12.0	2.6153846153846154	12	0	0	0	0	100.0	0.0	0	0	0	0	0	6.25	0	6.25	0	0	12.5	0	0	0	0	0	6.25	12.5	0	12.5	18.75	6.25	12.5	6.25	50.0	50.0	0.0	100.0	1.0	100.0	0	0
turkish_clean_25.conllu	1	24	24.0	6.7727272727272725	8.333333333333334	8.333333333333334	0	4.166666666666667	4.166666666666667	4.166666666666667	50.0	0	0	0	8.333333333333334	12.5	0.7727272727272727	0	0	100.0	0	0	100.0	0	0	33.333333333333336	66.66666666666667	0	100.0	100.0	0	0	3.0	100.0	1.0	33.333333333333336	33.333333333333336	33.333333333333336	0	0	0	0	7.0	8.0	11.0	2.4285714285714284	11	1.0	2	100.0	0	100.0	0.0	0	0	0	0	0	8.333333333333334	8.333333333333334	4.166666666666667	8.333333333333334	0	4.166666666666667	4.166666666666667	4.166666666666667	0	0	0	20.833333333333332	20.833333333333332	0	0	4.166666666666667	0	8.333333333333334	4.166666666666667	33.333333333333336	66.66666666666667	0.0	100.0	1.0	100.0	0	0
turkish_clean_26.conllu	1	17	17.0	7.866666666666666	23.529411764705884	0	11.764705882352942	0	0	0	41.1764705882353	0	0	0	11.764705882352942	11.764705882352942	1.0	0	0	100.0	0	0	100.0	0	0	100.0	0	0	0	0	0	0	2.0	100.0	2.5	0	0	50.0	50.0	0	0	0	6.0	8.5	6.0	1.8571428571428572	6	0	0	0	0	100.0	0.0	0	0	5.882352941176471	11.764705882352942	0	11.764705882352942	0	0	0	0	0	0	0	0	0	0	5.882352941176471	29.41176470588235	0	0	11.764705882352942	5.882352941176471	11.764705882352942	5.882352941176471	50.0	50.0	0.0	100.0	1.0	100.0	0	0
turkish_clean_27.conllu	1	23	23.0	5.904761904761905	13.043478260869565	4.3478260869565215	0	0	17.391304347826086	0	21.73913043478261	4.3478260869565215	0	21.73913043478261	8.695652173913043	8.695652173913043	0.7142857142857143	0	50.0	50.0	0	0	100.0	0	0	100.0	0	0	0	0	0	0	2.0	100.0	1.5	0	50.0	50.0	0	0	0	0	8.0	11.5	7.0	2.05	7	0	0	0	0	0	0	0	0	4.3478260869565215	0	0	17.391304347826086	4.3478260869565215	13.043478260869565	0	0	8.695652173913043	0	0	0	8.695652173913043	0	4.3478260869565215	13.043478260869565	0	0	0	13.043478260869565	8.695652173913043	4.3478260869565215	50.0	50.0	0.0	100.0	1.0	100.0	0	0
turkish_clean_28.conllu	1	20	20.0	6.947368421052632	5.0	10.0	10.0	5.0	0	5.0	30.0	0	10.0	5.0	5.0	15.0	0.6842105263157895	0	0	100.0	0	0	100.0	0	0	66.66666666666667	33.333333333333336	0	100.0	100.0	0	0	4.0	100.0	2.0	0	33.333333333333336	33.333333333333336	33.333333333333336	0	0	0	10.0	5.0	4.0	1.5	4	1.0	1	100.0	0	100.0	0.0	100.0	0.0	10.0	10.0	0	5.0	10.0	0	0	0	0	5.0	5.0	0	0	0	5.0	20.0	5.0	0	5.0	10.0	5.0	5.0	25.0	75.0	0.0	100.0	1.5	50.0	50.0	0
turkish_clean_29.conllu	1	19	19.0	4.875	0	5.2631578947368425	0	5.2631578947368425	5.2631578947368425	5.2631578947368425	31.57894736842105	10.526315789473685	5.2631578947368425	5.2631578947368425	15.789473684210526	10.526315789473685	0.5625	0	50.0	50.0	0	0	100.0	0	0	100.0	0	100.0	0	0	100.0	0	3.0	100.0	1.5	0	50.0	50.0	0	0	0	0	6.0	6.333333333333333	15.0	3.4	15	1.0	1	100.0	0	0	0	0	0	10.526315789473685	0	5.2631578947368425	0	5.2631578947368425	0	0	0	5.2631578947368425	5.2631578947368425	5.2631578947368425	0	0	0	10.526315789473685	10.526315789473685	0	10.526315789473685	0	10.526315789473685	15.789473684210526	5.2631578947368425	33.333333333333336	66.66666666666667	0.0	100.0	2.0	0	100.0	0
turkish_clean_30.conllu	1	17	17.0	5.8	5.882352941176471	5.882352941176471	0	0	5.882352941176471	0	35.294117647058826	11.764705882352942	0	5.882352941176471	11.764705882352942	17.647058823529413	0.7333333333333333	0	33.333333333333336	66.66666666666667	0	0	100.0	0	0	100.0	0	0	0	0	0	0	3.0	100.0	1.0	0	100.0	0	0	0	0	0	7.0	5.666666666666667	8.0	2.2857142857142856	8	0	0	0	0	100.0	0.0	0	0	5.882352941176471	0	0	5.882352941176471	5.882352941176471	5.882352941176471	0	0	11.764705882352942	0	11.764705882352942	0	0	0	5.882352941176471	11.764705882352942	0	0	5.882352941176471	11.764705882352942	11.764705882352942	5.882352941176471	50.0	50.0	0.0	100.0	1.0	100.0	0	0
turkish_clean_31.conllu	1	21	21.0	5.842105263157895	9.523809523809524	9.523809523809524	4.761904761904762	0	4.761904761904762	0	38.095238095238095	4.761904761904762	0	4.761904761904762	9.523809523809524	14.285714285714286	0.7894736842105263	0	33.333333333333336	66.66666666666667	0	33.333333333333336	66.66666666666667	0	0	0	100.0	0	0	0	0	0	3.0	100.0	1.0	66.66666666666667	0	0	33.333333333333336	0	0	0	6.0	7.0	12.0	3.4444444444444446	12	1.0	1	100.0	0	100.0	0.0	0	0	0	4.761904761904762	0	9.523809523809524	9.523809523809524	4.761904761904762	4.761904761904762	0	9.523809523809524	0	4.761904761904762	0	0	0	9.523809523809524	14.285714285714286	0	0	4.761904761904762	9.523809523809524	9.523809523809524	4.761904761904762	33.333333333333336	66.66666666666667	0.0	100.0	1.0	100.0	0	0
turkish_clean_32.conllu	1	22	22.0	7.857142857142857	9.090909090909092	4.545454545454546	4.545454545454546	0	9.090909090909092	0	40.90909090909091	4.545454545454546	0	9.090909090909092	4.545454545454546	13.636363636363637	0.8095238095238095	0	66.66666666666667	33.333333333333336	0	0	66.66666666666667	33.333333333333336	0	100.0	0	0	0	0	0	0	3.0	0.0	2.3333333333333335	0	33.333333333333336	33.333333333333336	0	33.333333333333336	0	0	6.0	7.333333333333333	8.0	2.35	8	0	0	0	0	100.0	0.0	0	0	9.090909090909092	4.545454545454546	0	4.545454545454546	4.545454545454546	9.090909090909092	4.545454545454546	0	4.545454545454546	0	0	0	0	0	13.636363636363637	13.636363636363637	0	4.545454545454546	9.090909090909092	9.090909090909092	4.545454545454546	4.545454545454546	0.0	100.0	0.0	100.0	2.0	0	100.0	0
turkish_clean_33.conllu	1	16	16.0	7.0	18.75	0	0	0	6.25	0	43.75	0	0	0	6.25	25.0	0.9333333333333333	0	25.0	75.0	0	25.0	75.0	0	0	66.66666666666667	33.333333333333336	0	0	0	0	0	4.0	100.0	1.25	25.0	25.0	50.0	0	0	0	0	6.0	4.0	6.0	2.357142857142857	6	0	0	0	0	100.0	0.0	0	0	6.25	0	0	12.5	0	6.25	0	6.25	6.25	0	0	0	0	0	6.25	12.5	0	0	18.75	12.5	6.25	6.25	33.333333333333336	66.66666666666667	0.0	100.0	1.0	100.0	0	0
turkish_clean_34.conllu	1	22	22.0	6.523809523809524	13.636363636363637	9.090909090909092	0	0	13.636363636363637	0	40.90909090909091	0	4.545454545454546	0	4.545454545454546	13.636363636363637	0.7142857142857143	0	33.333333333333336	66.66666666666667	0	0	100.0	0	0	50.0	50.0	0	0	0	0	0	3.0	100.0	3.0	0	0	33.333333333333336	33.333333333333336	33.333333333333336	0	0	6.0	7.333333333333333	20.0	3.25	20	1.0	2	100.0	0	100.0	0.0	0	0	4.545454545454546	0	4.545454545454546	13.636363636363637	9.090909090909092	4.545454545454546	0	0	4.545454545454546	0	0	0	0	0	22.727272727272727	13.636363636363637	0	0	4.545454545454546	9.090909090909092	4.545454545454546	4.545454545454546	33.333333333333336	66.66666666666667	0.0	100.0	2.0	0	100.0	0
turkish_clean_35.conllu	1	25	25.0	6.375	20.0	8.0	4.0	0	8.0	0	28.0	4.0	0	4.0	4.0	20.0	0.7916666666666666	0	40.0	60.0	20.0	0	80.0	0	0	75.0	25.0	0	0	0	0	0	5.0	0.0	2.2	20.0	0	40.0	20.0	20.0	0	0	9.0	5.0	6.0	2.0	6	1.0	1	100.0	0	100.0	0.0	100.0	0.0	0	4.0	4.0	12.0	8.0	4.0	0	4.0	4.0	0	4.0	0	0	0	16.0	12.0	4.0	0	16.0	0	4.0	4.0	0.0	100.0	0.0	100.0	1.3333333333333333	66.66666666666667	33.333333333333336	0
turkish_clean_36.conllu	1	17	17.0	6.4	0	5.882352941176471	0	0	0	0	35.294117647058826	5.882352941176471	0	17.647058823529413	11.764705882352942	23.529411764705884	0.8666666666666667	0	50.0	50.0	0	25.0	75.0	0	0	100.0	0	0	0	0	0	0	4.0	100.0	1.75	0	25.0	75.0	0	0	0	0	6.0	4.25	13.0	2.5	13	0	0	0	0	100.0	0.0	0	0	11.764705882352942	0	0	0	5.882352941176471	0	0	0	5.882352941176471	0	0	0	11.764705882352942	0	11.764705882352942	5.882352941176471	0	5.882352941176471	5.882352941176471	17.647058823529413	11.764705882352942	5.882352941176471	33.333333333333336	66.66666666666667	100.0	0.0	1.0	100.0	0	0
turkish_clean_37.conllu	1	32	32.0	6.064516129032258	3.125	9.375	3.125	0	6.25	3.125	43.75	3.125	0	0	3.125	25.0	0.7741935483870968	0	25.0	75.0	0	0	100.0	0	0	50.0	50.0	0	0	0	0	0	8.0	100.0	1.5	37.5	12.5	25.0	12.5	12.5	0	0	9.0	4.0	12.0	2.4	12	1.0	2	100.0	0	100.0	0.0	100.0	0.0	6.25	3.125	0	3.125	9.375	3.125	0	3.125	6.25	0	6.25	0	0	0	18.75	9.375	3.125	0	12.5	9.375	3.125	3.125	16.666666666666668	83.33333333333333	60.0	40.0	1.0	100.0	0	0
turkish_clean_38.conllu	1	25	25.0	6.304347826086956	8.0	12.0	0	0	4.0	4.0	40.0	4.0	0	0	8.0	20.0	0.7391304347826086	20.0	20.0	60.0	0	0	100.0	0	0	100.0	0	0	0	0	0	0	5.0	100.0	1.4	20.0	40.0	20.0	20.0	0	0	0	10.0	5.0	6.0	1.8636363636363635	6	0	0	0	0	0	0	100.0	0.0	12.0	0	0	8.0	12.0	4.0	0	0	4.0	0	8.0	0	0	0	4.0	16.0	4.0	0	0	16.0	8.0	4.0	20.0	80.0	0.0	100.0	1.3333333333333333	66.66666666666667	33.333333333333336	0
turkish_clean_39.conllu	1	20	20.0	5.529411764705882	5.0	10.0	0	0	5.0	10.0	40.0	0	0	10.0	15.0	5.0	0.7058823529411765	0	100.0	0	0	0	100.0	0	0	0	0	0	0	0	0	0	1.0	100.0	3.0	0	0	0	100.0	0	0	0	5.0	20.0	11.0	3.0625	11	1.0	1	100.0	0	100.0	0.0	100.0	0.0	0	0	0	5.0	10.0	0	0	0	0	0	10.0	0	5.0	0	25.0	5.0	5.0	0	10.0	5.0	15.0	5.0	100.0	0.0	0	0	0	0	0	0
turkish_clean_40.conllu	1	24	24.0	7.190476190476191	8.333333333333334	8.333333333333334	0	0	4.166666666666667	4.166666666666667	45.833333333333336	0	0	0	12.5	16.666666666666668	0.8095238095238095	25.0	0	75.0	0	0	100.0	0	50.0	0	50.0	0	0	0	0	0	4.0	100.0	2.25	0	25.0	25.0	50.0	0	0	0	5.0	6.0	17.0	3.5	17	1.0	1	100.0	0	100.0	0.0	100.0	0.0	0	0	0	8.333333333333334	8.333333333333334	0	4.166666666666667	0	4.166666666666667	0	4.166666666666667	0	0	0	16.666666666666668	16.666666666666668	4.166666666666667	0	8.333333333333334	8.333333333333334	12.5	4.166666666666667	33.333333333333336	66.66666666666667	100.0	0.0	1.0	100.0	0	0
turkish_clean_41.conllu	1	22	22.0	6.4375	4.545454545454546	0	0	9.090909090909092	9.090909090909092	0	36.36363636363637	0	4.545454545454546	0	27.272727272727273	9.090909090909092	0.6875	0	0	100.0	0	0	100.0	0	0	0	100.0	0	100.0	100.0	0	0	3.0	100.0	0.5	50.0	50.0	0	0	0	0	0	3.0	7.333333333333333	14.0	4.6	14	0	0	0	0	0	0	0	0	0	0	0	4.545454545454546	0	9.090909090909092	0	0	27.272727272727273	4.545454545454546	0	4.545454545454546	0	0	13.636363636363637	4.545454545454546	0	0	0	0	27.272727272727273	4.545454545454546	100.0	0.0	0	0	0	0	0	0
turkish_clean_42.conllu	1	24	24.0	5.090909090909091	12.5	12.5	8.333333333333334	0	8.333333333333334	0	41.666666666666664	0	0	0	8.333333333333334	8.333333333333334	0.7727272727272727	0	50.0	50.0	0	50.0	50.0	0	0	100.0	0	0	0	0	0	0	2.0	100.0	1.0	50.0	0	50.0	0	0	0	0	6.0	12.0	11.0	2.619047619047619	11	2.0	1	0	100.0	100.0	0.0	100.0	0.0	0	4.166666666666667	4.166666666666667	8.333333333333334	12.5	4.166666666666667	0	4.166666666666667	12.5	0	4.166666666666667	0	0	0	12.5	8.333333333333334	4.166666666666667	0	4.166666666666667	4.166666666666667	8.333333333333334	4.166666666666667	50.0	50.0	0.0	100.0	1.0	100.0	0	0
turkish_clean_43.conllu	1	16	16.0	7.538461538461538	6.25	0	6.25	6.25	0	6.25	25.0	6.25	0	0	18.75	25.0	0.7692307692307693	0	25.0	75.0	0	0	100.0	0	25.0	75.0	0	0	100.0	100.0	0	0	5.0	100.0	1.25	25.0	50.0	0	25.0	0	0	0	5.0	3.2	13.0	2.9166666666666665	13	0	0	0	0	100.0	0.0	0	0	18.75	6.25	0	0	0	0	6.25	0	0	6.25	6.25	0	0	0	6.25	6.25	0	0	6.25	12.5	18.75	6.25	20.0	80.0	0.0	100.0	1.3333333333333333	66.66666666666667	33.333333333333336	0
turkish_clean_44.conllu	1	23	23.0	6.590909090909091	4.3478260869565215	4.3478260869565215	0	0	4.3478260869565215	0	56.52173913043478	8.695652173913043	4.3478260869565215	0	4.3478260869565215	13.043478260869565	0.7727272727272727	0	66.66666666666667	33.333333333333336	0	33.333333333333336	66.66666666666667	0	0	100.0	0	0	0	0	0	0	3.0	100.0	2.6666666666666665	0	33.333333333333336	0	33.333333333333336	33.333333333333336	0	0	7.0	7.666666666666667	9.0	2.4761904761904763	9	1.0	1	100.0	0	100.0	0.0	0	0	4.3478260869565215	0	0	8.695652173913043	4.3478260869565215	4.3478260869565215	4.3478260869565215	0	0	0	8.695652173913043	0	0	0	8.695652173913043	21.73913043478261	0	0	13.043478260869565	13.043478260869565	4.3478260869565215	4.3478260869565215	33.333333333333336	66.66666666666667	0.0	100.0	2.0	0	100.0	0
turkish_clean_45.conllu	1	14	14.0	5.230769230769231	14.285714285714286	14.285714285714286	0	7.142857142857143	7.142857142857143	0	35.714285714285715	7.142857142857143	0	0	7.142857142857143	7.142857142857143	0.6153846153846154	0	0	100.0	0	0	100.0	0	0	0	100.0	0	100.0	100.0	0	0	2.0	100.0	0.0	100.0	0	0	0	0	0	0	4.0	7.0	7.0	2.0833333333333335	7	2.0	1	0	100.0	0	0	100.0	0.0	0	0	0	7.142857142857143	14.285714285714286	7.142857142857143	0	7.142857142857143	7.142857142857143	7.142857142857143	0	0	0	0	21.428571428571427	0	7.142857142857143	7.142857142857143	0	0	7.142857142857143	7.142857142857143	50.0	50.0	0.0	100.0	1.0	100.0	0	0
turkish_clean_46.conllu	1	17	17.0	6.928571428571429	11.764705882352942	0	0	5.882352941176471	5.882352941176471	0	41.1764705882353	0	0	0	17.647058823529413	17.647058823529413	0.8571428571428571	0	33.333333333333336	66.66666666666667	0	0	100.0	0	0	50.0	50.0	0	100.0	100.0	0	0	4.0	100.0	1.3333333333333333	33.333333333333336	0	66.66666666666667	0	0	0	0	4.0	4.25	10.0	2.230769230769231	10	0	0	0	0	100.0	0.0	100.0	0.0	5.882352941176471	0	5.882352941176471	5.882352941176471	0	0	11.764705882352942	0	0	5.882352941176471	0	0	0	0	5.882352941176471	11.764705882352942	5.882352941176471	0	11.764705882352942	5.882352941176471	17.647058823529413	5.882352941176471	25.0	75.0	0.0	100.0	1.5	50.0	50.0	0
turkish_clean_47.conllu	1	14	14.0	6.769230769230769	21.428571428571427	7.142857142857143	0	7.142857142857143	0	0	42.857142857142854	0	0	0	7.142857142857143	14.285714285714286	0.8461538461538461	0	0	100.0	0	0	100.0	0	0	100.0	0	0	0	0	0	0	2.0	100.0	0.5	50.0	50.0	0	0	0	0	0	5.0	7.0	6.0	1.6666666666666667	6	0	0	0	0	0	0	0	0	0	0	0	21.428571428571427	7.142857142857143	0	0	7.142857142857143	0	0	0	7.142857142857143	0	0	21.428571428571427	7.142857142857143	0	0	0	14.285714285714286	7.142857142857143	7.142857142857143	50.0	50.0	0.0	100.0	1.0	100.0	0	0
turkish_clean_48.conllu	1	12	12.0	4.545454545454546	8.333333333333334	33.333333333333336	0	8.333333333333334	0	0	33.333333333333336	8.333333333333334	0	0	8.333333333333334	0	0.45454545454545453	0	0	0	0	0	0	0	0	0	0	0	100.0	100.0	0	0	1.0	100.0	0	0	0	0	0	0	0	0	4.0	12.0	5.0	1.7	5	2.0	1	0	100.0	0	0	0	0	0	0	0	0	33.333333333333336	0	0	0	0	8.333333333333334	0	0	0	0	16.666666666666668	8.333333333333334	0	8.333333333333334	0	8.333333333333334	8.333333333333334	8.333333333333334	100.0	0.0	0	0	0	0	0	0
turkish_clean_49.conllu	1	10	10.0	6.5	0	0	20.0	0	0	10.0	30.0	0	0	10.0	20.0	10.0	0.875	0	0	100.0	0	0	0	100.0	0	0	0	0	0	0	0	0	1.0	100.0	5.0	0	0	0	0	0	100.0	0	2.0	10.0	7.0	2.857142857142857	7	0	0	0	0	0	0	100.0	0.0	0	20.0	0	0	0	0	0	0	0	0	10.0	0	0	0	0	10.0	10.0	0	0	20.0	20.0	10.0	100.0	0.0	0	0	0	0	0	0
turkish_clean_50.conllu	1	15	15.0	6.214285714285714	13.333333333333334	13.333333333333334	0	0	13.333333333333334	6.666666666666667	26.666666666666668	0	0	0	6.666666666666667	20.0	0.6428571428571429	0	0	100.0	0	0	66.66666666666667	33.333333333333336	0	50.0	50.0	0	0	0	0	0	3.0	100.0	1.0	33.333333333333336	33.333333333333336	33.333333333333336	0	0	0	0	5.0	5.0	8.0	2.1538461538461537	8	1.0	1	100.0	0	100.0	0.0	0	0	6.666666666666667	0	6.666666666666667	13.333333333333334	13.333333333333334	6.666666666666667	0	0	0	0	6.666666666666667	0	0	0	13.333333333333334	0	0	0	13.333333333333334	6.666666666666667	6.666666666666667	6.666666666666667	33.333333333333336	66.66666666666667	0.0	100.0	2.0	0	100.0	0
turkish_clean_51.conllu	1	31	31.0	6.413793103448276	6.451612903225806	9.67741935483871	0	3.225806451612903	9.67741935483871	3.225806451612903	35.483870967741936	0	0	3.225806451612903	6.451612903225806	22.580645161290324	0.7241379310344828	0	0	100.0	0	0	85.71428571428571	14.285714285714286	14.285714285714286	71.42857142857143	14.285714285714286	0	100.0	100.0	0	0	8.0	100.0	1.7142857142857142	14.285714285714286	42.857142857142854	14.285714285714286	14.285714285714286	14.285714285714286	0	0	11.0	3.875	6.0	1.8928571428571428	6	1.0	1	100.0	0	100.0	0.0	0	0	9.67741935483871	0	0	3.225806451612903	9.67741935483871	9.67741935483871	6.451612903225806	0	9.67741935483871	3.225806451612903	0	0	0	0	9.67741935483871	6.451612903225806	0	0	3.225806451612903	19.35483870967742	6.451612903225806	3.225806451612903	16.666666666666668	83.33333333333333	0.0	100.0	1.25	75.0	25.0	0
turkish_clean_52.conllu	1	15	15.0	6.142857142857143	20.0	0	13.333333333333334	0	13.333333333333334	6.666666666666667	33.333333333333336	0	0	0	6.666666666666667	6.666666666666667	0.7857142857142857	0	0	100.0	0	0	100.0	0	0	0	0	0	0	0	0	0	1.0	100.0	3.0	0	0	0	100.0	0	0	0	6.0	15.0	12.0	3.6153846153846154	12	0	0	0	0	0	0	100.0	0.0	0	13.333333333333334	0	20.0	0	6.666666666666667	6.666666666666667	0	6.666666666666667	0	6.666666666666667	0	0	0	6.666666666666667	0	6.666666666666667	0	0	13.333333333333334	6.666666666666667	6.666666666666667	100.0	0.0	0	0	0	0	0	0
turkish_clean_53.conllu	1	11	11.0	7.222222222222222	9.090909090909092	9.090909090909092	0	9.090909090909092	9.090909090909092	0	27.272727272727273	0	0	0	18.181818181818183	18.181818181818183	0.6666666666666666	0	0	100.0	0	0	100.0	0	0	0	100.0	0	100.0	100.0	0	0	3.0	100.0	1.5	0	50.0	50.0	0	0	0	0	3.0	3.6666666666666665	8.0	3.5	8	0	0	0	0	0	0	0	0	0	0	0	9.090909090909092	9.090909090909092	9.090909090909092	0	0	18.181818181818183	9.090909090909092	0	0	0	0	0	18.181818181818183	0	0	0	0	18.181818181818183	9.090909090909092	100.0	0.0	0	0	0	0	0	0
turkish_clean_54.conllu	1	20	20.0	6.5	15.0	5.0	10.0	5.0	0	0	40.0	5.0	0	0	10.0	10.0	0.8333333333333334	0	50.0	50.0	0	50.0	50.0	0	0	0	0	0	100.0	0	100.0	100.0	3.0	100.0	2.5	50.0	0	0	0	0	50.0	0	4.0	6.666666666666667	16.0	3.0588235294117645	16	0	0	0	0	100.0	0.0	0	0	0	10.0	0	15.0	5.0	0	10.0	0	0	5.0	5.0	0	0	0	10.0	5.0	0	0	5.0	15.0	10.0	5.0	33.333333333333336	66.66666666666667	0.0	100.0	1.0	100.0	0	0
turkish_clean_55.conllu	1	25	25.0	8.0	8.0	8.0	4.0	0	4.0	0	28.0	0	0	4.0	12.0	32.0	0.8636363636363636	0	25.0	75.0	0	0	100.0	0	0	71.42857142857143	28.571428571428573	0	0	0	0	0	8.0	100.0	1.375	37.5	37.5	12.5	0	0	0	12.5	6.0	3.125	23.0	4.0476190476190474	23	1.0	1	100.0	0	100.0	0.0	100.0	0.0	16.0	4.0	0	8.0	8.0	4.0	8.0	0	4.0	0	0	0	0	0	4.0	8.0	4.0	0	16.0	0	12.0	4.0	12.5	87.5	0.0	100.0	1.1666666666666667	83.33333333333333	16.666666666666668	0
turkish_clean_56.conllu	1	15	15.0	6.785714285714286	20.0	0	0	0	20.0	0	40.0	0	0	0	6.666666666666667	13.333333333333334	0.7857142857142857	0	50.0	50.0	0	0	100.0	0	0	100.0	0	0	0	0	0	0	2.0	0.0	2.5	50.0	0	0	0	0	50.0	0	5.0	7.5	9.0	2.6923076923076925	9	0	0	0	0	100.0	0.0	100.0	0.0	6.666666666666667	0	6.666666666666667	6.666666666666667	0	13.333333333333334	6.666666666666667	0	0	0	0	0	0	0	0	13.333333333333334	6.666666666666667	0	6.666666666666667	20.0	6.666666666666667	6.666666666666667	0.0	100.0	50.0	50.0	1.0	100.0	0	0
turkish_clean_57.conllu	1	45	45.0	7.170731707317073	17.77777777777778	2.2222222222222223	13.333333333333334	0	2.2222222222222223	2.2222222222222223	22.22222222222222	2.2222222222222223	2.2222222222222223	0	8.88888888888889	26.666666666666668	0.8780487804878049	0	58.333333333333336	41.666666666666664	0	8.333333333333334	91.66666666666667	0	0	80.0	20.0	0	0	0	0	0	12.0	0.0	1.6666666666666667	8.333333333333334	33.333333333333336	41.666666666666664	16.666666666666668	0	0	0	10.0	3.75	25.0	3.1	25	0	0	0	0	100.0	0.0	0	0	11.11111111111111	13.333333333333334	0	17.77777777777778	2.2222222222222223	0	2.2222222222222223	0	6.666666666666667	0	2.2222222222222223	0	0	0	4.444444444444445	2.2222222222222223	0	0	13.333333333333334	13.333333333333334	8.88888888888889	2.2222222222222223	0.0	100.0	100.0	0.0	1.4285714285714286	71.42857142857143	14.285714285714286	14.285714285714286
turkish_clean_58.conllu	1	18	18.0	7.4375	22.22222222222222	5.555555555555555	0	0	5.555555555555555	0	27.77777777777778	0	0	0	11.11111111111111	27.77777777777778	0.875	0	0	100.0	0	0	100.0	0	0	33.333333333333336	66.66666666666667	0	0	0	0	0	5.0	100.0	1.6	0	40.0	60.0	0	0	0	0	9.0	3.6	6.0	1.8666666666666667	6	1.0	1	100.0	0	0	0	100.0	0.0	5.555555555555555	0	0	22.22222222222222	5.555555555555555	5.555555555555555	0	0	11.11111111111111	0	0	0	0	0	5.555555555555555	16.666666666666668	11.11111111111111	0	0	0	11.11111111111111	5.555555555555555	25.0	75.0	0.0	100.0	1.5	50.0	50.0	0
turkish_clean_59.conllu	1	20	20.0	6.222222222222222	5.0	0	0	5.0	5.0	10.0	55.0	0	0	0	10.0	10.0	0.7777777777777778	0	0	100.0	0	0	100.0	0	0	0	100.0	0	100.0	100.0	0	0	2.0	100.0	2.5	0	50.0	0	0	50.0	0	0	5.0	10.0	9.0	2.0588235294117645	9	0	0	0	0	100.0	0.0	0	0	0	0	0	5.0	0	5.0	5.0	0	0	5.0	10.0	0	0	0	15.0	25.0	0	0	15.0	0	10.0	5.0	50.0	50.0	0.0	100.0	1.0	100.0	0	0
turkish_clean_60.conllu	1	16	16.0	6.533333333333333	6.25	0	0	0	6.25	0	50.0	6.25	0	0	6.25	25.0	0.8666666666666667	25.0	25.0	50.0	0	0	100.0	0	0	50.0	50.0	0	0	0	0	0	4.0	100.0	1.0	25.0	50.0	25.0	0	0	0	0	5.0	4.0	13.0	2.5714285714285716	13	0	0	0	0	100.0	0.0	0	0	6.25	0	6.25	6.25	0	0	6.25	6.25	0	0	0	0	0	0	18.75	12.5	0	6.25	18.75	0	6.25	6.25	25.0	75.0	0.0	100.0	1.0	100.0	0	0
turkish_clean_61.conllu	1	19	19.0	5.882352941176471	10.526315789473685	5.2631578947368425	0	5.2631578947368425	0	0	47.36842105263158	5.2631578947368425	0	0	10.526315789473685	15.789473684210526	0.8235294117647058	0	0	100.0	0	0	100.0	0	33.333333333333336	33.333333333333336	33.333333333333336	0	100.0	100.0	0	0	4.0	100.0	1.3333333333333333	33.333333333333336	33.333333333333336	0	33.333333333333336	0	0	0	6.0	4.75	15.0	2.375	15	0	0	0	0	100.0	0.0	0	0	0	0	0	10.526315789473685	5.2631578947368425	0	0	5.2631578947368425	0	5.2631578947368425	5.2631578947368425	0	0	0	21.05263157894737	26.31578947368421	0	0	5.2631578947368425	0	10.526315789473685	5.2631578947368425	25.0	75.0	0.0	100.0	1.5	50.0	50.0	0
turkish_clean_62.conllu	1	14	14.0	5.846153846153846	7.142857142857143	7.142857142857143	0	0	14.285714285714286	0	42.857142857142854	0	0	0	7.142857142857143	21.428571428571427	0.7692307692307693	0	0	100.0	0	0	100.0	0	0	100.0	0	0	0	0	0	0	3.0	100.0	1.3333333333333333	33.333333333333336	33.333333333333336	0	33.333333333333336	0	0	0	4.0	4.666666666666667	6.0	2.25	6	0	0	0	0	100.0	0.0	0	0	7.142857142857143	0	7.142857142857143	7.142857142857143	7.142857142857143	7.142857142857143	7.142857142857143	0	0	0	0	0	0	0	0	14.285714285714286	0	0	7.142857142857143	21.428571428571427	7.142857142857143	7.142857142857143	33.333333333333336	66.66666666666667	0.0	100.0	1.0	100.0	0	0
turkish_clean_63.conllu	1	12	12.0	5.0	8.333333333333334	8.333333333333334	0	8.333333333333334	8.333333333333334	0	41.666666666666664	8.333333333333334	0	0	8.333333333333334	8.333333333333334	0.6363636363636364	0	100.0	0	0	0	100.0	0	0	100.0	0	0	100.0	100.0	0	0	2.0	100.0	2.0	0	0	100.0	0	0	0	0	5.0	6.0	4.0	1.5	4	1.0	1	100.0	0	0	0	0	0	0	0	8.333333333333334	8.333333333333334	8.333333333333334	0	0	0	0	8.333333333333334	8.333333333333334	0	0	0	16.666666666666668	16.666666666666668	0	0	0	8.333333333333334	8.333333333333334	8.333333333333334	50.0	50.0	0.0	100.0	1.0	100.0	0	0
turkish_clean_64.conllu	1	13	13.0	5.583333333333333	23.076923076923077	0	0	0	7.6923076923076925	0	46.15384615384615	7.6923076923076925	0	0	7.6923076923076925	7.6923076923076925	0.8333333333333334	0	0	100.0	0	0	100.0	0	0	0	0	0	0	0	0	0	1.0	100.0	1.0	0	100.0	0	0	0	0	0	7.0	13.0	4.0	1.6363636363636365	4	0	0	0	0	0	0	100.0	0.0	0	0	7.6923076923076925	23.076923076923077	0	0	0	0	0	0	7.6923076923076925	0	0	0	15.384615384615385	23.076923076923077	7.6923076923076925	0	0	0	7.6923076923076925	7.6923076923076925	100.0	0.0	0	0	0	0	0	0
turkish_clean_65.conllu	1	17	17.0	6.8125	17.647058823529413	5.882352941176471	5.882352941176471	0	5.882352941176471	0	47.05882352941177	0	0	0	5.882352941176471	11.764705882352942	0.875	0	50.0	50.0	0	50.0	50.0	0	0	100.0	0	0	0	0	0	0	2.0	100.0	0.5	50.0	50.0	0	0	0	0	0	6.0	8.5	5.0	1.7333333333333334	5	1.0	1	100.0	0	100.0	0.0	0	0	0	5.882352941176471	5.882352941176471	17.647058823529413	5.882352941176471	0	0	5.882352941176471	0	0	0	0	0	0	17.647058823529413	17.647058823529413	0	0	5.882352941176471	5.882352941176471	5.882352941176471	5.882352941176471	50.0	50.0	0.0	100.0	1.0	100.0	0	0
turkish_clean_66.conllu	1	18	18.0	5.235294117647059	11.11111111111111	11.11111111111111	0	0	0	5.555555555555555	27.77777777777778	11.11111111111111	0	0	5.555555555555555	27.77777777777778	0.7058823529411765	0	20.0	80.0	0	0	100.0	0	25.0	25.0	50.0	0	0	0	0	0	5.0	100.0	1.6	0	60.0	20.0	20.0	0	0	0	8.0	3.6	5.0	1.5625	5	1.0	1	100.0	0	100.0	0.0	0	0	5.555555555555555	0	0	11.11111111111111	11.11111111111111	0	0	0	0	0	16.666666666666668	0	0	0	16.666666666666668	5.555555555555555	0	0	11.11111111111111	11.11111111111111	5.555555555555555	5.555555555555555	20.0	80.0	0.0	100.0	1.6666666666666667	33.333333333333336	66.66666666666667	0
turkish_clean_67.conllu	1	19	19.0	4.764705882352941	5.2631578947368425	0	5.2631578947368425	10.526315789473685	10.526315789473685	0	31.57894736842105	5.2631578947368425	0	5.2631578947368425	10.526315789473685	15.789473684210526	0.7058823529411765	0	33.333333333333336	66.66666666666667	0	0	100.0	0	0	66.66666666666667	33.333333333333336	50.0	50.0	50.0	50.0	0	5.0	100.0	1.6666666666666667	0	33.333333333333336	66.66666666666667	0	0	0	0	6.0	3.8	8.0	1.875	8	0	0	0	0	100.0	0.0	100.0	0.0	10.526315789473685	5.2631578947368425	5.2631578947368425	5.2631578947368425	0	0	10.526315789473685	0	0	10.526315789473685	5.2631578947368425	0	0	0	5.2631578947368425	10.526315789473685	5.2631578947368425	0	10.526315789473685	0	10.526315789473685	5.2631578947368425	20.0	80.0	0.0	100.0	2.0	50.0	0	50.0
turkish_clean_68.conllu	1	10	10.0	7.222222222222222	10.0	0	10.0	0	0	0	30.0	10.0	0	0	10.0	30.0	0.8888888888888888	0	33.333333333333336	66.66666666666667	0	0	100.0	0	0	50.0	50.0	0	0	0	0	0	3.0	100.0	1.3333333333333333	33.333333333333336	0	66.66666666666667	0	0	0	0	3.0	3.3333333333333335	4.0	1.875	4	0	0	0	0	100.0	0.0	100.0	0.0	0	10.0	0	10.0	0	0	10.0	0	0	0	10.0	0	0	0	0	0	10.0	0	10.0	20.0	10.0	10.0	33.333333333333336	66.66666666666667	0.0	100.0	1.0	100.0	0	0
turkish_clean_69.conllu	1	11	11.0	6.555555555555555	18.181818181818183	0	9.090909090909092	0	0	0	36.36363636363637	0	0	0	18.181818181818183	18.181818181818183	1.0	0	0	100.0	0	0	100.0	0	0	100.0	0	0	0	0	0	0	2.0	100.0	2.5	0	0	50.0	50.0	0	0	0	3.0	5.5	4.0	2.0	4	0	0	0	0	100.0	0.0	0	0	9.090909090909092	9.090909090909092	0	18.181818181818183	0	0	0	0	0	0	0	0	0	0	0	0	0	0	18.181818181818183	18.181818181818183	18.181818181818183	9.090909090909092	50.0	50.0	0.0	100.0	1.0	100.0	0	0
turkish_clean_70.conllu	1	11	11.0	7.4	9.090909090909092	9.090909090909092	0	0	0	0	45.45454545454545	9.090909090909092	0	0	9.090909090909092	18.181818181818183	0.8	50.0	0	50.0	0	50.0	50.0	0	0	100.0	0	0	0	0	0	0	2.0	100.0	1.5	0	50.0	50.0	0	0	0	0	5.0	5.5	3.0	1.4444444444444444	3	0	0	0	0	100.0	0.0	0	0	9.090909090909092	0	0	9.090909090909092	9.090909090909092	0	0	0	0	0	9.090909090909092	0	0	0	0	18.181818181818183	0	0	9.090909090909092	18.181818181818183	9.090909090909092	9.090909090909092	50.0	50.0	0.0	100.0	1.0	100.0	0	0
turkish_clean_71.conllu	1	14	14.0	6.583333333333333	7.142857142857143	7.142857142857143	0	7.142857142857143	7.142857142857143	0	35.714285714285715	0	0	7.142857142857143	14.285714285714286	14.285714285714286	0.75	0	0	100.0	0	0	100.0	0	0	0	100.0	0	100.0	100.0	0	0	3.0	100.0	2.5	0	0	50.0	50.0	0	0	0	4.0	4.666666666666667	11.0	3.5454545454545454	11	0	0	0	0	100.0	0.0	0	0	0	0	0	7.142857142857143	7.142857142857143	7.142857142857143	0	0	7.142857142857143	7.142857142857143	0	0	0	0	0	28.571428571428573	0	0	7.142857142857143	7.142857142857143	14.285714285714286	7.142857142857143	50.0	50.0	0.0	100.0	1.0	100.0	0	0
turkish_clean_72.conllu	1	17	17.0	7.125	11.764705882352942	5.882352941176471	0	0	5.882352941176471	0	47.05882352941177	0	0	0	5.882352941176471	23.529411764705884	0.875	0	0	100.0	0	25.0	75.0	0	0	33.333333333333336	66.66666666666667	0	0	0	0	0	4.0	100.0	0.75	50.0	25.0	25.0	0	0	0	0	7.0	4.25	4.0	1.6	4	0	0	0	0	100.0	0.0	0	0	0	0	5.882352941176471	11.764705882352942	5.882352941176471	0	5.882352941176471	5.882352941176471	0	0	0	0	0	0	11.764705882352942	17.647058823529413	0	0	11.764705882352942	11.764705882352942	5.882352941176471	5.882352941176471	25.0	75.0	0.0	100.0	1.0	100.0	0	0
turkish_clean_73.conllu	1	17	17.0	5.066666666666666	11.764705882352942	17.647058823529413	0	0	11.764705882352942	0	35.294117647058826	0	0	0	11.764705882352942	11.764705882352942	0.6666666666666666	0	0	100.0	0	0	50.0	50.0	0	100.0	0	0	0	0	0	0	2.0	0.0	0.5	50.0	50.0	0	0	0	0	0	4.0	8.5	8.0	2.142857142857143	8	1.0	1	100.0	0	100.0	0.0	0	0	5.882352941176471	0	5.882352941176471	5.882352941176471	17.647058823529413	5.882352941176471	0	5.882352941176471	0	0	0	0	0	0	11.764705882352942	5.882352941176471	0	0	11.764705882352942	5.882352941176471	11.764705882352942	5.882352941176471	0.0	100.0	50.0	50.0	1.0	100.0	0	0
turkish_clean_74.conllu	1	16	16.0	8.5	6.25	0	0	0	0	0	37.5	0	0	6.25	25.0	25.0	1.0	0	50.0	50.0	0	25.0	75.0	0	33.333333333333336	66.66666666666667	0	0	0	0	0	0	4.0	100.0	1.75	0	75.0	0	0	25.0	0	0	5.0	4.0	14.0	3.1818181818181817	14	0	0	0	0	0	0	100.0	0.0	12.5	0	0	6.25	0	0	0	0	0	0	0	0	0	0	6.25	6.25	6.25	0	0	31.25	25.0	6.25	25.0	75.0	0.0	100.0	1.5	50.0	50.0	0
turkish_clean_75.conllu	1	21	21.0	7.6	23.80952380952381	4.761904761904762	4.761904761904762	4.761904761904762	4.761904761904762	0	33.333333333333336	0	0	0	4.761904761904762	19.047619047619047	0.85	0	50.0	50.0	0	25.0	75.0	0	0	33.333333333333336	66.66666666666667	0	0	0	0	0	4.0	0.0	1.25	25.0	25.0	50.0	0	0	0	0	7.0	5.25	8.0	2.0	8	0	0	0	0	0	0	0	0	4.761904761904762	4.761904761904762	0	19.047619047619047	4.761904761904762	4.761904761904762	0	4.761904761904762	4.761904761904762	0	0	4.761904761904762	0	0	14.285714285714286	14.285714285714286	0	0	0	9.523809523809524	4.761904761904762	4.761904761904762	0.0	100.0	25.0	75.0	2.0	50.0	0	50.0
turkish_clean_76.conllu	1	33	33.0	5.7	18.181818181818183	6.0606060606060606	0	3.0303030303030303	15.151515151515152	0	36.36363636363637	3.0303030303030303	0	3.0303030303030303	9.090909090909092	6.0606060606060606	0.7	0	50.0	50.0	0	0	100.0	0	0	50.0	50.0	0	100.0	100.0	0	0	3.0	100.0	0.0	100.0	0	0	0	0	0	0	6.0	11.0	30.0	3.9655172413793105	30	1.0	2	100.0	0	0	0	100.0	0.0	0	0	3.0303030303030303	15.151515151515152	6.0606060606060606	12.121212121212121	3.0303030303030303	0	9.090909090909092	3.0303030303030303	3.0303030303030303	0	0	0	18.181818181818183	12.121212121212121	3.0303030303030303	0	0	0	9.090909090909092	3.0303030303030303	33.333333333333336	66.66666666666667	0.0	100.0	1.0	100.0	0	0
turkish_clean_77.conllu	1	21	21.0	6.611111111111111	9.523809523809524	4.761904761904762	0	0	9.523809523809524	0	38.095238095238095	9.523809523809524	0	0	14.285714285714286	14.285714285714286	0.7222222222222222	0	33.333333333333336	66.66666666666667	0	33.333333333333336	66.66666666666667	0	0	100.0	0	0	0	0	0	0	3.0	0.0	0.3333333333333333	50.0	50.0	0	0	0	0	0	5.0	7.0	19.0	4.352941176470588	19	0	0	0	0	100.0	0.0	100.0	0.0	4.761904761904762	0	0	9.523809523809524	4.761904761904762	4.761904761904762	0	0	9.523809523809524	0	0	0	9.523809523809524	0	0	9.523809523809524	4.761904761904762	4.761904761904762	9.523809523809524	9.523809523809524	14.285714285714286	4.761904761904762	0.0	100.0	100.0	0.0	1.0	100.0	0	0
turkish_clean_78.conllu	1	22	22.0	6.761904761904762	13.636363636363637	9.090909090909092	0	4.545454545454546	0	0	31.818181818181817	18.181818181818183	0	4.545454545454546	4.545454545454546	13.636363636363637	0.6666666666666666	0	33.333333333333336	66.66666666666667	0	33.333333333333336	66.66666666666667	0	0	100.0	0	0	0	0	0	0	3.0	100.0	1.3333333333333333	0	66.66666666666667	33.333333333333336	0	0	0	0	8.0	7.333333333333333	10.0	2.35	10	1.0	1	100.0	0	100.0	0.0	100.0	0.0	4.545454545454546	0	0	9.090909090909092	9.090909090909092	0	0	0	0	0	4.545454545454546	4.545454545454546	9.090909090909092	0	13.636363636363637	13.636363636363637	4.545454545454546	4.545454545454546	9.090909090909092	4.545454545454546	4.545454545454546	4.545454545454546	33.333333333333336	66.66666666666667	0.0	100.0	1.0	100.0	0	0
turkish_clean_79.conllu	1	11	11.0	5.9	9.090909090909092	9.090909090909092	9.090909090909092	9.090909090909092	0	9.090909090909092	45.45454545454545	0	0	0	9.090909090909092	0	0.7	0	0	0	0	0	0	0	0	0	0	0	100.0	100.0	0	0	1.0	100.0	0	0	0	0	0	0	0	0	3.0	11.0	8.0	2.2222222222222223	8	0	0	0	0	0	0	0	0	0	9.090909090909092	0	0	9.090909090909092	0	9.090909090909092	0	0	9.090909090909092	9.090909090909092	0	0	0	0	27.272727272727273	0	0	0	9.090909090909092	9.090909090909092	9.090909090909092	100.0	0.0	0	0	0	0	0	0
turkish_clean_80.conllu	1	33	33.0	5.533333333333333	12.121212121212121	6.0606060606060606	3.0303030303030303	3.0303030303030303	15.151515151515152	0	27.272727272727273	12.121212121212121	0	0	9.090909090909092	12.121212121212121	0.6	0	25.0	75.0	0	0	100.0	0	0	100.0	0	0	100.0	100.0	0	0	5.0	100.0	3.25	0	0	25.0	50.0	0	25.0	0	4.0	6.6	18.0	3.6551724137931036	18	0	0	0	0	100.0	0.0	0	0	3.0303030303030303	3.0303030303030303	3.0303030303030303	6.0606060606060606	6.0606060606060606	12.121212121212121	0	0	15.151515151515152	3.0303030303030303	12.121212121212121	0	0	0	3.0303030303030303	9.090909090909092	0	0	6.0606060606060606	6.0606060606060606	9.090909090909092	3.0303030303030303	50.0	50.0	0.0	100.0	1.0	100.0	0	0
turkish_clean_81.conllu	1	9	9.0	6.25	11.11111111111111	0	0	11.11111111111111	0	11.11111111111111	33.333333333333336	11.11111111111111	0	0	11.11111111111111	11.11111111111111	0.625	0	0	100.0	0	0	100.0	0	0	100.0	0	0	100.0	100.0	0	0	2.0	100.0	1.0	0	100.0	0	0	0	0	0	5.0	4.5	2.0	1.1428571428571428	2	0	0	0	0	100.0	0.0	100.0	0.0	11.11111111111111	0	0	0	0	0	0	0	0	11.11111111111111	22.22222222222222	0	0	0	0	11.11111111111111	11.11111111111111	0	11.11111111111111	0	11.11111111111111	11.11111111111111	50.0	50.0	0.0	100.0	1.0	100.0	0	0
turkish_clean_82.conllu	1	8	8.0	7.285714285714286	12.5	0	12.5	12.5	0	12.5	37.5	0	0	0	12.5	0	0.7142857142857143	0	0	0	0	0	0	0	0	0	0	0	100.0	100.0	0	0	1.0	100.0	0	0	0	0	0	0	0	0	3.0	8.0	3.0	1.5	3	0	0	0	0	0	0	0	0	0	12.5	0	12.5	0	0	0	0	0	12.5	12.5	0	0	0	0	25.0	0	0	0	0	12.5	12.5	100.0	0.0	0	0	0	0	0	0
turkish_clean_83.conllu	1	23	23.0	7.75	17.391304347826086	4.3478260869565215	0	0	0	0	47.82608695652174	0	0	0	13.043478260869565	17.391304347826086	0.95	0	25.0	75.0	0	50.0	50.0	0	0	100.0	0	0	0	0	0	0	4.0	0.0	1.0	25.0	50.0	25.0	0	0	0	0	8.0	5.75	14.0	2.1052631578947367	14	1.0	1	100.0	0	0	0	0	0	8.695652173913043	0	0	13.043478260869565	4.3478260869565215	0	4.3478260869565215	0	0	0	0	0	0	0	13.043478260869565	21.73913043478261	0	0	0	17.391304347826086	13.043478260869565	4.3478260869565215	0.0	100.0	25.0	75.0	1.0	100.0	0	0
turkish_clean_84.conllu	1	15	15.0	8.142857142857142	13.333333333333334	6.666666666666667	0	0	0	0	40.0	0	6.666666666666667	6.666666666666667	6.666666666666667	20.0	0.8571428571428571	0	66.66666666666667	33.333333333333336	0	0	100.0	0	0	50.0	50.0	0	0	0	0	0	3.0	100.0	2.3333333333333335	0	33.333333333333336	33.333333333333336	0	33.333333333333336	0	0	8.0	5.0	4.0	1.5384615384615385	4	1.0	1	100.0	0	100.0	0.0	100.0	0.0	6.666666666666667	0	0	13.333333333333334	6.666666666666667	0	0	0	0	0	0	0	0	0	13.333333333333334	13.333333333333334	13.333333333333334	0	6.666666666666667	13.333333333333334	6.666666666666667	6.666666666666667	33.333333333333336	66.66666666666667	0.0	100.0	2.0	0	100.0	0
turkish_clean_85.conllu	1	17	17.0	5.75	5.882352941176471	0	5.882352941176471	5.882352941176471	0	0	41.1764705882353	11.764705882352942	0	0	5.882352941176471	23.529411764705884	0.8125	0	0	100.0	0	0	100.0	0	0	50.0	50.0	100.0	0	0	100.0	0	5.0	100.0	1.0	25.0	50.0	25.0	0	0	0	0	9.0	3.4	2.0	1.3333333333333333	2	0	0	0	0	100.0	0.0	0	0	11.764705882352942	5.882352941176471	0	0	0	0	0	5.882352941176471	0	5.882352941176471	11.764705882352942	0	0	0	5.882352941176471	5.882352941176471	0	0	29.41176470588235	5.882352941176471	5.882352941176471	5.882352941176471	20.0	80.0	0.0	100.0	1.0	100.0	0	0
turkish_clean_86.conllu	1	18	18.0	7.352941176470588	11.11111111111111	11.11111111111111	0	0	0	0	44.44444444444444	5.555555555555555	5.555555555555555	5.555555555555555	5.555555555555555	11.11111111111111	0.7647058823529411	0	50.0	50.0	0	0	100.0	0	0	100.0	0	0	0	0	0	0	2.0	100.0	0.5	50.0	50.0	0	0	0	0	0	7.0	9.0	5.0	1.8125	5	1.0	1	100.0	0	100.0	0.0	100.0	0.0	0	0	0	16.666666666666668	11.11111111111111	0	0	5.555555555555555	0	0	0	0	5.555555555555555	0	11.11111111111111	22.22222222222222	5.555555555555555	0	5.555555555555555	5.555555555555555	5.555555555555555	5.555555555555555	50.0	50.0	0.0	100.0	1.0	100.0	0	0
turkish_clean_87.conllu	1	11	11.0	5.3	9.090909090909092	0	0	0	9.090909090909092	9.090909090909092	45.45454545454545	9.090909090909092	0	0	9.090909090909092	9.090909090909092	0.7	0	100.0	0	0	0	100.0	0	0	0	0	0	0	0	0	0	1.0	100.0	1.0	0	100.0	0	0	0	0	0	4.0	11.0	3.0	1.6666666666666667	3	0	0	0	0	0	0	0	0	0	0	9.090909090909092	9.090909090909092	0	0	9.090909090909092	0	0	0	18.181818181818183	0	0	0	18.181818181818183	9.090909090909092	0	0	0	9.090909090909092	9.090909090909092	9.090909090909092	100.0	0.0	0	0	0	0	0	0
turkish_clean_88.conllu	1	13	13.0	7.0	7.6923076923076925	0	0	7.6923076923076925	7.6923076923076925	7.6923076923076925	61.53846153846154	0	0	0	7.6923076923076925	0	0.75	0	0	0	0	0	0	0	0	0	0	100.0	0	0	100.0	0	1.0	100.0	0	0	0	0	0	0	0	0	4.0	13.0	7.0	2.0	7	0	0	0	0	0	0	0	0	0	0	0	7.6923076923076925	0	7.6923076923076925	7.6923076923076925	0	7.6923076923076925	7.6923076923076925	7.6923076923076925	0	0	0	23.076923076923077	15.384615384615385	0	0	0	0	7.6923076923076925	7.6923076923076925	100.0	0.0	0	0	0	0	0	0
turkish_clean_89.conllu	1	20	20.0	7.157894736842105	10.0	0	0	5.0	10.0	0	30.0	5.0	0	15.0	5.0	20.0	0.7894736842105263	0	0	100.0	0	0	75.0	25.0	0	33.333333333333336	66.66666666666667	0	100.0	100.0	0	0	4.0	0.0	0.75	50.0	25.0	25.0	0	0	0	0	7.0	5.0	9.0	2.9444444444444446	9	0	0	0	0	0	0	100.0	0.0	10.0	0	0	5.0	0	10.0	5.0	0	10.0	5.0	0	0	5.0	0	5.0	25.0	5.0	0	0	5.0	5.0	5.0	0.0	100.0	0.0	100.0	1.0	100.0	0	0
turkish_clean_90.conllu	1	17	17.0	6.846153846153846	0	0	5.882352941176471	0	11.764705882352942	0	29.41176470588235	0	0	0	23.529411764705884	29.41176470588235	0.8461538461538461	0	0	100.0	0	20.0	80.0	0	0	0	100.0	0	0	0	0	0	5.0	100.0	1.8	20.0	40.0	0	20.0	20.0	0	0	5.0	3.4	14.0	4.25	14	0	0	0	0	100.0	0.0	0	0	0	5.882352941176471	0	0	0	11.764705882352942	0	0	23.529411764705884	0	0	0	0	0	5.882352941176471	5.882352941176471	0	0	17.647058823529413	0	23.529411764705884	5.882352941176471	50.0	50.0	100.0	0.0	1.0	100.0	0	0
turkish_clean_91.conllu	1	28	28.0	6.24	7.142857142857143	10.714285714285714	0	3.5714285714285716	10.714285714285714	0	32.142857142857146	0	0	0	10.714285714285714	25.0	0.72	0	0	100.0	0	0	85.71428571428571	14.285714285714286	0	0	100.0	0	100.0	100.0	0	0	7.0	100.0	1.2857142857142858	28.571428571428573	28.571428571428573	28.571428571428573	14.285714285714286	0	0	0	11.0	4.0	7.0	2.1666666666666665	7	1.0	2	100.0	0	100.0	0.0	0	0	0	0	0	3.5714285714285716	10.714285714285714	10.714285714285714	0	7.142857142857143	7.142857142857143	3.5714285714285716	0	0	3.5714285714285716	0	10.714285714285714	3.5714285714285716	0	0	21.428571428571427	3.5714285714285716	10.714285714285714	3.5714285714285716	14.285714285714286	85.71428571428571	0.0	100.0	1.5	50.0	50.0	0
turkish_clean_92.conllu	1	21	21.0	7.684210526315789	4.761904761904762	4.761904761904762	4.761904761904762	0	9.523809523809524	0	33.333333333333336	4.761904761904762	0	0	9.523809523809524	28.571428571428573	0.7894736842105263	0	33.333333333333336	66.66666666666667	0	0	83.33333333333333	16.666666666666668	0	33.333333333333336	66.66666666666667	0	0	0	0	0	6.0	100.0	1.6666666666666667	33.333333333333336	16.666666666666668	16.666666666666668	16.666666666666668	16.666666666666668	0	0	5.0	3.5	9.0	2.611111111111111	9	0	0	0	0	66.66666666666667	33.333333333333336	0	0	4.761904761904762	4.761904761904762	0	4.761904761904762	4.761904761904762	4.761904761904762	4.761904761904762	0	4.761904761904762	0	0	0	0	0	9.523809523809524	9.523809523809524	0	4.761904761904762	14.285714285714286	14.285714285714286	9.523809523809524	4.761904761904762	20.0	80.0	0.0	100.0	1.0	100.0	0	0
turkish_clean_93.conllu	1	18	18.0	7.625	5.555555555555555	5.555555555555555	5.555555555555555	0	0	5.555555555555555	50.0	0	0	0	11.11111111111111	16.666666666666668	0.875	0	0	100.0	0	33.333333333333336	66.66666666666667	0	0	0	100.0	0	0	0	0	0	3.0	100.0	1.3333333333333333	33.333333333333336	33.333333333333336	0	33.333333333333336	0	0	0	6.0	6.0	11.0	2.2	11	0	0	0	0	100.0	0.0	0	0	0	5.555555555555555	0	5.555555555555555	5.555555555555555	0	11.11111111111111	0	0	0	5.555555555555555	0	0	0	11.11111111111111	22.22222222222222	0	0	5.555555555555555	11.11111111111111	11.11111111111111	5.555555555555555	33.333333333333336	66.66666666666667	0.0	100.0	1.0	100.0	0	0
turkish_clean_94.conllu	1	22	22.0	7.666666666666667	4.545454545454546	0	0	0	9.090909090909092	0	45.45454545454545	0	4.545454545454546	0	18.181818181818183	18.181818181818183	0.8333333333333334	0	0	100.0	0	0	100.0	0	66.66666666666667	0	33.333333333333336	0	0	0	0	0	4.0	100.0	1.5	25.0	50.0	0	0	25.0	0	0	4.0	5.5	10.0	3.588235294117647	10	0	0	0	0	100.0	0.0	100.0	0.0	0	0	0	4.545454545454546	0	9.090909090909092	4.545454545454546	0	13.636363636363637	0	0	0	0	0	13.636363636363637	13.636363636363637	4.545454545454546	0	4.545454545454546	9.090909090909092	18.181818181818183	4.545454545454546	25.0	75.0	0.0	100.0	1.0	100.0	0	0
turkish_clean_95.conllu	1	20	20.0	7.526315789473684	10.0	10.0	0	0	5.0	0	35.0	5.0	0	0	5.0	30.0	0.7894736842105263	0	33.333333333333336	66.66666666666667	0	0	100.0	0	0	80.0	20.0	0	0	0	0	0	6.0	100.0	1.3333333333333333	16.666666666666668	66.66666666666667	0	0	16.666666666666668	0	0	10.0	3.3333333333333335	7.0	1.9444444444444444	7	1.0	1	100.0	0	100.0	0.0	100.0	0.0	10.0	0	0	10.0	10.0	5.0	5.0	5.0	5.0	0	0	0	0	0	10.0	10.0	5.0	5.0	10.0	0	5.0	5.0	20.0	80.0	0.0	100.0	1.0	100.0	0	0
turkish_clean_96.conllu	1	14	14.0	6.833333333333333	14.285714285714286	0	14.285714285714286	0	0	0	42.857142857142854	7.142857142857143	0	0	14.285714285714286	7.142857142857143	0.9166666666666666	0	0	100.0	0	100.0	0	0	0	0	0	0	0	0	0	0	1.0	100.0	3.0	0	0	0	100.0	0	0	0	4.0	14.0	12.0	2.8181818181818183	12	0	0	0	0	100.0	0.0	0	0	0	14.285714285714286	0	14.285714285714286	0	0	7.142857142857143	0	0	0	0	0	0	0	7.142857142857143	0	0	7.142857142857143	7.142857142857143	21.428571428571427	14.285714285714286	7.142857142857143	100.0	0.0	0	0	0	0	0	0
turkish_clean_97.conllu	1	16	16.0	6.071428571428571	18.75	6.25	0	0	6.25	0	37.5	12.5	0	0	12.5	6.25	0.7142857142857143	0	100.0	0	0	0	100.0	0	0	100.0	0	0	0	0	0	0	1.0	0.0	2.0	0	0	100.0	0	0	0	0	5.0	16.0	12.0	3.3076923076923075	12	0	0	0	0	100.0	0.0	0	0	6.25	0	0	12.5	6.25	6.25	0	0	12.5	0	12.5	0	0	0	0	12.5	0	0	6.25	6.25	12.5	6.25	0.0	100.0	100.0	0.0	1.0	100.0	0	0
turkish_clean_98.conllu	1	16	16.0	6.538461538461538	6.25	12.5	0	0	6.25	6.25	43.75	0	0	0	18.75	6.25	0.6923076923076923	0	0	100.0	0	100.0	0	0	0	0	0	0	0	0	0	0	1.0	0.0	0.0	100.0	0	0	0	0	0	0	3.0	16.0	12.0	3.3333333333333335	12	1.0	2	100.0	0	0	0	0	0	0	0	0	6.25	12.5	6.25	6.25	0	18.75	0	6.25	0	0	0	18.75	0	0	0	0	0	18.75	6.25	0.0	100.0	100.0	0.0	1.0	100.0	0	0
turkish_clean_99.conllu	1	17	17.0	6.933333333333334	17.647058823529413	11.764705882352942	0	0	5.882352941176471	0	35.294117647058826	0	0	0	11.764705882352942	17.647058823529413	0.8	0	33.333333333333336	66.66666666666667	0	0	66.66666666666667	33.333333333333336	50.0	50.0	0	0	0	0	0	0	3.0	100.0	1.6666666666666667	0	66.66666666666667	0	33.333333333333336	0	0	0	6.0	5.666666666666667	10.0	2.4285714285714284	10	0	0	0	0	100.0	0.0	0	0	5.882352941176471	0	0	17.647058823529413	11.764705882352942	5.882352941176471	0	0	11.764705882352942	0	0	0	0	0	11.764705882352942	0	0	0	5.882352941176471	11.764705882352942	11.764705882352942	5.882352941176471	33.333333333333336	66.66666666666667	0.0	100.0	2.0	0	100.0	0
turkish_clean_100.conllu	1	22	22.0	6.2	4.545454545454546	9.090909090909092	0	0	4.545454545454546	0	50.0	4.545454545454546	0	0	9.090909090909092	18.181818181818183	0.8	0	0	100.0	0	0	100.0	0	0	100.0	0	0	0	0	0	0	4.0	0.0	1.5	25.0	0	75.0	0	0	0	0	7.0	5.5	4.0	1.7894736842105263	4	0	0	0	0	100.0	0.0	0	0	13.636363636363637	0	0	4.545454545454546	9.090909090909092	4.545454545454546	4.545454545454546	0	9.090909090909092	0	4.545454545454546	0	0	0	0	18.181818181818183	0	0	9.090909090909092	9.090909090909092	9.090909090909092	4.545454545454546	0.0	100.0	0.0	100.0	1.0	100.0	0	0
turkish_clean_101.conllu	1	16	16.0	5.928571428571429	0	0	0	0	6.25	18.75	50.0	0	0	0	12.5	12.5	0.7142857142857143	0	0	100.0	0	50.0	50.0	0	0	100.0	0	0	0	0	0	0	2.0	100.0	1.5	0	50.0	50.0	0	0	0	0	6.0	8.0	7.0	2.076923076923077	7	0	0	0	0	0	0	0	0	6.25	0	0	0	0	6.25	0	0	6.25	0	18.75	0	0	0	6.25	18.75	0	0	0	18.75	12.5	6.25	50.0	50.0	0.0	100.0	1.0	100.0	0	0
turkish_clean_102.conllu	1	13	13.0	6.0	7.6923076923076925	0	0	7.6923076923076925	0	0	46.15384615384615	7.6923076923076925	0	0	15.384615384615385	15.384615384615385	0.8181818181818182	0	0	100.0	50.0	0	50.0	0	0	100.0	0	100.0	0	0	100.0	0	3.0	100.0	1.0	50.0	0	50.0	0	0	0	0	5.0	4.333333333333333	10.0	2.2	10	0	0	0	0	100.0	0.0	0	0	7.6923076923076925	0	0	7.6923076923076925	0	0	0	0	0	7.6923076923076925	0	0	0	0	15.384615384615385	15.384615384615385	0	7.6923076923076925	7.6923076923076925	7.6923076923076925	15.384615384615385	7.6923076923076925	33.333333333333336	66.66666666666667	0.0	100.0	1.0	100.0	0	0
turkish_clean_103.conllu	1	30	30.0	6.814814814814815	10.0	3.3333333333333335	3.3333333333333335	0	10.0	0	36.666666666666664	10.0	0	0	10.0	16.666666666666668	0.7407407407407407	0	40.0	60.0	20.0	0	80.0	0	0	0	100.0	0	0	0	0	0	5.0	100.0	2.4	20.0	0	20.0	40.0	20.0	0	0	6.0	6.0	10.0	2.576923076923077	10	1.0	1	100.0	0	100.0	0.0	100.0	0.0	0	3.3333333333333335	3.3333333333333335	13.333333333333334	3.3333333333333335	3.3333333333333335	0	0	13.333333333333334	0	6.666666666666667	0	0	0	10.0	13.333333333333334	3.3333333333333335	0	6.666666666666667	6.666666666666667	10.0	3.3333333333333335	50.0	50.0	100.0	0.0	1.0	100.0	0	0
turkish_clean_104.conllu	1	16	16.0	9.923076923076923	18.75	0	0	0	6.25	0	37.5	0	0	0	18.75	18.75	0.9230769230769231	0	33.333333333333336	66.66666666666667	0	0	100.0	0	50.0	0	50.0	0	0	0	0	0	3.0	100.0	2.0	0	33.333333333333336	33.333333333333336	33.333333333333336	0	0	0	5.0	5.333333333333333	11.0	3.1666666666666665	11	0	0	0	0	0	0	100.0	0.0	0	0	0	12.5	0	6.25	0	0	6.25	0	0	0	0	0	6.25	18.75	6.25	0	0	18.75	18.75	6.25	50.0	50.0	0.0	100.0	1.0	100.0	0	0