Filename	n_sentences	n_tokens	tokens_per_sent	char_per_tok	upos_dist_ADJ	upos_dist_ADP	upos_dist_ADV	upos_dist_AUX	upos_dist_CCONJ	upos_dist_DET	upos_dist_NOUN	upos_dist_NUM	upos_dist_PART	upos_dist_PRON	upos_dist_PROPN	upos_dist_PUNCT	upos_dist_SCONJ	upos_dist_SYM	upos_dist_VERB	upos_dist_X	lexical_density	verbs_tense_dist_Past	verbs_tense_dist_Pres	verbs_mood_dist_Ind	verbs_form_dist_Conv	verbs_form_dist_Fin	verbs_form_dist_Inf	verbs_form_dist_Part	verbs_num_pers_dist_Plur+3	verbs_num_pers_dist_Sing+1	verbs_num_pers_dist_Sing+3	aux_tense_dist_Past	aux_tense_dist_Pres	aux_mood_dist_Ind	aux_form_dist_Fin	aux_num_pers_dist_Plur+3	aux_num_pers_dist_Sing+3	verbal_head_per_sent	verbal_root_perc	avg_verb_edges	verb_edges_dist_0	verb_edges_dist_1	verb_edges_dist_2	verb_edges_dist_3	verb_edges_dist_4	verb_edges_dist_5	verb_edges_dist_6	avg_max_depth	avg_token_per_clause	avg_max_links_len	avg_links_len	max_links_len	avg_prepositional_chain_len	n_prepositional_chains	prep_dist_1	prep_dist_2	prep_dist_3	obj_pre	obj_post	subj_pre	subj_post	dep_dist_acl	dep_dist_acl:relcl	dep_dist_advcl	dep_dist_advmod	dep_dist_amod	dep_dist_appos	dep_dist_aux	dep_dist_case	dep_dist_cc	dep_dist_ccomp	dep_dist_conj	dep_dist_cop	dep_dist_csubj	dep_dist_csubj:pass	dep_dist_det	dep_dist_flat	dep_dist_mark	dep_dist_nmod	dep_dist_nsubj	dep_dist_nsubj:pass	dep_dist_nummod	dep_dist_obj	dep_dist_obl	dep_dist_obl:agent	dep_dist_punct	dep_dist_root	dep_dist_xcomp	principal_proposition_dist	subordinate_proposition_dist	subordinate_post	subordinate_pre	avg_subordinate_chain_len	subordinate_dist_1	subordinate_dist_2	subordinate_dist_3
greek_clean_1.conllu	1	19	19.0	4.764705882352941	10.526315789473685	5.2631578947368425	0	5.2631578947368425	10.526315789473685	26.31578947368421	26.31578947368421	0	0	0	5.2631578947368425	10.526315789473685	0	0	0	0	0.47058823529411764	0	0	0	0	0	0	0	0	0	0	100.0	0	100.0	100.0	0	100.0	0.0	0.0	0	0	0	0	0	0	0	0	4.0	0	5.0	2.0625	5	0	0	0	0	0	0	0	0.0	100.0	0	0	0	0	10.526315789473685	0	0	5.2631578947368425	10.526315789473685	0	10.526315789473685	5.2631578947368425	0	0	26.31578947368421	0	0	5.2631578947368425	5.2631578947368425	0	0	0	5.2631578947368425	0	10.526315789473685	5.2631578947368425	0	0	0	0	0	0	0	0	0
greek_clean_2.conllu	1	21	21.0	4.894736842105263	4.761904761904762	14.285714285714286	9.523809523809524	0	9.523809523809524	9.523809523809524	19.047619047619047	4.761904761904762	0	0	0	9.523809523809524	4.761904761904762	0	14.285714285714286	0	0.5263157894736842	100.0	0	100.0	0	100.0	0	0	0	0	100.0	0	0	0	0	0	0	3.0	100.0	3.3333333333333335	0	0	0	66.66666666666667	33.333333333333336	0	0	3.0	7.0	11.0	2.8333333333333335	11	0	0	0	0	0	0.0	100.0	0	0	0	0	4.761904761904762	9.523809523809524	4.761904761904762	0	0	14.285714285714286	9.523809523809524	0	4.761904761904762	0	0	0	9.523809523809524	0	4.761904761904762	0	0	0	4.761904761904762	4.761904761904762	14.285714285714286	0	9.523809523809524	4.761904761904762	0	50.0	50.0	100.0	0.0	1.0	100.0	0	0
greek_clean_3.conllu	1	19	19.0	4.833333333333333	0	5.2631578947368425	0	0	15.789473684210526	31.57894736842105	31.57894736842105	0	0	0	5.2631578947368425	5.2631578947368425	0	0	5.2631578947368425	0	0.4444444444444444	100.0	0	100.0	0	100.0	0	0	0	0	100.0	0	0	0	0	0	0	1.0	100.0	3.0	0	0	0	100.0	0	0	0	6.0	19.0	5.0	1.8235294117647058	5	0	0	0	0	0	0.0	100.0	100.0	0.0	0	0	0	0	0	0	0	5.2631578947368425	15.789473684210526	0	10.526315789473685	0	0	0	31.57894736842105	0	0	10.526315789473685	5.2631578947368425	0	0	5.2631578947368425	5.2631578947368425	0	5.2631578947368425	5.2631578947368425	0	100.0	0.0	0	0	0	0	0	0
greek_clean_4.conllu	1	16	16.0	5.133333333333334	6.25	12.5	0	6.25	6.25	12.5	43.75	0	0	6.25	0	6.25	0	0	0	0	0.5333333333333333	0	0	0	0	0	0	0	0	0	0	100.0	0	100.0	100.0	0	100.0	1.0	100.0	0	0	0	0	0	0	0	0	5.0	16.0	5.0	1.5714285714285714	5	1.0	1	100.0	0	0	0	0	100.0	0.0	0	0	0	0	0	0	0	12.5	6.25	0	6.25	6.25	0	0	12.5	0	0	31.25	6.25	0	0	0	6.25	0	6.25	6.25	0	100.0	0.0	0	0	0	0	0	0
greek_clean_5.conllu	1	19	19.0	4.176470588235294	0	10.526315789473685	10.526315789473685	0	5.2631578947368425	26.31578947368421	31.57894736842105	0	0	0	0	10.526315789473685	0	0	5.2631578947368425	0	0.5294117647058824	100.0	0	100.0	0	100.0	0	0	0	0	100.0	0	0	0	0	0	0	1.0	100.0	3.0	0	0	0	100.0	0	0	0	4.0	19.0	5.0	2.0	5	1.0	1	100.0	0	0	0	0	100.0	0.0	0	0	0	5.2631578947368425	0	0	0	15.789473684210526	5.2631578947368425	0	5.2631578947368425	0	0	0	26.31578947368421	0	0	15.789473684210526	0	5.2631578947368425	0	0	5.2631578947368425	0	10.526315789473685	5.2631578947368425	0	100.0	0.0	0	0	0	0	0	0
greek_clean_6.conllu	1	34	34.0	4.32258064516129	0	17.647058823529413	5.882352941176471	0	5.882352941176471	26.470588235294116	23.529411764705884	0	0	5.882352941176471	2.9411764705882355	8.823529411764707	0	0	2.9411764705882355	0	0.3870967741935484	100.0	0	100.0	0	100.0	0	0	0	0	100.0	0	0	0	0	0	0	1.0	100.0	3.0	0	0	0	100.0	0	0	0	7.0	34.0	14.0	2.3333333333333335	14	2.6666666666666665	3	0	33.333333333333336	66.66666666666667	0.0	100.0	100.0	0.0	0	0	0	2.9411764705882355	0	0	0	20.58823529411765	5.882352941176471	0	5.882352941176471	0	0	0	29.41176470588235	0	0	17.647058823529413	2.9411764705882355	0	0	2.9411764705882355	0	0	8.823529411764707	2.9411764705882355	0	100.0	0.0	0	0	0	0	0	0
greek_clean_7.conllu	1	25	25.0	5.0476190476190474	0	8.0	12.0	0	8.0	16.0	28.0	0	0	4.0	4.0	16.0	0	0	4.0	0	0.5714285714285714	100.0	0	100.0	0	100.0	0	0	0	0	100.0	0	0	0	0	0	0	1.0	100.0	4.0	0	0	0	0	100.0	0	0	4.0	25.0	13.0	2.55	13	0	0	0	0	0	0	0	100.0	0.0	0	0	0	4.0	0	0	0	16.0	8.0	0	12.0	0	0	0	20.0	0	0	4.0	0	4.0	0	0	12.0	0	16.0	4.0	0	100.0	0.0	0	0	0	0	0	0
greek_clean_8.conllu	1	19	19.0	5.117647058823529	10.526315789473685	5.2631578947368425	0	5.2631578947368425	5.2631578947368425	21.05263157894737	15.789473684210526	0	5.2631578947368425	5.2631578947368425	5.2631578947368425	10.526315789473685	0	0	10.526315789473685	0	0.47058823529411764	100.0	0	100.0	0	50.0	50.0	0	0	0	100.0	100.0	0	100.0	100.0	0	100.0	2.0	100.0	3.5	0	0	0	50.0	50.0	0	0	3.0	9.5	9.0	2.3125	9	0	0	0	0	0	0.0	100.0	50.0	50.0	0	0	0	5.2631578947368425	10.526315789473685	0	5.2631578947368425	5.2631578947368425	5.2631578947368425	0	5.2631578947368425	0	0	0	21.05263157894737	0	0	5.2631578947368425	5.2631578947368425	5.2631578947368425	0	5.2631578947368425	5.2631578947368425	0	10.526315789473685	5.2631578947368425	0	100.0	0.0	0	0	0	0	0	0
greek_clean_9.conllu	1	26	26.0	5.260869565217392	3.8461538461538463	3.8461538461538463	3.8461538461538463	0	11.538461538461538	30.76923076923077	26.923076923076923	0	0	0	3.8461538461538463	11.538461538461538	0	0	3.8461538461538463	0	0.4782608695652174	100.0	0	100.0	0	100.0	0	0	0	0	100.0	0	0	0	0	0	0	1.0	100.0	3.0	0	0	0	100.0	0	0	0	4.0	26.0	16.0	3.4545454545454546	16	0	0	0	0	0	0.0	100.0	100.0	0.0	0	0	0	3.8461538461538463	3.8461538461538463	0	0	3.8461538461538463	11.538461538461538	0	19.23076923076923	0	0	0	30.76923076923077	0	0	0	3.8461538461538463	0	0	3.8461538461538463	3.8461538461538463	0	11.538461538461538	3.8461538461538463	0	100.0	0.0	0	0	0	0	0	0
greek_clean_10.conllu	1	20	20.0	5.055555555555555	15.0	0	0	5.0	0	15.0	10.0	0	5.0	5.0	15.0	10.0	10.0	0	10.0	0	0.5555555555555556	100.0	0	100.0	0	100.0	0	0	100.0	0	0	100.0	0	100.0	100.0	0	100.0	3.0	100.0	3.5	0	0	0	50.0	50.0	0	0	4.0	6.666666666666667	14.0	2.823529411764706	14	0	0	0	0	0	0.0	100.0	100.0	0.0	0	0	5.0	5.0	15.0	0	0	0	0	0	0	5.0	0	0	15.0	0	10.0	5.0	15.0	0	0	10.0	0	0	10.0	5.0	0	33.333333333333336	66.66666666666667	100.0	0.0	1.0	100.0	0	0
greek_clean_11.conllu	1	28	28.0	5.0	10.714285714285714	14.285714285714286	3.5714285714285716	7.142857142857143	0	14.285714285714286	10.714285714285714	3.5714285714285716	0	0	0	17.857142857142858	3.5714285714285716	0	10.714285714285714	3.5714285714285716	0.43478260869565216	50.0	50.0	100.0	0	100.0	0	0	0	33.333333333333336	66.66666666666667	0	100.0	100.0	100.0	0	100.0	4.0	100.0	2.0	0	0	100.0	0	0	0	0	5.0	7.0	15.0	2.8636363636363638	15	0	0	0	0	0	0	0	100.0	0.0	0	0	3.5714285714285716	3.5714285714285716	10.714285714285714	0	3.5714285714285716	10.714285714285714	0	7.142857142857143	0	3.5714285714285716	0	0	14.285714285714286	0	7.142857142857143	3.5714285714285716	3.5714285714285716	0	0	0	3.5714285714285716	3.5714285714285716	17.857142857142858	3.5714285714285716	0	25.0	75.0	100.0	0.0	3.0	0	0	100.0
greek_clean_12.conllu	1	37	37.0	4.571428571428571	10.81081081081081	2.7027027027027026	0	16.216216216216218	8.108108108108109	16.216216216216218	29.72972972972973	2.7027027027027026	0	0	5.405405405405405	5.405405405405405	0	0	2.7027027027027026	0	0.5142857142857142	100.0	0	100.0	0	100.0	0	0	0	100.0	0	0	100.0	100.0	100.0	0	100.0	1.0	0.0	1.0	0	100.0	0	0	0	0	0	9.0	37.0	8.0	2.3529411764705883	8	0	0	0	0	0	0.0	100.0	0.0	100.0	0	0	0	0	13.513513513513514	0	16.216216216216218	2.7027027027027026	8.108108108108109	0	16.216216216216218	0	0	0	16.216216216216218	0	0	10.81081081081081	2.7027027027027026	0	0	5.405405405405405	0	0	5.405405405405405	2.7027027027027026	0	0	0	0	0	0	0	0	0
greek_clean_13.conllu	1	28	28.0	4.7727272727272725	7.142857142857143	3.5714285714285716	0	0	0	25.0	14.285714285714286	3.5714285714285716	0	10.714285714285714	3.5714285714285716	21.428571428571427	0	0	10.714285714285714	0	0.45454545454545453	100.0	0	100.0	0	100.0	0	0	66.66666666666667	0	33.333333333333336	0	0	0	0	0	0	3.0	100.0	2.3333333333333335	0	0	66.66666666666667	33.333333333333336	0	0	0	4.0	9.333333333333334	12.0	2.7142857142857144	12	0	0	0	0	0	50.0	50.0	66.66666666666667	33.333333333333336	0	7.142857142857143	0	0	7.142857142857143	0	0	3.5714285714285716	0	0	0	0	0	0	28.571428571428573	0	0	3.5714285714285716	0	10.714285714285714	0	7.142857142857143	7.142857142857143	0	21.428571428571427	3.5714285714285716	0	33.333333333333336	66.66666666666667	50.0	50.0	1.0	100.0	0	0
greek_clean_14.conllu	1	20	20.0	6.470588235294118	0	10.0	10.0	0	5.0	10.0	35.0	0	0	5.0	0	15.0	5.0	0	5.0	0	0.5882352941176471	0	100.0	100.0	0	100.0	0	0	0	0	100.0	0	0	0	0	0	0	1.0	100.0	5.0	0	0	0	0	0	100.0	0	3.0	20.0	9.0	2.4375	9	1.0	1	100.0	0	0	0	0	100.0	0.0	0	0	0	10.0	0	0	0	10.0	5.0	0	10.0	0	0	0	15.0	0	5.0	15.0	0	5.0	0	0	5.0	0	15.0	5.0	0	100.0	0.0	0	0	0	0	0	0
greek_clean_15.conllu	1	42	42.0	4.972222222222222	2.380952380952381	7.142857142857143	4.761904761904762	2.380952380952381	2.380952380952381	21.428571428571427	21.428571428571427	0	0	7.142857142857143	2.380952380952381	14.285714285714286	0	0	9.523809523809524	4.761904761904762	0.4722222222222222	0	100.0	100.0	0	100.0	0	0	100.0	0	0	0	0	0	0	0	0	4.0	100.0	2.75	0	0	25.0	75.0	0	0	0	9.0	10.5	9.0	2.342857142857143	9	1.0	1	100.0	0	0	0.0	100.0	100.0	0.0	0	4.761904761904762	2.380952380952381	4.761904761904762	2.380952380952381	0	2.380952380952381	4.761904761904762	2.380952380952381	0	7.142857142857143	0	0	0	21.428571428571427	2.380952380952381	2.380952380952381	7.142857142857143	7.142857142857143	0	0	7.142857142857143	4.761904761904762	0	14.285714285714286	2.380952380952381	0	25.0	75.0	100.0	0.0	1.0	100.0	0	0
greek_clean_16.conllu	1	44	44.0	5.25	4.545454545454546	9.090909090909092	4.545454545454546	2.272727272727273	0	22.727272727272727	18.181818181818183	0	0	9.090909090909092	4.545454545454546	9.090909090909092	2.272727272727273	0	13.636363636363637	0	0.5	50.0	50.0	100.0	16.666666666666668	83.33333333333333	0	0	40.0	20.0	40.0	0	0	0	0	0	0	6.0	100.0	2.5	0	33.333333333333336	16.666666666666668	16.666666666666668	33.333333333333336	0	0	7.0	7.333333333333333	36.0	3.7948717948717947	36	0	0	0	0	0	0.0	100.0	66.66666666666667	33.333333333333336	0	2.272727272727273	4.545454545454546	4.545454545454546	2.272727272727273	0	2.272727272727273	6.818181818181818	0	0	2.272727272727273	0	0	2.272727272727273	22.727272727272727	0	4.545454545454546	15.909090909090908	2.272727272727273	2.272727272727273	0	6.818181818181818	6.818181818181818	0	9.090909090909092	2.272727272727273	0	20.0	80.0	100.0	0.0	1.3333333333333333	66.66666666666667	33.333333333333336	0
greek_clean_17.conllu	1	19	19.0	5.294117647058823	5.2631578947368425	5.2631578947368425	5.2631578947368425	0	0	26.31578947368421	26.31578947368421	0	0	5.2631578947368425	0	10.526315789473685	0	0	10.526315789473685	5.2631578947368425	0.5294117647058824	0	100.0	100.0	0	100.0	0	0	50.0	0	50.0	0	0	0	0	0	0	2.0	100.0	2.5	0	0	50.0	50.0	0	0	0	6.0	9.5	4.0	1.6875	4	0	0	0	0	0	0.0	100.0	100.0	0.0	0	5.2631578947368425	0	0	5.2631578947368425	0	0	10.526315789473685	0	0	0	0	0	0	26.31578947368421	0	0	10.526315789473685	10.526315789473685	0	0	5.2631578947368425	10.526315789473685	0	10.526315789473685	5.2631578947368425	0	50.0	50.0	100.0	0.0	1.0	100.0	0	0
greek_clean_18.conllu	1	10	10.0	7.333333333333333	20.0	10.0	10.0	0	0	10.0	20.0	0	0	0	0	10.0	0	0	10.0	10.0	0.6666666666666666	0	100.0	100.0	0	100.0	0	0	0	0	100.0	0	0	0	0	0	0	1.0	100.0	2.0	0	0	100.0	0	0	0	0	3.0	10.0	4.0	1.875	4	0	0	0	0	0	0	0	100.0	0.0	0	0	0	10.0	20.0	0	0	10.0	0	0	0	0	0	0	10.0	10.0	0	0	0	10.0	0	0	10.0	0	10.0	10.0	0	100.0	0.0	0	0	0	0	0	0
greek_clean_19.conllu	1	28	28.0	6.269230769230769	21.428571428571427	10.714285714285714	3.5714285714285716	0	7.142857142857143	17.857142857142858	21.428571428571427	0	0	3.5714285714285716	0	7.142857142857143	0	0	7.142857142857143	0	0.5769230769230769	0	100.0	100.0	0	100.0	0	0	0	0	100.0	0	0	0	0	0	0	2.0	100.0	3.0	0	0	50.0	0	50.0	0	0	5.0	14.0	9.0	2.6	9	1.0	1	100.0	0	0	0	0	100.0	0.0	0	0	0	3.5714285714285716	17.857142857142858	0	0	10.714285714285714	7.142857142857143	0	7.142857142857143	0	0	0	17.857142857142858	0	0	10.714285714285714	0	3.5714285714285716	0	0	3.5714285714285716	3.5714285714285716	7.142857142857143	3.5714285714285716	3.5714285714285716	100.0	0.0	0	0	0	0	0	0
greek_clean_20.conllu	1	25	25.0	5.304347826086956	0	4.0	4.0	4.0	4.0	24.0	28.0	0	0	8.0	0	8.0	0	0	16.0	0	0.5217391304347826	0	100.0	100.0	0	100.0	0	0	100.0	0	0	0	0	0	0	0	0	4.0	100.0	2.25	0	25.0	50.0	0	25.0	0	0	6.0	6.25	12.0	2.5454545454545454	12	0	0	0	0	0	0.0	100.0	100.0	0.0	0	4.0	0	4.0	0	0	4.0	4.0	4.0	0	4.0	0	0	0	28.0	0	0	12.0	8.0	0	0	8.0	4.0	0	8.0	4.0	4.0	33.333333333333336	66.66666666666667	0.0	100.0	2.0	0	100.0	0
greek_clean_21.conllu	1	21	21.0	4.631578947368421	14.285714285714286	4.761904761904762	9.523809523809524	9.523809523809524	4.761904761904762	23.80952380952381	14.285714285714286	0	4.761904761904762	0	0	9.523809523809524	0	0	0	4.761904761904762	0.42105263157894735	0	0	0	0	0	0	0	0	0	0	0	100.0	100.0	100.0	0	100.0	2.0	100.0	0	0	0	0	0	0	0	0	3.0	10.5	7.0	2.9444444444444446	7	0	0	0	0	0	0	0	100.0	0.0	0	0	0	14.285714285714286	14.285714285714286	0	0	4.761904761904762	4.761904761904762	0	4.761904761904762	9.523809523809524	0	0	23.80952380952381	0	0	0	4.761904761904762	0	0	0	4.761904761904762	0	9.523809523809524	4.761904761904762	0	50.0	50.0	100.0	0.0	1.0	100.0	0	0
greek_clean_22.conllu	1	28	28.0	5.423076923076923	3.5714285714285716	17.857142857142858	7.142857142857143	0	3.5714285714285716	21.428571428571427	32.142857142857146	0	0	3.5714285714285716	0	7.142857142857143	0	0	3.5714285714285716	0	0.5	0	0	100.0	0	100.0	0	0	100.0	0	0	0	0	0	0	0	0	1.0	100.0	3.0	0	0	0	100.0	0	0	0	6.0	28.0	23.0	2.96	23	1.5	2	50.0	50.0	0	0	0	100.0	0.0	0	0	0	7.142857142857143	3.5714285714285716	0	0	17.857142857142858	3.5714285714285716	0	3.5714285714285716	0	0	0	25.0	0	0	17.857142857142858	3.5714285714285716	0	0	0	7.142857142857143	0	7.142857142857143	3.5714285714285716	0	100.0	0.0	0	0	0	0	0	0
greek_clean_23.conllu	1	21	21.0	5.947368421052632	14.285714285714286	4.761904761904762	4.761904761904762	4.761904761904762	4.761904761904762	19.047619047619047	28.571428571428573	0	0	0	0	9.523809523809524	0	0	9.523809523809524	0	0.631578947368421	0	100.0	100.0	0	100.0	0	0	100.0	0	0	0	0	0	0	0	0	2.0	100.0	3.0	0	0	0	100.0	0	0	0	3.0	10.5	8.0	2.3333333333333335	8	0	0	0	0	0	0.0	100.0	100.0	0.0	0	0	0	4.761904761904762	14.285714285714286	0	4.761904761904762	4.761904761904762	4.761904761904762	0	4.761904761904762	0	0	0	19.047619047619047	0	0	4.761904761904762	4.761904761904762	0	0	4.761904761904762	9.523809523809524	0	9.523809523809524	4.761904761904762	4.761904761904762	50.0	50.0	100.0	0.0	1.0	100.0	0	0
greek_clean_24.conllu	1	29	29.0	5.0	13.793103448275861	10.344827586206897	0	3.4482758620689653	3.4482758620689653	31.03448275862069	31.03448275862069	0	0	0	0	6.896551724137931	0	0	0	0	0.48148148148148145	0	0	0	0	0	0	0	0	0	0	0	100.0	100.0	100.0	100.0	0	1.0	100.0	0	0	0	0	0	0	0	0	5.0	29.0	9.0	2.3076923076923075	9	1.0	2	100.0	0	0	0	0	100.0	0.0	0	0	0	0	10.344827586206897	0	0	10.344827586206897	3.4482758620689653	0	6.896551724137931	3.4482758620689653	0	0	31.03448275862069	0	0	17.24137931034483	3.4482758620689653	0	0	0	3.4482758620689653	0	6.896551724137931	3.4482758620689653	0	100.0	0.0	0	0	0	0	0	0
greek_clean_25.conllu	1	20	20.0	5.529411764705882	0	5.0	10.0	5.0	0	20.0	25.0	0	0	0	0	15.0	5.0	0	10.0	5.0	0.5294117647058824	0	100.0	100.0	0	50.0	50.0	0	100.0	0	0	0	100.0	100.0	100.0	0	100.0	3.0	100.0	2.0	0	0	100.0	0	0	0	0	5.0	6.666666666666667	6.0	2.25	6	0	0	0	0	0	0	0	100.0	0.0	0	0	5.0	10.0	0	0	0	5.0	0	0	0	5.0	0	0	20.0	5.0	5.0	10.0	10.0	0	0	0	5.0	0	15.0	5.0	0	33.333333333333336	66.66666666666667	100.0	0.0	2.0	0	100.0	0
greek_clean_26.conllu	1	13	13.0	6.25	15.384615384615385	0	7.6923076923076925	0	7.6923076923076925	15.384615384615385	30.76923076923077	0	0	0	0	7.6923076923076925	0	0	15.384615384615385	0	0.75	0	100.0	100.0	0	100.0	0	0	0	0	100.0	0	0	0	0	0	0	2.0	100.0	3.0	0	0	50.0	0	50.0	0	0	3.0	6.5	5.0	2.1818181818181817	5	0	0	0	0	0	0.0	100.0	100.0	0.0	0	0	0	7.6923076923076925	15.384615384615385	0	0	0	7.6923076923076925	0	7.6923076923076925	0	0	0	15.384615384615385	0	0	7.6923076923076925	15.384615384615385	0	0	7.6923076923076925	0	0	7.6923076923076925	7.6923076923076925	0	100.0	0.0	0	0	0	0	0	0
greek_clean_27.conllu	1	30	30.0	4.583333333333333	6.666666666666667	10.0	6.666666666666667	3.3333333333333335	6.666666666666667	16.666666666666668	20.0	3.3333333333333335	0	3.3333333333333335	3.3333333333333335	20.0	0	0	0	0	0.4583333333333333	0	0	0	0	0	0	0	0	0	0	0	100.0	100.0	100.0	0	100.0	1.0	100.0	0	0	0	0	0	0	0	0	4.0	30.0	10.0	3.0	10	3.0	1	0	0	100.0	0	0	0	0	0	0	0	3.3333333333333335	6.666666666666667	0	0	13.333333333333334	6.666666666666667	0	6.666666666666667	3.3333333333333335	0	0	16.666666666666668	0	0	16.666666666666668	0	0	0	0	3.3333333333333335	0	20.0	3.3333333333333335	0	100.0	0.0	0	0	0	0	0	0
greek_clean_28.conllu	1	28	28.0	5.5	14.285714285714286	7.142857142857143	7.142857142857143	0	7.142857142857143	17.857142857142858	17.857142857142858	0	0	0	7.142857142857143	7.142857142857143	3.5714285714285716	0	10.714285714285714	0	0.6153846153846154	33.333333333333336	66.66666666666667	100.0	0	100.0	0	0	33.333333333333336	0	66.66666666666667	0	0	0	0	0	0	3.0	100.0	3.0	0	0	33.333333333333336	33.333333333333336	33.333333333333336	0	0	4.0	9.333333333333334	14.0	3.28	14	1.0	1	100.0	0	0	0	0	100.0	0.0	0	0	0	3.5714285714285716	14.285714285714286	0	0	10.714285714285714	7.142857142857143	3.5714285714285716	10.714285714285714	0	0	0	17.857142857142858	0	3.5714285714285716	3.5714285714285716	7.142857142857143	0	0	0	7.142857142857143	0	7.142857142857143	3.5714285714285716	0	50.0	50.0	100.0	0.0	1.0	100.0	0	0
greek_clean_29.conllu	1	11	11.0	5.7	18.181818181818183	9.090909090909092	9.090909090909092	0	9.090909090909092	18.181818181818183	18.181818181818183	0	0	0	0	9.090909090909092	0	0	9.090909090909092	0	0.6	100.0	0	100.0	0	100.0	0	0	100.0	0	0	0	0	0	0	0	0	1.0	100.0	3.0	0	0	0	100.0	0	0	0	3.0	11.0	4.0	2.111111111111111	4	0	0	0	0	0	0	0	100.0	0.0	0	0	0	9.090909090909092	9.090909090909092	0	0	9.090909090909092	9.090909090909092	0	9.090909090909092	0	0	0	18.181818181818183	0	0	0	9.090909090909092	0	0	0	9.090909090909092	0	9.090909090909092	9.090909090909092	0	100.0	0.0	0	0	0	0	0	0
greek_clean_30.conllu	1	25	25.0	5.818181818181818	8.0	16.0	0	0	0	28.0	32.0	0	0	0	0	12.0	0	0	4.0	0	0.5	100.0	0	100.0	0	100.0	0	0	0	0	100.0	0	0	0	0	0	0	1.0	100.0	3.0	0	0	0	100.0	0	0	0	4.0	25.0	9.0	2.4761904761904763	9	1.0	2	100.0	0	0	0	0	100.0	0.0	0	0	0	0	8.0	0	0	16.0	0	0	0	0	0	0	28.0	0	0	20.0	4.0	0	0	0	8.0	0	12.0	4.0	0	100.0	0.0	0	0	0	0	0	0
greek_clean_31.conllu	1	21	21.0	6.684210526315789	4.761904761904762	9.523809523809524	9.523809523809524	0	4.761904761904762	14.285714285714286	23.80952380952381	0	0	4.761904761904762	0	9.523809523809524	4.761904761904762	0	14.285714285714286	0	0.5789473684210527	0	100.0	100.0	0	66.66666666666667	0	33.333333333333336	0	0	100.0	0	0	0	0	0	0	3.0	100.0	2.3333333333333335	33.333333333333336	0	0	33.333333333333336	33.333333333333336	0	0	4.0	7.0	9.0	2.6666666666666665	9	0	0	0	0	0	0.0	100.0	100.0	0.0	0	0	4.761904761904762	9.523809523809524	9.523809523809524	0	0	9.523809523809524	4.761904761904762	0	0	0	0	0	14.285714285714286	0	4.761904761904762	9.523809523809524	4.761904761904762	0	0	4.761904761904762	9.523809523809524	0	9.523809523809524	4.761904761904762	0	50.0	50.0	100.0	0.0	1.0	100.0	0	0
greek_clean_32.conllu	1	25	25.0	5.625	8.0	12.0	4.0	4.0	4.0	24.0	16.0	0	0	0	8.0	4.0	0	4.0	12.0	0	0.5	33.333333333333336	66.66666666666667	100.0	0	100.0	0	0	0	0	100.0	0	0	0	0	0	0	3.0	100.0	1.3333333333333333	33.333333333333336	33.333333333333336	0	33.333333333333336	0	0	0	4.0	8.333333333333334	10.0	2.6956521739130435	10	1.0	1	100.0	0	0	0	0	100.0	0.0	0	0	0	8.0	8.0	0	4.0	12.0	4.0	0	8.0	0	0	0	24.0	0	0	8.0	4.0	0	0	0	8.0	0	4.0	4.0	4.0	50.0	50.0	100.0	0.0	1.0	100.0	0	0
greek_clean_33.conllu	1	31	31.0	5.642857142857143	3.225806451612903	9.67741935483871	0	0	3.225806451612903	25.806451612903224	38.70967741935484	0	0	3.225806451612903	0	9.67741935483871	3.225806451612903	0	3.225806451612903	0	0.5	0	100.0	100.0	0	100.0	0	0	100.0	0	0	0	0	0	0	0	0	1.0	0.0	3.0	0	0	0	100.0	0	0	0	6.0	31.0	21.0	3.7037037037037037	21	1.0	3	100.0	0	0	0.0	100.0	100.0	0.0	0	0	3.225806451612903	0	3.225806451612903	0	0	9.67741935483871	3.225806451612903	0	6.451612903225806	0	0	0	25.806451612903224	0	3.225806451612903	25.806451612903224	0	3.225806451612903	0	3.225806451612903	0	0	9.67741935483871	3.225806451612903	0	0.0	100.0	100.0	0.0	1.0	100.0	0	0
greek_clean_34.conllu	1	20	20.0	7.5	10.0	0	25.0	0	5.0	5.0	20.0	0	0	5.0	0	10.0	0	0	20.0	0	0.8333333333333334	0	100.0	100.0	0	100.0	0	0	75.0	0	25.0	0	0	0	0	0	0	4.0	100.0	3.0	0	0	50.0	0	50.0	0	0	4.0	5.0	6.0	2.176470588235294	6	0	0	0	0	0	0.0	100.0	50.0	50.0	0	5.0	5.0	15.0	10.0	0	0	5.0	5.0	0	5.0	0	0	0	5.0	0	5.0	0	10.0	0	0	10.0	5.0	0	10.0	5.0	0	33.333333333333336	66.66666666666667	50.0	50.0	1.0	100.0	0	0
greek_clean_35.conllu	1	42	42.0	5.638888888888889	9.523809523809524	7.142857142857143	0	0	2.380952380952381	21.428571428571427	21.428571428571427	2.380952380952381	0	7.142857142857143	2.380952380952381	14.285714285714286	0	0	9.523809523809524	2.380952380952381	0.5	0	100.0	100.0	0	100.0	0	0	0	0	100.0	0	0	0	0	0	0	4.0	100.0	2.25	0	0	75.0	25.0	0	0	0	9.0	10.5	8.0	2.4285714285714284	8	1.0	2	100.0	0	0	0.0	100.0	50.0	50.0	0	4.761904761904762	0	0	9.523809523809524	2.380952380952381	0	7.142857142857143	2.380952380952381	0	2.380952380952381	0	0	0	23.80952380952381	0	0	11.904761904761905	7.142857142857143	2.380952380952381	2.380952380952381	2.380952380952381	4.761904761904762	0	14.285714285714286	2.380952380952381	0	33.333333333333336	66.66666666666667	100.0	0.0	1.0	100.0	0	0
greek_clean_36.conllu	1	40	40.0	5.684210526315789	2.5	12.5	5.0	0	2.5	27.5	32.5	5.0	0	2.5	0	5.0	0	0	5.0	0	0.47368421052631576	100.0	0	100.0	0	100.0	0	0	0	0	100.0	0	0	0	0	0	0	2.0	100.0	2.5	0	0	50.0	50.0	0	0	0	11.0	20.0	33.0	2.7567567567567566	33	1.3333333333333333	3	66.66666666666667	33.333333333333336	0	100.0	0.0	0.0	100.0	0	2.5	0	2.5	5.0	0	0	15.0	2.5	0	5.0	0	0	0	27.5	0	0	20.0	0	2.5	0	2.5	7.5	0	5.0	2.5	0	50.0	50.0	100.0	0.0	1.0	100.0	0	0
greek_clean_37.conllu	1	10	10.0	5.222222222222222	10.0	20.0	10.0	0	0	10.0	10.0	10.0	0	0	0	10.0	0	0	10.0	10.0	0.4444444444444444	0	100.0	100.0	0	100.0	0	0	0	0	100.0	0	0	0	0	0	0	1.0	100.0	2.0	0	0	100.0	0	0	0	0	2.0	10.0	5.0	2.375	5	0	0	0	0	0	0	0	100.0	0.0	0	0	0	10.0	10.0	0	0	20.0	0	0	0	0	0	0	10.0	0	0	0	10.0	0	10.0	0	10.0	0	10.0	10.0	0	100.0	0.0	0	0	0	0	0	0
greek_clean_38.conllu	1	34	34.0	5.935483870967742	2.9411764705882355	2.9411764705882355	0	5.882352941176471	8.823529411764707	17.647058823529413	29.41176470588235	0	0	8.823529411764707	0	8.823529411764707	0	0	14.705882352941176	0	0.5161290322580645	0	100.0	100.0	0	100.0	0	0	100.0	0	0	0	0	0	0	0	0	5.0	100.0	2.4	0	20.0	20.0	60.0	0	0	0	5.0	6.8	11.0	2.533333333333333	11	0	0	0	0	0	0.0	100.0	100.0	0.0	0	2.9411764705882355	2.9411764705882355	0	2.9411764705882355	0	5.882352941176471	0	8.823529411764707	0	11.764705882352942	0	0	0	20.58823529411765	0	2.9411764705882355	2.9411764705882355	5.882352941176471	2.9411764705882355	0	11.764705882352942	2.9411764705882355	0	8.823529411764707	2.9411764705882355	2.9411764705882355	25.0	75.0	66.66666666666667	33.333333333333336	1.5	50.0	50.0	0
greek_clean_39.conllu	1	16	16.0	5.714285714285714	6.25	12.5	0	6.25	0	25.0	25.0	6.25	0	0	0	12.5	0	0	6.25	0	0.42857142857142855	0	0	0	0	0	0	100.0	0	0	0	100.0	0	100.0	100.0	0	100.0	1.0	100.0	5.0	0	0	0	0	0	100.0	0	3.0	16.0	7.0	2.230769230769231	7	0	0	0	0	0	0	0	100.0	0.0	0	0	0	0	6.25	0	0	12.5	0	0	0	6.25	0	0	25.0	0	0	6.25	6.25	0	0	0	18.75	0	12.5	6.25	0	100.0	0.0	0	0	0	0	0	0
greek_clean_40.conllu	1	13	13.0	5.5	0	15.384615384615385	0	7.6923076923076925	0	23.076923076923077	30.76923076923077	0	0	7.6923076923076925	0	7.6923076923076925	0	0	7.6923076923076925	0	0.4166666666666667	0	0	100.0	0	100.0	0	0	100.0	0	0	0	0	0	0	0	0	1.0	0.0	2.0	0	0	100.0	0	0	0	0	3.0	13.0	6.0	1.8181818181818181	6	0	0	0	0	0	0.0	100.0	0	0	7.6923076923076925	0	0	0	0	0	7.6923076923076925	15.384615384615385	0	0	0	0	0	0	23.076923076923077	0	0	15.384615384615385	0	0	0	7.6923076923076925	7.6923076923076925	0	7.6923076923076925	7.6923076923076925	0	0.0	100.0	100.0	0.0	1.0	100.0	0	0
greek_clean_41.conllu	1	30	30.0	4.892857142857143	10.0	6.666666666666667	0	3.3333333333333335	0	26.666666666666668	26.666666666666668	0	0	10.0	0	6.666666666666667	3.3333333333333335	0	6.666666666666667	0	0.4642857142857143	50.0	50.0	100.0	0	100.0	0	0	0	0	100.0	0	100.0	100.0	100.0	0	100.0	3.0	100.0	2.5	0	0	50.0	50.0	0	0	0	6.0	10.0	24.0	3.2222222222222223	24	1.0	1	100.0	0	0	0	0	75.0	25.0	0	3.3333333333333335	3.3333333333333335	0	6.666666666666667	0	0	6.666666666666667	0	0	0	3.3333333333333335	0	0	30.0	0	3.3333333333333335	16.666666666666668	13.333333333333334	0	0	0	3.3333333333333335	0	6.666666666666667	3.3333333333333335	0	33.333333333333336	66.66666666666667	100.0	0.0	1.0	100.0	0	0
greek_clean_42.conllu	1	21	21.0	4.9	0	9.523809523809524	14.285714285714286	4.761904761904762	0	23.80952380952381	19.047619047619047	4.761904761904762	0	0	4.761904761904762	4.761904761904762	4.761904761904762	0	9.523809523809524	0	0.5	50.0	50.0	100.0	0	100.0	0	0	0	0	100.0	0	0	0	0	0	0	2.0	100.0	3.5	0	0	50.0	0	0	50.0	0	5.0	10.5	11.0	3.0	11	1.0	1	100.0	0	0	0.0	100.0	100.0	0.0	0	0	0	14.285714285714286	0	0	4.761904761904762	9.523809523809524	0	4.761904761904762	0	0	0	0	23.80952380952381	0	4.761904761904762	14.285714285714286	4.761904761904762	0	0	4.761904761904762	4.761904761904762	0	4.761904761904762	4.761904761904762	0	50.0	50.0	100.0	0.0	1.0	100.0	0	0
greek_clean_43.conllu	1	25	25.0	4.304347826086956	8.0	12.0	8.0	0	4.0	20.0	24.0	8.0	0	0	0	8.0	0	0	4.0	4.0	0.4782608695652174	0	100.0	100.0	0	100.0	0	0	0	0	100.0	0	0	0	0	0	0	1.0	100.0	3.0	0	0	0	100.0	0	0	0	5.0	25.0	12.0	2.8181818181818183	12	2.0	1	0	100.0	0	0	0	100.0	0.0	0	0	0	4.0	8.0	0	0	16.0	4.0	0	8.0	0	0	0	20.0	0	0	16.0	4.0	0	4.0	0	4.0	0	8.0	4.0	0	100.0	0.0	0	0	0	0	0	0
greek_clean_44.conllu	1	16	16.0	5.0	0	12.5	0	0	6.25	12.5	31.25	0	0	6.25	0	12.5	0	0	18.75	0	0.5714285714285714	0	100.0	100.0	0	100.0	0	0	0	0	100.0	0	0	0	0	0	0	3.0	100.0	2.3333333333333335	0	0	66.66666666666667	33.333333333333336	0	0	0	4.0	5.333333333333333	4.0	1.8461538461538463	4	0	0	0	0	0	0.0	100.0	100.0	0.0	0	0	0	0	0	0	0	12.5	6.25	0	12.5	0	0	0	18.75	0	0	6.25	6.25	0	0	6.25	6.25	6.25	12.5	6.25	0	100.0	0.0	0	0	0	0	0	0
greek_clean_45.conllu	1	18	18.0	3.823529411764706	0	11.11111111111111	0	5.555555555555555	0	22.22222222222222	22.22222222222222	0	5.555555555555555	11.11111111111111	0	5.555555555555555	0	0	16.666666666666668	0	0.4117647058823529	0	100.0	100.0	0	100.0	0	0	0	0	100.0	0	0	0	0	0	0	3.0	100.0	2.6666666666666665	0	0	33.333333333333336	66.66666666666667	0	0	0	6.0	6.0	4.0	1.875	4	0	0	0	0	0	100.0	0.0	50.0	50.0	0	5.555555555555555	5.555555555555555	5.555555555555555	0	0	5.555555555555555	5.555555555555555	0	0	0	0	0	0	22.22222222222222	0	5.555555555555555	5.555555555555555	5.555555555555555	5.555555555555555	0	11.11111111111111	5.555555555555555	0	5.555555555555555	5.555555555555555	0	33.333333333333336	66.66666666666667	100.0	0.0	2.0	0	100.0	0
greek_clean_46.conllu	1	13	13.0	5.166666666666667	7.6923076923076925	7.6923076923076925	0	0	0	30.76923076923077	30.76923076923077	0	0	0	7.6923076923076925	7.6923076923076925	0	0	7.6923076923076925	0	0.5833333333333334	100.0	0	100.0	0	100.0	0	0	0	0	100.0	0	0	0	0	0	0	1.0	100.0	2.0	0	0	100.0	0	0	0	0	3.0	13.0	3.0	1.8181818181818181	3	0	0	0	0	0	0	0	100.0	0.0	0	0	0	0	7.6923076923076925	0	0	7.6923076923076925	0	0	0	0	0	0	30.76923076923077	0	0	23.076923076923077	0	7.6923076923076925	0	0	7.6923076923076925	0	7.6923076923076925	7.6923076923076925	0	100.0	0.0	0	0	0	0	0	0
greek_clean_47.conllu	1	21	21.0	5.7894736842105265	9.523809523809524	0	4.761904761904762	4.761904761904762	4.761904761904762	19.047619047619047	23.80952380952381	0	0	4.761904761904762	0	9.523809523809524	0	0	14.285714285714286	4.761904761904762	0.5789473684210527	66.66666666666667	33.333333333333336	100.0	0	100.0	0	0	66.66666666666667	0	33.333333333333336	0	0	0	0	0	0	3.0	100.0	1.6666666666666667	0	66.66666666666667	0	33.333333333333336	0	0	0	4.0	7.0	11.0	2.611111111111111	11	0	0	0	0	0	0.0	100.0	100.0	0.0	0	0	4.761904761904762	0	14.285714285714286	0	4.761904761904762	0	4.761904761904762	0	9.523809523809524	0	0	0	19.047619047619047	0	0	9.523809523809524	4.761904761904762	0	0	9.523809523809524	0	0	9.523809523809524	4.761904761904762	4.761904761904762	33.333333333333336	66.66666666666667	100.0	0.0	1.0	100.0	0	0
greek_clean_48.conllu	1	21	21.0	4.764705882352941	9.523809523809524	9.523809523809524	4.761904761904762	4.761904761904762	0	23.80952380952381	14.285714285714286	0	0	0	0	19.047619047619047	0	0	9.523809523809524	4.761904761904762	0.47058823529411764	100.0	0	100.0	0	100.0	0	0	100.0	0	0	0	0	0	0	0	0	2.0	100.0	2.5	0	0	50.0	50.0	0	0	0	4.0	10.5	6.0	2.4375	6	0	0	0	0	0	0.0	100.0	100.0	0.0	4.761904761904762	0	0	4.761904761904762	4.761904761904762	0	4.761904761904762	9.523809523809524	0	0	0	0	0	0	23.80952380952381	0	0	4.761904761904762	4.761904761904762	0	0	4.761904761904762	9.523809523809524	0	19.047619047619047	4.761904761904762	0	50.0	50.0	100.0	0.0	1.0	100.0	0	0
greek_clean_49.conllu	1	11	11.0	4.0	0	9.090909090909092	9.090909090909092	0	0	27.272727272727273	18.181818181818183	0	0	9.090909090909092	0	9.090909090909092	0	0	9.090909090909092	9.090909090909092	0.4	0	100.0	100.0	0	100.0	0	0	0	0	100.0	0	0	0	0	0	0	1.0	100.0	2.0	0	0	100.0	0	0	0	0	3.0	11.0	3.0	1.6666666666666667	3	0	0	0	0	0	0	0	0.0	100.0	0	0	0	9.090909090909092	0	0	0	9.090909090909092	0	0	0	0	0	0	27.272727272727273	0	0	18.181818181818183	0	9.090909090909092	0	0	9.090909090909092	0	9.090909090909092	9.090909090909092	0	100.0	0.0	0	0	0	0	0	0
greek_clean_50.conllu	1	37	37.0	5.705882352941177	10.81081081081081	10.81081081081081	2.7027027027027026	0	5.405405405405405	18.91891891891892	32.432432432432435	0	0	5.405405405405405	0	8.108108108108109	0	0	5.405405405405405	0	0.5588235294117647	50.0	50.0	100.0	0	100.0	0	0	0	0	100.0	0	0	0	0	0	0	2.0	100.0	3.0	0	0	50.0	0	50.0	0	0	5.0	18.5	11.0	2.727272727272727	11	1.0	2	100.0	0	0	0.0	100.0	100.0	0.0	0	2.7027027027027026	0	2.7027027027027026	10.81081081081081	0	0	10.81081081081081	5.405405405405405	0	5.405405405405405	0	0	0	21.62162162162162	0	0	18.91891891891892	2.7027027027027026	2.7027027027027026	0	2.7027027027027026	2.7027027027027026	0	8.108108108108109	2.7027027027027026	0	50.0	50.0	0.0	100.0	1.0	100.0	0	0
greek_clean_51.conllu	1	9	9.0	6.5	11.11111111111111	0	0	0	0	22.22222222222222	33.333333333333336	0	0	11.11111111111111	0	11.11111111111111	0	0	11.11111111111111	0	0.625	0	100.0	100.0	0	100.0	0	0	0	0	100.0	0	0	0	0	0	0	1.0	100.0	2.0	0	0	100.0	0	0	0	0	2.0	9.0	3.0	1.5714285714285714	3	0	0	0	0	0	0.0	100.0	100.0	0.0	0	0	0	0	11.11111111111111	0	0	0	0	0	0	0	0	0	22.22222222222222	0	0	22.22222222222222	11.11111111111111	0	0	11.11111111111111	0	0	11.11111111111111	11.11111111111111	0	100.0	0.0	0	0	0	0	0	0
greek_clean_52.conllu	1	32	32.0	5.233333333333333	6.25	3.125	21.875	6.25	9.375	21.875	15.625	0	0	0	3.125	6.25	0	0	6.25	0	0.5666666666666667	0	0	0	0	0	50.0	50.0	0	0	0	0	100.0	100.0	100.0	0	100.0	3.0	100.0	3.5	0	50.0	0	0	0	0	50.0	4.0	10.666666666666666	14.0	3.0344827586206895	14	0	0	0	0	0	0	0	100.0	0.0	0	0	3.125	15.625	3.125	0	3.125	3.125	9.375	0	6.25	3.125	0	0	21.875	0	3.125	9.375	3.125	3.125	0	0	0	3.125	6.25	3.125	0	50.0	50.0	0.0	100.0	1.0	100.0	0	0
greek_clean_53.conllu	1	23	23.0	6.761904761904762	13.043478260869565	4.3478260869565215	0	4.3478260869565215	4.3478260869565215	21.73913043478261	30.434782608695652	0	0	0	0	8.695652173913043	0	0	13.043478260869565	0	0.6190476190476191	0	100.0	100.0	0	66.66666666666667	0	33.333333333333336	100.0	0	0	0	0	0	0	0	0	3.0	100.0	1.6666666666666667	33.333333333333336	0	33.333333333333336	33.333333333333336	0	0	0	5.0	7.666666666666667	7.0	2.3	7	0	0	0	0	0	0.0	100.0	50.0	50.0	0	0	4.3478260869565215	0	17.391304347826086	0	4.3478260869565215	0	4.3478260869565215	0	8.695652173913043	0	0	0	21.73913043478261	0	4.3478260869565215	8.695652173913043	8.695652173913043	0	0	4.3478260869565215	0	0	8.695652173913043	4.3478260869565215	0	50.0	50.0	100.0	0.0	1.0	100.0	0	0
greek_clean_54.conllu	1	21	21.0	6.315789473684211	19.047619047619047	4.761904761904762	9.523809523809524	0	4.761904761904762	19.047619047619047	28.571428571428573	0	0	0	0	9.523809523809524	0	0	4.761904761904762	0	0.6842105263157895	0	100.0	100.0	0	100.0	0	0	100.0	0	0	0	0	0	0	0	0	1.0	100.0	4.0	0	0	0	0	100.0	0	0	4.0	21.0	13.0	2.4444444444444446	13	0	0	0	0	0	0.0	100.0	100.0	0.0	0	0	0	9.523809523809524	14.285714285714286	0	0	4.761904761904762	4.761904761904762	0	4.761904761904762	0	0	0	19.047619047619047	0	0	9.523809523809524	4.761904761904762	0	0	9.523809523809524	4.761904761904762	0	9.523809523809524	4.761904761904762	0	100.0	0.0	0	0	0	0	0	0
greek_clean_55.conllu	1	25	25.0	5.521739130434782	12.0	12.0	4.0	8.0	0	12.0	28.0	0	0	0	0	8.0	8.0	0	8.0	0	0.5652173913043478	0	100.0	100.0	0	100.0	0	0	100.0	0	0	0	100.0	100.0	100.0	0	100.0	2.0	100.0	3.0	0	0	0	100.0	0	0	0	6.0	12.5	6.0	2.227272727272727	6	2.0	1	0	100.0	0	0.0	100.0	100.0	0.0	0	0	0	4.0	12.0	0	4.0	12.0	0	8.0	0	0	0	0	12.0	0	8.0	8.0	8.0	0	0	4.0	8.0	0	8.0	4.0	0	50.0	50.0	100.0	0.0	1.0	100.0	0	0
greek_clean_56.conllu	1	32	32.0	5.517241379310345	9.375	6.25	18.75	6.25	0	9.375	6.25	0	3.125	9.375	0	9.375	6.25	0	15.625	0	0.5517241379310345	0	100.0	100.0	0	80.0	20.0	0	25.0	0	75.0	0	100.0	100.0	100.0	0	100.0	5.0	100.0	3.0	0	0	60.0	20.0	0	0	20.0	7.0	6.4	13.0	2.607142857142857	13	0	0	0	0	0	100.0	0.0	100.0	0.0	0	6.25	6.25	12.5	0	0	3.125	15.625	0	0	0	3.125	0	0	9.375	0	6.25	0	0	6.25	0	3.125	6.25	0	9.375	3.125	9.375	20.0	80.0	75.0	25.0	1.0	100.0	0	0
greek_clean_57.conllu	1	28	28.0	5.4	7.142857142857143	3.5714285714285716	3.5714285714285716	0	3.5714285714285716	25.0	32.142857142857146	0	0	3.5714285714285716	0	10.714285714285714	3.5714285714285716	0	7.142857142857143	0	0.56	0	100.0	100.0	0	100.0	0	0	50.0	0	50.0	0	0	0	0	0	0	2.0	100.0	3.0	0	0	50.0	0	50.0	0	0	5.0	14.0	12.0	2.625	12	0	0	0	0	0	0	0	100.0	0.0	0	0	3.5714285714285716	0	7.142857142857143	0	0	7.142857142857143	3.5714285714285716	3.5714285714285716	7.142857142857143	0	0	0	28.571428571428573	0	3.5714285714285716	10.714285714285714	3.5714285714285716	3.5714285714285716	0	0	3.5714285714285716	0	10.714285714285714	3.5714285714285716	0	50.0	50.0	100.0	0.0	1.0	100.0	0	0
greek_clean_58.conllu	1	27	27.0	5.416666666666667	7.407407407407407	3.7037037037037037	3.7037037037037037	11.11111111111111	3.7037037037037037	18.51851851851852	25.925925925925927	0	3.7037037037037037	0	0	11.11111111111111	0	0	11.11111111111111	0	0.5416666666666666	0	100.0	100.0	0	100.0	0	0	0	0	100.0	0	100.0	100.0	100.0	0	100.0	3.0	100.0	3.0	0	0	33.333333333333336	33.333333333333336	33.333333333333336	0	0	7.0	9.0	7.0	2.260869565217391	7	0	0	0	0	0	0.0	100.0	50.0	50.0	3.7037037037037037	0	0	7.407407407407407	7.407407407407407	0	11.11111111111111	0	3.7037037037037037	0	3.7037037037037037	0	0	0	18.51851851851852	0	3.7037037037037037	7.407407407407407	7.407407407407407	7.407407407407407	0	3.7037037037037037	0	0	11.11111111111111	3.7037037037037037	0	33.333333333333336	66.66666666666667	100.0	0.0	1.0	100.0	0	0
greek_clean_59.conllu	1	23	23.0	5.318181818181818	8.695652173913043	8.695652173913043	4.3478260869565215	8.695652173913043	0	21.73913043478261	30.434782608695652	0	0	0	0	4.3478260869565215	0	0	13.043478260869565	0	0.5909090909090909	0	100.0	100.0	0	100.0	0	0	0	0	100.0	0	0	0	0	0	0	3.0	100.0	2.6666666666666665	0	0	33.333333333333336	66.66666666666667	0	0	0	5.0	7.666666666666667	11.0	2.142857142857143	11	0	0	0	0	0	0.0	100.0	33.333333333333336	66.66666666666667	0	0	4.3478260869565215	4.3478260869565215	8.695652173913043	0	8.695652173913043	4.3478260869565215	0	0	0	0	4.3478260869565215	0	21.73913043478261	0	4.3478260869565215	13.043478260869565	4.3478260869565215	4.3478260869565215	0	4.3478260869565215	4.3478260869565215	0	4.3478260869565215	4.3478260869565215	0	33.333333333333336	66.66666666666667	100.0	0.0	2.0	0	100.0	0
greek_clean_60.conllu	1	9	9.0	6.0	0	11.11111111111111	0	0	0	22.22222222222222	44.44444444444444	0	0	0	0	11.11111111111111	0	0	11.11111111111111	0	0.625	0	100.0	100.0	0	100.0	0	0	0	0	100.0	0	0	0	0	0	0	1.0	100.0	2.0	0	0	100.0	0	0	0	0	2.0	9.0	3.0	1.5714285714285714	3	0	0	0	0	0	0	0	100.0	0.0	0	0	0	0	0	0	0	11.11111111111111	0	0	0	0	0	0	22.22222222222222	0	0	22.22222222222222	0	11.11111111111111	0	0	11.11111111111111	0	11.11111111111111	11.11111111111111	0	100.0	0.0	0	0	0	0	0	0
greek_clean_61.conllu	1	16	16.0	5.642857142857143	12.5	6.25	0	6.25	6.25	6.25	12.5	0	0	6.25	0	12.5	6.25	0	25.0	0	0.5714285714285714	0	100.0	100.0	0	75.0	25.0	0	0	0	100.0	0	0	0	0	0	0	4.0	100.0	1.75	0	25.0	75.0	0	0	0	0	4.0	4.0	9.0	2.3076923076923075	9	0	0	0	0	0	0.0	100.0	0.0	100.0	0	0	6.25	0	12.5	0	6.25	6.25	6.25	0	6.25	0	6.25	0	6.25	0	6.25	6.25	0	0	0	6.25	6.25	0	12.5	6.25	0	33.333333333333336	66.66666666666667	100.0	0.0	1.0	100.0	0	0
greek_clean_62.conllu	1	23	23.0	5.238095238095238	0	8.695652173913043	0	4.3478260869565215	4.3478260869565215	21.73913043478261	39.130434782608695	0	0	4.3478260869565215	0	8.695652173913043	0	0	8.695652173913043	0	0.5238095238095238	0	100.0	100.0	0	100.0	0	0	0	0	100.0	0	0	0	0	0	0	2.0	100.0	2.5	0	50.0	0	0	50.0	0	0	8.0	11.5	7.0	1.7	7	1.0	1	100.0	0	0	0.0	100.0	50.0	50.0	4.3478260869565215	0	0	0	0	0	4.3478260869565215	8.695652173913043	4.3478260869565215	0	0	0	0	0	26.08695652173913	0	0	21.73913043478261	4.3478260869565215	4.3478260869565215	0	4.3478260869565215	4.3478260869565215	0	8.695652173913043	4.3478260869565215	0	50.0	50.0	100.0	0.0	1.0	100.0	0	0
greek_clean_63.conllu	1	33	33.0	5.4375	6.0606060606060606	15.151515151515152	6.0606060606060606	3.0303030303030303	3.0303030303030303	18.181818181818183	30.303030303030305	0	0	6.0606060606060606	0	3.0303030303030303	0	0	9.090909090909092	0	0.53125	0	100.0	100.0	0	100.0	0	0	0	0	100.0	0	100.0	100.0	100.0	0	100.0	4.0	100.0	3.0	0	0	0	100.0	0	0	0	8.0	8.25	8.0	2.161290322580645	8	0	0	0	0	0	0	0	75.0	25.0	0	6.0606060606060606	0	3.0303030303030303	9.090909090909092	0	0	15.151515151515152	3.0303030303030303	0	3.0303030303030303	3.0303030303030303	0	0	18.181818181818183	0	0	6.0606060606060606	6.0606060606060606	6.0606060606060606	0	0	15.151515151515152	0	3.0303030303030303	3.0303030303030303	0	25.0	75.0	100.0	0.0	1.0	100.0	0	0
greek_clean_64.conllu	1	34	34.0	5.733333333333333	11.764705882352942	5.882352941176471	8.823529411764707	2.9411764705882355	0	14.705882352941176	23.529411764705884	0	0	5.882352941176471	0	11.764705882352942	2.9411764705882355	0	8.823529411764707	2.9411764705882355	0.6	0	100.0	100.0	0	100.0	0	0	66.66666666666667	0	33.333333333333336	0	100.0	100.0	100.0	0	100.0	4.0	100.0	2.3333333333333335	0	0	66.66666666666667	33.333333333333336	0	0	0	6.0	8.5	8.0	2.4827586206896552	8	0	0	0	0	0	0.0	100.0	75.0	25.0	0	2.9411764705882355	5.882352941176471	5.882352941176471	5.882352941176471	0	0	5.882352941176471	0	0	0	2.9411764705882355	0	0	14.705882352941176	0	5.882352941176471	11.764705882352942	8.823529411764707	2.9411764705882355	0	2.9411764705882355	5.882352941176471	0	11.764705882352942	2.9411764705882355	2.9411764705882355	25.0	75.0	66.66666666666667	33.333333333333336	1.5	50.0	50.0	0
greek_clean_65.conllu	1	35	35.0	5.838709677419355	11.428571428571429	11.428571428571429	8.571428571428571	0	0	14.285714285714286	25.714285714285715	0	0	5.714285714285714	0	11.428571428571429	0	0	11.428571428571429	0	0.6451612903225806	0	100.0	100.0	25.0	75.0	0	0	100.0	0	0	0	0	0	0	0	0	4.0	100.0	2.25	0	0	75.0	25.0	0	0	0	6.0	8.75	16.0	2.8	16	1.0	2	100.0	0	0	0.0	100.0	100.0	0.0	0	5.714285714285714	2.857142857142857	5.714285714285714	11.428571428571429	0	0	14.285714285714286	0	0	0	0	0	0	14.285714285714286	0	0	11.428571428571429	0	5.714285714285714	0	5.714285714285714	8.571428571428571	0	11.428571428571429	2.857142857142857	0	25.0	75.0	66.66666666666667	33.333333333333336	1.0	100.0	0	0
greek_clean_66.conllu	1	15	15.0	5.769230769230769	0	6.666666666666667	6.666666666666667	0	0	13.333333333333334	33.333333333333336	0	0	6.666666666666667	6.666666666666667	13.333333333333334	0	0	13.333333333333334	0	0.6923076923076923	0	100.0	100.0	0	100.0	0	0	50.0	0	50.0	0	0	0	0	0	0	2.0	100.0	2.0	0	0	100.0	0	0	0	0	5.0	7.5	3.0	1.5	3	1.0	1	100.0	0	0	0.0	100.0	100.0	0.0	0	6.666666666666667	0	6.666666666666667	0	0	0	6.666666666666667	0	0	0	0	0	0	13.333333333333334	0	0	20.0	13.333333333333334	0	0	13.333333333333334	0	0	13.333333333333334	6.666666666666667	0	50.0	50.0	100.0	0.0	1.0	100.0	0	0
greek_clean_67.conllu	1	37	37.0	5.8125	2.7027027027027026	8.108108108108109	5.405405405405405	0	5.405405405405405	21.62162162162162	37.83783783783784	0	0	2.7027027027027026	0	13.513513513513514	0	0	2.7027027027027026	0	0.5625	0	100.0	100.0	0	100.0	0	0	0	0	100.0	0	0	0	0	0	0	1.0	100.0	4.0	0	0	0	0	100.0	0	0	6.0	37.0	24.0	2.7419354838709675	24	1.0	3	100.0	0	0	0.0	100.0	50.0	50.0	0	0	0	0	2.7027027027027026	0	0	10.81081081081081	5.405405405405405	0	8.108108108108109	0	0	0	24.324324324324323	0	0	21.62162162162162	5.405405405405405	0	0	2.7027027027027026	2.7027027027027026	0	13.513513513513514	2.7027027027027026	0	100.0	0.0	0	0	0	0	0	0
greek_clean_68.conllu	1	21	21.0	6.473684210526316	9.523809523809524	9.523809523809524	4.761904761904762	0	0	9.523809523809524	14.285714285714286	9.523809523809524	0	9.523809523809524	4.761904761904762	9.523809523809524	4.761904761904762	0	14.285714285714286	0	0.5263157894736842	33.333333333333336	66.66666666666667	100.0	0	100.0	0	0	33.333333333333336	0	66.66666666666667	0	0	0	0	0	0	3.0	100.0	2.3333333333333335	0	0	66.66666666666667	33.333333333333336	0	0	0	6.0	7.0	6.0	1.9444444444444444	6	0	0	0	0	0	0.0	100.0	100.0	0.0	0	4.761904761904762	4.761904761904762	4.761904761904762	9.523809523809524	0	0	9.523809523809524	0	0	0	0	0	0	9.523809523809524	0	4.761904761904762	4.761904761904762	4.761904761904762	4.761904761904762	9.523809523809524	4.761904761904762	9.523809523809524	0	9.523809523809524	4.761904761904762	0	33.333333333333336	66.66666666666667	100.0	0.0	1.0	100.0	0	0
greek_clean_69.conllu	1	36	36.0	4.515151515151516	5.555555555555555	16.666666666666668	0	0	2.7777777777777777	22.22222222222222	25.0	0	0	8.333333333333334	0	8.333333333333334	0	0	11.11111111111111	0	0.45454545454545453	75.0	25.0	100.0	0	100.0	0	0	25.0	25.0	50.0	0	0	0	0	0	0	4.0	100.0	2.0	25.0	25.0	0	25.0	25.0	0	0	6.0	9.0	12.0	2.40625	12	1.0	1	100.0	0	0	0	0	100.0	0.0	0	2.7777777777777777	2.7777777777777777	0	5.555555555555555	2.7777777777777777	0	16.666666666666668	2.7777777777777777	0	2.7777777777777777	0	0	0	22.22222222222222	0	0	11.11111111111111	2.7777777777777777	0	0	0	13.88888888888889	0	8.333333333333334	2.7777777777777777	2.7777777777777777	25.0	75.0	100.0	0.0	1.5	50.0	50.0	0
greek_clean_70.conllu	1	37	37.0	5.294117647058823	8.108108108108109	10.81081081081081	0	0	0	29.72972972972973	32.432432432432435	0	0	2.7027027027027026	2.7027027027027026	8.108108108108109	0	0	5.405405405405405	0	0.5294117647058824	100.0	0	100.0	0	100.0	0	0	50.0	0	50.0	0	0	0	0	0	0	2.0	100.0	2.5	0	0	50.0	50.0	0	0	0	7.0	18.5	9.0	2.303030303030303	9	1.0	2	100.0	0	0	0.0	100.0	100.0	0.0	0	2.7027027027027026	0	0	8.108108108108109	0	0	10.81081081081081	0	0	0	0	0	0	29.72972972972973	0	0	24.324324324324323	5.405405405405405	0	0	2.7027027027027026	5.405405405405405	0	8.108108108108109	2.7027027027027026	0	50.0	50.0	100.0	0.0	1.0	100.0	0	0
greek_clean_71.conllu	1	31	31.0	5.551724137931035	9.67741935483871	12.903225806451612	0	6.451612903225806	3.225806451612903	9.67741935483871	25.806451612903224	0	0	9.67741935483871	0	6.451612903225806	6.451612903225806	0	9.67741935483871	0	0.4827586206896552	0	100.0	100.0	0	100.0	0	0	100.0	0	0	0	100.0	100.0	100.0	0	100.0	4.0	100.0	3.0	0	0	33.333333333333336	33.333333333333336	33.333333333333336	0	0	6.0	7.75	8.0	2.1785714285714284	8	1.0	1	100.0	0	0	0.0	100.0	33.333333333333336	66.66666666666667	0	0	0	0	6.451612903225806	0	3.225806451612903	12.903225806451612	3.225806451612903	3.225806451612903	3.225806451612903	3.225806451612903	3.225806451612903	0	12.903225806451612	0	6.451612903225806	9.67741935483871	6.451612903225806	0	0	6.451612903225806	9.67741935483871	0	6.451612903225806	3.225806451612903	0	33.333333333333336	66.66666666666667	100.0	0.0	1.0	100.0	0	0
greek_clean_72.conllu	1	26	26.0	5.791666666666667	3.8461538461538463	3.8461538461538463	3.8461538461538463	0	3.8461538461538463	23.076923076923077	34.61538461538461	0	0	3.8461538461538463	0	7.6923076923076925	3.8461538461538463	0	11.538461538461538	0	0.5833333333333334	0	100.0	100.0	0	100.0	0	0	100.0	0	0	0	0	0	0	0	0	3.0	100.0	2.6666666666666665	0	0	33.333333333333336	66.66666666666667	0	0	0	7.0	8.666666666666666	6.0	1.9130434782608696	6	1.0	1	100.0	0	0	0.0	100.0	100.0	0.0	0	3.8461538461538463	0	3.8461538461538463	3.8461538461538463	0	0	3.8461538461538463	3.8461538461538463	3.8461538461538463	0	0	0	0	23.076923076923077	0	3.8461538461538463	19.23076923076923	11.538461538461538	0	0	7.6923076923076925	0	0	7.6923076923076925	3.8461538461538463	0	33.333333333333336	66.66666666666667	100.0	0.0	1.0	100.0	0	0
greek_clean_73.conllu	1	17	17.0	4.4	17.647058823529413	0	0	0	0	17.647058823529413	17.647058823529413	0	0	23.529411764705884	0	11.764705882352942	0	0	11.764705882352942	0	0.5333333333333333	0	100.0	100.0	0	100.0	0	0	0	0	100.0	0	0	0	0	0	0	2.0	100.0	2.0	0	0	100.0	0	0	0	0	4.0	8.5	5.0	2.357142857142857	5	0	0	0	0	0	0.0	100.0	100.0	0.0	0	5.882352941176471	0	0	17.647058823529413	0	0	0	0	0	0	0	0	0	23.529411764705884	0	0	11.764705882352942	11.764705882352942	0	0	11.764705882352942	0	0	11.764705882352942	5.882352941176471	0	50.0	50.0	100.0	0.0	1.0	100.0	0	0
greek_clean_74.conllu	1	15	15.0	5.285714285714286	13.333333333333334	13.333333333333334	13.333333333333334	0	6.666666666666667	6.666666666666667	33.333333333333336	0	0	0	0	6.666666666666667	0	0	6.666666666666667	0	0.7142857142857143	0	100.0	100.0	0	100.0	0	0	0	0	100.0	0	0	0	0	0	0	1.0	100.0	2.0	0	0	100.0	0	0	0	0	4.0	15.0	4.0	2.230769230769231	4	0	0	0	0	0	0	0	100.0	0.0	0	0	0	13.333333333333334	13.333333333333334	0	0	13.333333333333334	6.666666666666667	0	6.666666666666667	0	0	0	6.666666666666667	0	0	13.333333333333334	0	6.666666666666667	0	0	6.666666666666667	0	6.666666666666667	6.666666666666667	0	100.0	0.0	0	0	0	0	0	0
greek_clean_75.conllu	1	14	14.0	4.923076923076923	14.285714285714286	0	0	7.142857142857143	7.142857142857143	28.571428571428573	28.571428571428573	0	7.142857142857143	0	0	7.142857142857143	0	0	0	0	0.46153846153846156	0	0	0	0	0	0	0	0	0	0	0	100.0	100.0	100.0	0	100.0	1.0	100.0	0	0	0	0	0	0	0	0	5.0	14.0	11.0	2.5	11	0	0	0	0	0	0	0	100.0	0.0	0	0	0	7.142857142857143	7.142857142857143	0	0	0	7.142857142857143	0	7.142857142857143	7.142857142857143	0	0	28.571428571428573	0	0	14.285714285714286	7.142857142857143	0	0	0	0	0	7.142857142857143	7.142857142857143	0	100.0	0.0	0	0	0	0	0	0
greek_clean_76.conllu	1	24	24.0	5.478260869565218	8.333333333333334	8.333333333333334	4.166666666666667	0	0	33.333333333333336	29.166666666666668	0	0	4.166666666666667	0	4.166666666666667	0	0	8.333333333333334	0	0.5217391304347826	50.0	50.0	100.0	0	100.0	0	0	50.0	0	50.0	0	0	0	0	0	0	2.0	100.0	3.0	0	0	0	100.0	0	0	0	6.0	12.0	6.0	2.0	6	0	0	0	0	0	0.0	100.0	100.0	0.0	0	4.166666666666667	0	4.166666666666667	8.333333333333334	0	0	8.333333333333334	0	0	0	0	0	0	33.333333333333336	0	0	12.5	4.166666666666667	4.166666666666667	0	4.166666666666667	8.333333333333334	0	4.166666666666667	4.166666666666667	0	50.0	50.0	100.0	0.0	1.0	100.0	0	0
greek_clean_77.conllu	1	17	17.0	5.125	17.647058823529413	5.882352941176471	11.764705882352942	0	0	23.529411764705884	29.41176470588235	0	0	0	0	5.882352941176471	0	0	5.882352941176471	0	0.6875	100.0	0	100.0	0	100.0	0	0	0	0	100.0	0	0	0	0	0	0	1.0	100.0	3.0	0	0	0	100.0	0	0	0	4.0	17.0	6.0	2.2666666666666666	6	1.0	1	100.0	0	0	0	0	100.0	0.0	0	0	0	5.882352941176471	17.647058823529413	0	0	11.764705882352942	0	0	0	0	0	0	23.529411764705884	0	0	17.647058823529413	0	5.882352941176471	0	0	5.882352941176471	0	5.882352941176471	5.882352941176471	0	100.0	0.0	0	0	0	0	0	0
greek_clean_78.conllu	1	14	14.0	4.615384615384615	0	7.142857142857143	0	0	0	28.571428571428573	35.714285714285715	0	0	14.285714285714286	0	7.142857142857143	0	0	7.142857142857143	0	0.46153846153846156	0	100.0	100.0	0	100.0	0	0	0	0	100.0	0	0	0	0	0	0	1.0	100.0	2.0	0	0	100.0	0	0	0	0	3.0	14.0	5.0	1.9166666666666667	5	0	0	0	0	0	0	0	100.0	0.0	0	0	0	0	0	0	0	7.142857142857143	0	0	0	0	0	0	35.714285714285715	0	0	28.571428571428573	0	7.142857142857143	0	0	7.142857142857143	0	7.142857142857143	7.142857142857143	0	100.0	0.0	0	0	0	0	0	0
greek_clean_79.conllu	1	20	20.0	5.0	20.0	5.0	0	5.0	0	20.0	25.0	0	0	5.0	0	10.0	0	0	5.0	5.0	0.5555555555555556	0	100.0	100.0	0	100.0	0	0	0	0	100.0	0	100.0	100.0	100.0	0	100.0	2.0	100.0	2.0	0	0	100.0	0	0	0	0	6.0	10.0	5.0	1.8823529411764706	5	0	0	0	0	0	0.0	100.0	100.0	0.0	5.0	5.0	0	0	15.0	0	0	5.0	0	0	0	5.0	0	0	20.0	0	0	10.0	10.0	0	0	5.0	5.0	0	10.0	5.0	0	50.0	50.0	100.0	0.0	1.0	100.0	0	0
greek_clean_80.conllu	1	21	21.0	5.421052631578948	4.761904761904762	9.523809523809524	0	9.523809523809524	4.761904761904762	19.047619047619047	28.571428571428573	0	4.761904761904762	4.761904761904762	0	9.523809523809524	0	0	4.761904761904762	0	0.42105263157894735	0	100.0	100.0	0	100.0	0	0	0	0	100.0	0	100.0	100.0	100.0	100.0	0	2.0	100.0	2.0	0	0	100.0	0	0	0	0	4.0	10.5	9.0	2.2222222222222223	9	0	0	0	0	0	0.0	100.0	100.0	0.0	4.761904761904762	0	0	4.761904761904762	0	0	4.761904761904762	9.523809523809524	4.761904761904762	0	4.761904761904762	4.761904761904762	0	0	19.047619047619047	0	0	9.523809523809524	4.761904761904762	0	0	4.761904761904762	9.523809523809524	0	9.523809523809524	4.761904761904762	0	50.0	50.0	100.0	0.0	1.0	100.0	0	0
greek_clean_81.conllu	1	21	21.0	4.277777777777778	0	9.523809523809524	9.523809523809524	4.761904761904762	4.761904761904762	23.80952380952381	19.047619047619047	4.761904761904762	0	0	9.523809523809524	14.285714285714286	0	0	0	0	0.4444444444444444	0	0	0	0	0	0	0	0	0	0	0	100.0	100.0	100.0	0	100.0	1.0	100.0	0	0	0	0	0	0	0	0	4.0	21.0	14.0	2.7058823529411766	14	0	0	0	0	0	0	0	100.0	0.0	0	0	0	4.761904761904762	0	0	0	9.523809523809524	4.761904761904762	0	9.523809523809524	4.761904761904762	0	0	23.80952380952381	0	0	4.761904761904762	4.761904761904762	0	4.761904761904762	0	9.523809523809524	0	14.285714285714286	4.761904761904762	0	100.0	0.0	0	0	0	0	0	0
greek_clean_82.conllu	1	18	18.0	4.533333333333333	11.11111111111111	0	0	0	5.555555555555555	33.333333333333336	27.77777777777778	0	0	0	0	16.666666666666668	0	0	5.555555555555555	0	0.5333333333333333	0	100.0	100.0	0	100.0	0	0	100.0	0	0	0	0	0	0	0	0	1.0	100.0	2.0	0	0	100.0	0	0	0	0	3.0	18.0	10.0	3.0714285714285716	10	0	0	0	0	0	0.0	100.0	100.0	0.0	0	0	0	0	5.555555555555555	0	0	0	5.555555555555555	0	16.666666666666668	0	0	0	33.333333333333336	0	0	5.555555555555555	5.555555555555555	0	0	5.555555555555555	0	0	16.666666666666668	5.555555555555555	0	100.0	0.0	0	0	0	0	0	0
greek_clean_83.conllu	1	24	24.0	5.863636363636363	8.333333333333334	8.333333333333334	12.5	0	4.166666666666667	12.5	25.0	0	0	8.333333333333334	0	8.333333333333334	0	0	12.5	0	0.6363636363636364	0	100.0	100.0	0	100.0	0	0	33.333333333333336	0	66.66666666666667	0	0	0	0	0	0	3.0	100.0	3.0	0	0	66.66666666666667	0	0	33.333333333333336	0	7.0	8.0	6.0	2.142857142857143	6	1.0	1	100.0	0	0	0.0	100.0	100.0	0.0	0	4.166666666666667	4.166666666666667	8.333333333333334	8.333333333333334	0	0	8.333333333333334	4.166666666666667	0	4.166666666666667	0	0	0	16.666666666666668	0	4.166666666666667	4.166666666666667	8.333333333333334	0	0	8.333333333333334	4.166666666666667	0	8.333333333333334	4.166666666666667	0	33.333333333333336	66.66666666666667	100.0	0.0	2.0	0	100.0	0
greek_clean_84.conllu	1	20	20.0	5.0	15.0	5.0	0	0	5.0	30.0	35.0	0	0	0	0	5.0	0	0	5.0	0	0.5789473684210527	0	100.0	100.0	0	100.0	0	0	0	0	100.0	0	0	0	0	0	0	1.0	100.0	2.0	0	0	100.0	0	0	0	0	5.0	20.0	4.0	2.0	4	0	0	0	0	0	0	0	100.0	0.0	0	0	0	0	15.0	0	0	5.0	5.0	0	5.0	0	0	0	30.0	0	0	20.0	5.0	0	0	0	5.0	0	5.0	5.0	0	100.0	0.0	0	0	0	0	0	0
greek_clean_85.conllu	1	25	25.0	5.904761904761905	4.0	8.0	0	0	8.0	24.0	36.0	0	0	0	0	16.0	0	0	4.0	0	0.5238095238095238	0	100.0	100.0	0	100.0	0	0	0	0	100.0	0	0	0	0	0	0	1.0	100.0	1.0	0	100.0	0	0	0	0	0	5.0	25.0	12.0	2.6	12	0	0	0	0	0	0	0	0	0	0	0	0	0	4.0	0	0	8.0	8.0	0	16.0	0	0	0	24.0	0	0	16.0	0	0	0	0	4.0	0	16.0	4.0	0	100.0	0.0	0	0	0	0	0	0
greek_clean_86.conllu	1	38	38.0	5.0	10.526315789473685	2.6315789473684212	0	18.42105263157895	7.894736842105263	13.157894736842104	18.42105263157895	0	0	2.6315789473684212	0	10.526315789473685	2.6315789473684212	0	13.157894736842104	0	0.47058823529411764	0	100.0	100.0	0	100.0	0	0	40.0	0	60.0	0	100.0	100.0	100.0	0	100.0	7.0	100.0	2.0	0	20.0	60.0	20.0	0	0	0	9.0	5.428571428571429	11.0	2.878787878787879	11	0	0	0	0	0	0.0	100.0	33.333333333333336	66.66666666666667	0	0	0	0	7.894736842105263	0	13.157894736842104	2.6315789473684212	7.894736842105263	0	10.526315789473685	5.2631578947368425	2.6315789473684212	0	13.157894736842104	0	2.6315789473684212	5.2631578947368425	5.2631578947368425	0	0	5.2631578947368425	2.6315789473684212	0	10.526315789473685	2.6315789473684212	2.6315789473684212	25.0	75.0	100.0	0.0	1.0	100.0	0	0
greek_clean_87.conllu	1	29	29.0	5.92	6.896551724137931	6.896551724137931	3.4482758620689653	3.4482758620689653	0	17.24137931034483	34.48275862068966	0	0	6.896551724137931	0	13.793103448275861	0	0	6.896551724137931	0	0.6	0	0	0	50.0	0	50.0	0	0	0	0	0	100.0	100.0	100.0	0	100.0	2.0	100.0	3.0	0	0	50.0	0	50.0	0	0	7.0	14.5	6.0	2.0416666666666665	6	0	0	0	0	0	0.0	100.0	100.0	0.0	0	0	3.4482758620689653	3.4482758620689653	6.896551724137931	0	3.4482758620689653	6.896551724137931	0	0	3.4482758620689653	0	0	0	17.24137931034483	0	0	20.689655172413794	3.4482758620689653	0	0	3.4482758620689653	10.344827586206897	0	13.793103448275861	3.4482758620689653	0	50.0	50.0	100.0	0.0	1.0	100.0	0	0
greek_clean_88.conllu	1	17	17.0	6.2	17.647058823529413	17.647058823529413	0	0	0	11.764705882352942	23.529411764705884	0	5.882352941176471	5.882352941176471	0	11.764705882352942	0	0	5.882352941176471	0	0.5333333333333333	0	100.0	100.0	0	100.0	0	0	0	0	100.0	0	0	0	0	0	0	1.0	100.0	3.0	0	0	0	100.0	0	0	0	3.0	17.0	9.0	2.9285714285714284	9	1.0	1	100.0	0	0	0	0	0	0	0	0	0	5.882352941176471	17.647058823529413	0	0	17.647058823529413	0	0	0	0	0	0	17.647058823529413	0	0	11.764705882352942	0	0	0	0	11.764705882352942	0	11.764705882352942	5.882352941176471	0	100.0	0.0	0	0	0	0	0	0
greek_clean_89.conllu	1	24	24.0	6.9	0	4.166666666666667	4.166666666666667	4.166666666666667	8.333333333333334	12.5	33.333333333333336	0	0	4.166666666666667	0	16.666666666666668	0	0	12.5	0	0.6	0	100.0	100.0	0	66.66666666666667	0	33.333333333333336	0	0	100.0	0	0	0	0	0	0	3.0	100.0	1.3333333333333333	0	66.66666666666667	33.333333333333336	0	0	0	0	8.0	8.0	6.0	1.9473684210526316	6	0	0	0	0	0	0.0	100.0	0	0	4.166666666666667	0	0	4.166666666666667	0	0	4.166666666666667	4.166666666666667	8.333333333333334	0	12.5	0	0	0	12.5	0	0	16.666666666666668	0	0	0	4.166666666666667	4.166666666666667	0	16.666666666666668	4.166666666666667	4.166666666666667	33.333333333333336	66.66666666666667	100.0	0.0	1.0	100.0	0	0
greek_clean_90.conllu	1	38	38.0	5.147058823529412	7.894736842105263	10.526315789473685	2.6315789473684212	2.6315789473684212	5.2631578947368425	15.789473684210526	26.31578947368421	0	0	5.2631578947368425	5.2631578947368425	10.526315789473685	0	0	7.894736842105263	0	0.5588235294117647	0	100.0	100.0	0	33.333333333333336	0	66.66666666666667	0	0	100.0	0	100.0	100.0	100.0	0	100.0	4.0	100.0	1.0	66.66666666666667	0	0	33.333333333333336	0	0	0	6.0	9.5	20.0	2.5454545454545454	20	1.0	2	100.0	0	0	0	0	100.0	0.0	0	2.6315789473684212	0	2.6315789473684212	10.526315789473685	0	0	10.526315789473685	5.2631578947368425	0	5.2631578947368425	2.6315789473684212	0	0	15.789473684210526	5.2631578947368425	0	15.789473684210526	5.2631578947368425	0	0	0	5.2631578947368425	0	10.526315789473685	2.6315789473684212	0	50.0	50.0	100.0	0.0	1.0	100.0	0	0
greek_clean_91.conllu	1	19	19.0	6.176470588235294	21.05263157894737	21.05263157894737	10.526315789473685	0	0	5.2631578947368425	26.31578947368421	0	0	0	0	10.526315789473685	0	0	5.2631578947368425	0	0.7058823529411765	0	100.0	100.0	0	100.0	0	0	100.0	0	0	0	0	0	0	0	0	1.0	100.0	5.0	0	0	0	0	0	100.0	0	3.0	19.0	12.0	2.875	12	0	0	0	0	0	0	0	0.0	100.0	0	0	0	10.526315789473685	21.05263157894737	0	0	21.05263157894737	0	0	0	0	0	0	5.2631578947368425	0	0	5.2631578947368425	0	5.2631578947368425	0	0	15.789473684210526	0	10.526315789473685	5.2631578947368425	0	100.0	0.0	0	0	0	0	0	0
greek_clean_92.conllu	1	19	19.0	6.0	15.789473684210526	15.789473684210526	0	5.2631578947368425	10.526315789473685	15.789473684210526	26.31578947368421	0	0	0	0	5.2631578947368425	0	0	5.2631578947368425	0	0.5	0	100.0	100.0	0	100.0	0	0	100.0	0	0	0	100.0	100.0	100.0	100.0	0	2.0	100.0	2.0	0	0	100.0	0	0	0	0	4.0	9.5	6.0	2.0588235294117645	6	1.0	2	100.0	0	0	0	0	100.0	0.0	0	0	0	0	5.2631578947368425	0	0	15.789473684210526	10.526315789473685	0	10.526315789473685	5.2631578947368425	0	0	15.789473684210526	0	0	15.789473684210526	5.2631578947368425	0	0	0	5.2631578947368425	0	5.2631578947368425	5.2631578947368425	0	100.0	0.0	0	0	0	0	0	0
greek_clean_93.conllu	1	17	17.0	6.5	5.882352941176471	11.764705882352942	11.764705882352942	0	5.882352941176471	5.882352941176471	35.294117647058826	0	0	0	0	17.647058823529413	0	0	5.882352941176471	0	0.7142857142857143	0	100.0	100.0	0	100.0	0	0	100.0	0	0	0	0	0	0	0	0	1.0	100.0	2.0	0	0	100.0	0	0	0	0	6.0	17.0	4.0	1.7692307692307692	4	2.0	1	0	100.0	0	0.0	100.0	0	0	0	0	0	5.882352941176471	5.882352941176471	0	0	17.647058823529413	5.882352941176471	0	5.882352941176471	0	0	0	5.882352941176471	0	0	17.647058823529413	0	0	0	5.882352941176471	5.882352941176471	0	17.647058823529413	5.882352941176471	0	100.0	0.0	0	0	0	0	0	0
greek_clean_94.conllu	1	25	25.0	5.238095238095238	12.0	12.0	8.0	4.0	8.0	8.0	20.0	0	0	8.0	0	16.0	0	0	4.0	0	0.5238095238095238	0	100.0	100.0	0	100.0	0	0	0	0	100.0	0	100.0	100.0	100.0	0	100.0	2.0	100.0	4.0	0	0	0	0	100.0	0	0	4.0	12.5	14.0	3.6	14	0	0	0	0	0	0	0	0	0	0	0	4.0	8.0	4.0	0	0	12.0	8.0	0	12.0	4.0	0	0	16.0	0	0	4.0	0	0	0	0	8.0	0	16.0	4.0	0	100.0	0.0	0	0	0	0	0	0
greek_clean_95.conllu	1	29	29.0	6.038461538461538	10.344827586206897	10.344827586206897	0	3.4482758620689653	6.896551724137931	17.24137931034483	31.03448275862069	0	0	3.4482758620689653	0	10.344827586206897	0	0	6.896551724137931	0	0.5384615384615384	0	100.0	100.0	0	100.0	0	0	0	0	100.0	0	100.0	100.0	100.0	0	100.0	3.0	100.0	2.5	0	0	50.0	50.0	0	0	0	7.0	9.666666666666666	8.0	2.0	8	0	0	0	0	0	0	0	50.0	50.0	0	3.4482758620689653	0	0	6.896551724137931	0	0	10.344827586206897	6.896551724137931	0	6.896551724137931	3.4482758620689653	0	0	17.24137931034483	0	0	13.793103448275861	3.4482758620689653	3.4482758620689653	0	0	10.344827586206897	0	10.344827586206897	3.4482758620689653	0	50.0	50.0	100.0	0.0	1.0	100.0	0	0
greek_clean_96.conllu	1	28	28.0	5.44	14.285714285714286	10.714285714285714	3.5714285714285716	7.142857142857143	3.5714285714285716	14.285714285714286	25.0	0	0	7.142857142857143	0	10.714285714285714	3.5714285714285716	0	0	0	0.48	0	0	0	0	0	0	0	0	0	0	0	100.0	100.0	100.0	0	100.0	2.0	100.0	0	0	0	0	0	0	0	0	4.0	14.0	13.0	2.5416666666666665	13	0	0	0	0	0	0	0	100.0	0.0	0	0	3.5714285714285716	0	7.142857142857143	0	0	14.285714285714286	3.5714285714285716	0	3.5714285714285716	7.142857142857143	0	0	21.428571428571427	0	3.5714285714285716	3.5714285714285716	3.5714285714285716	0	0	0	14.285714285714286	0	10.714285714285714	3.5714285714285716	0	50.0	50.0	100.0	0.0	1.0	100.0	0	0
greek_clean_97.conllu	1	20	20.0	4.611111111111111	5.0	5.0	0	5.0	0	25.0	30.0	5.0	0	5.0	5.0	10.0	0	0	5.0	0	0.5	100.0	0	100.0	0	100.0	0	0	0	0	100.0	100.0	0	100.0	100.0	0	100.0	2.0	100.0	2.0	0	0	100.0	0	0	0	0	3.0	10.0	9.0	2.176470588235294	9	0	0	0	0	0	0.0	100.0	100.0	0.0	0	5.0	0	0	10.0	0	0	5.0	0	0	0	5.0	0	0	25.0	0	0	15.0	10.0	0	0	5.0	5.0	0	10.0	5.0	0	50.0	50.0	100.0	0.0	1.0	100.0	0	0
greek_clean_98.conllu	1	38	38.0	5.484848484848484	10.526315789473685	15.789473684210526	0	2.6315789473684212	2.6315789473684212	13.157894736842104	36.8421052631579	0	0	0	0	13.157894736842104	0	0	5.2631578947368425	0	0.6060606060606061	50.0	50.0	100.0	0	100.0	0	0	100.0	0	0	0	0	0	0	0	0	2.0	100.0	4.0	0	0	50.0	0	0	0	50.0	5.0	19.0	16.0	2.84375	16	1.0	2	100.0	0	0	0.0	100.0	100.0	0.0	0	0	0	0	10.526315789473685	0	2.6315789473684212	15.789473684210526	2.6315789473684212	0	5.2631578947368425	0	0	0	13.157894736842104	0	0	15.789473684210526	2.6315789473684212	0	0	5.2631578947368425	10.526315789473685	0	13.157894736842104	2.6315789473684212	0	100.0	0.0	0	0	0	0	0	0
greek_clean_99.conllu	1	24	24.0	6.2272727272727275	4.166666666666667	12.5	0	0	4.166666666666667	20.833333333333332	33.333333333333336	0	0	0	0	8.333333333333334	4.166666666666667	0	8.333333333333334	4.166666666666667	0.5	100.0	0	100.0	0	100.0	0	0	100.0	0	0	0	0	0	0	0	0	2.0	100.0	3.0	0	0	0	100.0	0	0	0	5.0	12.0	13.0	2.238095238095238	13	1.0	1	100.0	0	0	0	0	100.0	0.0	0	0	4.166666666666667	0	4.166666666666667	0	0	12.5	4.166666666666667	0	4.166666666666667	0	0	0	20.833333333333332	0	4.166666666666667	16.666666666666668	4.166666666666667	4.166666666666667	0	0	8.333333333333334	0	8.333333333333334	4.166666666666667	0	50.0	50.0	100.0	0.0	1.0	100.0	0	0