Filename	n_sentences	n_tokens	tokens_per_sent	char_per_tok	upos_dist_ADJ	upos_dist_ADP	upos_dist_ADV	upos_dist_AUX	upos_dist_CCONJ	upos_dist_DET	upos_dist_NOUN	upos_dist_NUM	upos_dist_PART	upos_dist_PRON	upos_dist_PROPN	upos_dist_PUNCT	upos_dist_SCONJ	upos_dist_VERB	lexical_density	verbs_tense_dist_Past	verbs_tense_dist_Pres	verbs_mood_dist_Ind	verbs_mood_dist_Sub	verbs_form_dist_Fin	verbs_form_dist_Inf	verbs_form_dist_Part	verbs_num_pers_dist_Plur+3	verbs_num_pers_dist_Sing+3	aux_tense_dist_Past	aux_tense_dist_Pres	aux_mood_dist_Ind	aux_mood_dist_Sub	aux_form_dist_Fin	aux_form_dist_Inf	aux_num_pers_dist_Plur+3	aux_num_pers_dist_Sing+3	verbal_head_per_sent	verbal_root_perc	avg_verb_edges	verb_edges_dist_0	verb_edges_dist_1	verb_edges_dist_2	verb_edges_dist_3	verb_edges_dist_4	verb_edges_dist_5	verb_edges_dist_6	avg_max_depth	avg_token_per_clause	avg_max_links_len	avg_links_len	max_links_len	avg_prepositional_chain_len	n_prepositional_chains	prep_dist_1	prep_dist_2	obj_pre	obj_post	subj_pre	subj_post	dep_dist_acl	dep_dist_advcl	dep_dist_advmod	dep_dist_amod	dep_dist_appos	dep_dist_aux	dep_dist_aux:pass	dep_dist_case	dep_dist_cc	dep_dist_ccomp	dep_dist_compound	dep_dist_compound:prt	dep_dist_conj	dep_dist_cop	dep_dist_dep	dep_dist_det	dep_dist_det:poss	dep_dist_expl	dep_dist_expl:pv	dep_dist_fixed	dep_dist_flat	dep_dist_iobj	dep_dist_mark	dep_dist_nmod	dep_dist_nmod:poss	dep_dist_nsubj	dep_dist_nsubj:pass	dep_dist_nummod	dep_dist_obj	dep_dist_obl	dep_dist_parataxis	dep_dist_punct	dep_dist_root	dep_dist_xcomp	principal_proposition_dist	subordinate_proposition_dist	subordinate_post	subordinate_pre	avg_subordinate_chain_len	subordinate_dist_1	subordinate_dist_2
german_clean_1.conllu	1	17	17.0	4.6875	11.764705882352942	5.882352941176471	0	5.882352941176471	11.764705882352942	23.529411764705884	29.41176470588235	0	0	0	5.882352941176471	5.882352941176471	0	0	0.5	0	0	0	0	0	0	0	0	0	0	100.0	100.0	0	100.0	0	0	100.0	1.0	100.0	0	0	0	0	0	0	0	0	3.0	17.0	6.0	2.2666666666666666	6	1.0	1	100.0	0	0	0	100.0	0.0	0	0	0	11.764705882352942	0	0	0	5.882352941176471	11.764705882352942	0	0	0	11.764705882352942	5.882352941176471	0	23.529411764705884	0	0	0	0	0	0	0	11.764705882352942	0	5.882352941176471	0	0	0	0	0	5.882352941176471	5.882352941176471	0	100.0	0.0	0	0	0	0	0
german_clean_2.conllu	1	24	24.0	5.0	16.666666666666668	12.5	0	4.166666666666667	8.333333333333334	12.5	16.666666666666668	4.166666666666667	0	8.333333333333334	0	8.333333333333334	4.166666666666667	4.166666666666667	0.4090909090909091	0	100.0	100.0	0	100.0	0	0	0	100.0	0	100.0	100.0	0	100.0	0	0	100.0	1.0	100.0	4.0	0	0	0	0	100.0	0	0	4.0	24.0	21.0	4.380952380952381	21	1.0	2	100.0	0	0.0	100.0	100.0	0.0	0	4.166666666666667	4.166666666666667	4.166666666666667	0	0	4.166666666666667	12.5	8.333333333333334	0	0	0	8.333333333333334	0	0	12.5	0	0	0	0	0	0	4.166666666666667	8.333333333333334	0	8.333333333333334	0	4.166666666666667	4.166666666666667	0	0	8.333333333333334	4.166666666666667	0	100.0	0.0	0	0	0	0	0
german_clean_3.conllu	1	16	16.0	4.933333333333334	0	6.25	12.5	0	18.75	12.5	31.25	0	0	0	6.25	6.25	0	6.25	0.6	100.0	0	100.0	0	100.0	0	0	0	100.0	0	0	0	0	0	0	0	0	1.0	100.0	5.0	0	0	0	0	0	100.0	0	4.0	16.0	11.0	3.357142857142857	11	0	0	0	0	0.0	100.0	100.0	0.0	0	0	12.5	0	0	0	0	6.25	18.75	0	0	0	18.75	0	0	12.5	0	0	0	0	0	0	0	0	0	6.25	0	0	12.5	0	0	6.25	6.25	0	100.0	0.0	0	0	0	0	0
german_clean_4.conllu	1	15	15.0	5.785714285714286	0	13.333333333333334	0	6.666666666666667	6.666666666666667	20.0	33.333333333333336	0	0	0	0	6.666666666666667	0	13.333333333333334	0.5	0	0	0	0	0	0	100.0	0	0	100.0	0	100.0	0	100.0	0	100.0	0	2.0	100.0	2.5	0	0	50.0	50.0	0	0	0	4.0	7.5	6.0	1.8461538461538463	6	0	0	0	0	0	0	100.0	0.0	0	0	0	0	0	6.666666666666667	0	13.333333333333334	6.666666666666667	0	0	0	6.666666666666667	0	0	13.333333333333334	6.666666666666667	0	0	0	0	0	0	13.333333333333334	0	6.666666666666667	0	0	0	13.333333333333334	0	6.666666666666667	6.666666666666667	0	100.0	0.0	0	0	0	0	0
german_clean_5.conllu	1	18	18.0	5.117647058823529	0	22.22222222222222	5.555555555555555	0	5.555555555555555	11.11111111111111	33.333333333333336	0	0	5.555555555555555	0	5.555555555555555	0	11.11111111111111	0.5294117647058824	0	0	0	0	0	0	100.0	0	0	0	0	0	0	0	0	0	0	2.0	100.0	3.0	0	0	50.0	0	50.0	0	0	4.0	9.0	12.0	2.625	12	0	0	0	0	0	0	0.0	100.0	0	0	5.555555555555555	0	0	0	5.555555555555555	22.22222222222222	5.555555555555555	0	0	0	5.555555555555555	0	0	11.11111111111111	0	0	0	0	0	0	0	5.555555555555555	0	5.555555555555555	0	0	0	16.666666666666668	0	5.555555555555555	5.555555555555555	5.555555555555555	50.0	50.0	0.0	100.0	1.0	100.0	0
german_clean_6.conllu	1	32	32.0	6.0344827586206895	12.5	18.75	0	0	6.25	21.875	25.0	0	0	0	3.125	9.375	0	3.125	0.4827586206896552	100.0	0	100.0	0	100.0	0	0	0	100.0	0	0	0	0	0	0	0	0	1.0	100.0	5.0	0	0	0	0	0	100.0	0	4.0	32.0	29.0	5.035714285714286	29	1.0	3	100.0	0	0.0	100.0	100.0	0.0	0	0	3.125	9.375	0	0	0	18.75	6.25	0	0	0	3.125	0	0	21.875	0	0	0	0	0	0	0	12.5	0	3.125	0	0	3.125	6.25	0	9.375	3.125	0	100.0	0.0	0	0	0	0	0
german_clean_7.conllu	1	22	22.0	5.833333333333333	4.545454545454546	9.090909090909092	9.090909090909092	4.545454545454546	13.636363636363637	4.545454545454546	27.272727272727273	0	0	0	4.545454545454546	18.181818181818183	0	4.545454545454546	0.6111111111111112	0	0	0	0	0	0	100.0	0	0	0	0	0	0	0	0	0	0	1.0	100.0	6.0	0	0	0	0	0	0	100.0	4.0	22.0	10.0	3.588235294117647	10	0	0	0	0	0	0	100.0	0.0	0	0	9.090909090909092	4.545454545454546	0	0	4.545454545454546	9.090909090909092	13.636363636363637	0	0	0	18.181818181818183	0	0	4.545454545454546	0	0	0	0	0	0	0	0	0	0	9.090909090909092	0	0	4.545454545454546	0	18.181818181818183	4.545454545454546	0	100.0	0.0	0	0	0	0	0
german_clean_8.conllu	1	17	17.0	6.2	17.647058823529413	5.882352941176471	5.882352941176471	5.882352941176471	5.882352941176471	11.764705882352942	17.647058823529413	0	0	5.882352941176471	5.882352941176471	11.764705882352942	0	5.882352941176471	0.6	100.0	0	100.0	0	100.0	0	0	0	100.0	0	0	0	0	0	0	0	0	2.0	100.0	4.0	0	0	0	0	100.0	0	0	3.0	8.5	6.0	2.4285714285714284	6	1.0	1	100.0	0	0.0	100.0	100.0	0.0	0	0	5.882352941176471	11.764705882352942	0	0	0	5.882352941176471	5.882352941176471	0	0	0	5.882352941176471	5.882352941176471	0	11.764705882352942	0	0	0	0	0	0	0	11.764705882352942	0	11.764705882352942	0	0	5.882352941176471	0	0	11.764705882352942	5.882352941176471	0	100.0	0.0	0	0	0	0	0
german_clean_9.conllu	1	19	19.0	6.75	10.526315789473685	5.2631578947368425	5.2631578947368425	0	15.789473684210526	5.2631578947368425	31.57894736842105	0	0	0	5.2631578947368425	15.789473684210526	0	5.2631578947368425	0.6875	100.0	0	100.0	0	100.0	0	0	0	100.0	0	0	0	0	0	0	0	0	1.0	100.0	3.0	0	0	0	100.0	0	0	0	4.0	19.0	16.0	4.066666666666666	16	1.0	1	100.0	0	0.0	100.0	100.0	0.0	0	0	0	5.2631578947368425	0	0	0	5.2631578947368425	15.789473684210526	0	0	5.2631578947368425	26.31578947368421	0	0	5.2631578947368425	0	0	0	0	0	0	0	5.2631578947368425	0	5.2631578947368425	0	0	5.2631578947368425	0	0	15.789473684210526	5.2631578947368425	0	100.0	0.0	0	0	0	0	0
german_clean_10.conllu	1	17	17.0	5.2	17.647058823529413	11.764705882352942	0	0	0	11.764705882352942	17.647058823529413	0	0	17.647058823529413	5.882352941176471	11.764705882352942	0	5.882352941176471	0.5333333333333333	100.0	0	100.0	0	100.0	0	0	100.0	0	0	0	0	0	0	0	0	0	1.0	100.0	3.0	0	0	0	100.0	0	0	0	4.0	17.0	8.0	2.5714285714285716	8	1.0	1	100.0	0	0.0	100.0	100.0	0.0	0	0	5.882352941176471	5.882352941176471	5.882352941176471	0	0	11.764705882352942	0	0	0	0	0	0	0	11.764705882352942	0	0	0	0	0	0	0	11.764705882352942	0	17.647058823529413	0	0	5.882352941176471	5.882352941176471	0	11.764705882352942	5.882352941176471	0	100.0	0.0	0	0	0	0	0
german_clean_11.conllu	1	46	46.0	5.5	13.043478260869565	10.869565217391305	8.695652173913043	4.3478260869565215	6.521739130434782	8.695652173913043	15.217391304347826	0	0	2.1739130434782608	6.521739130434782	17.391304347826086	0	6.521739130434782	0.6052631578947368	0	100.0	100.0	0	66.66666666666667	0	33.333333333333336	0	100.0	0	100.0	100.0	0	100.0	0	0	100.0	4.0	100.0	2.3333333333333335	0	33.333333333333336	33.333333333333336	0	33.333333333333336	0	0	7.0	11.5	30.0	3.675675675675676	30	1.0	2	100.0	0	0	0	100.0	0.0	4.3478260869565215	0	10.869565217391305	10.869565217391305	2.1739130434782608	0	2.1739130434782608	10.869565217391305	6.521739130434782	0	0	0	6.521739130434782	2.1739130434782608	0	8.695652173913043	0	0	0	0	0	0	0	4.3478260869565215	0	2.1739130434782608	2.1739130434782608	0	0	6.521739130434782	0	17.391304347826086	2.1739130434782608	0	33.333333333333336	66.66666666666667	0.0	100.0	1.0	100.0	0
german_clean_12.conllu	1	17	17.0	5.357142857142857	5.882352941176471	17.647058823529413	0	11.764705882352942	5.882352941176471	5.882352941176471	17.647058823529413	0	0	0	11.764705882352942	17.647058823529413	0	5.882352941176471	0.5	0	100.0	100.0	0	100.0	0	0	0	100.0	0	100.0	100.0	0	100.0	0	0	100.0	2.0	100.0	3.0	0	0	0	100.0	0	0	0	3.0	8.5	8.0	3.4615384615384617	8	1.0	2	100.0	0	0	0	100.0	0.0	0	0	0	0	0	0	5.882352941176471	17.647058823529413	5.882352941176471	0	0	0	5.882352941176471	5.882352941176471	0	5.882352941176471	0	0	0	0	5.882352941176471	0	0	11.764705882352942	0	5.882352941176471	0	0	0	5.882352941176471	0	17.647058823529413	5.882352941176471	0	100.0	0.0	0	0	0	0	0
german_clean_13.conllu	1	35	35.0	5.129032258064516	8.571428571428571	8.571428571428571	5.714285714285714	2.857142857142857	2.857142857142857	20.0	17.142857142857142	0	0	8.571428571428571	8.571428571428571	11.428571428571429	0	5.714285714285714	0.5161290322580645	0	100.0	100.0	0	100.0	0	0	50.0	50.0	0	100.0	100.0	0	100.0	0	0	100.0	2.0	0.0	2.5	0	0	50.0	50.0	0	0	0	6.0	17.5	17.0	3.033333333333333	17	1.0	1	100.0	0	100.0	0.0	100.0	0.0	2.857142857142857	0	8.571428571428571	5.714285714285714	0	2.857142857142857	0	8.571428571428571	2.857142857142857	0	0	0	2.857142857142857	0	0	22.857142857142858	0	0	0	0	2.857142857142857	2.857142857142857	0	5.714285714285714	0	5.714285714285714	0	0	2.857142857142857	5.714285714285714	2.857142857142857	11.428571428571429	2.857142857142857	0	0.0	100.0	100.0	0.0	1.0	100.0	0
german_clean_14.conllu	1	17	17.0	5.866666666666666	5.882352941176471	5.882352941176471	11.764705882352942	5.882352941176471	0	17.647058823529413	23.529411764705884	0	5.882352941176471	0	0	11.764705882352942	0	11.764705882352942	0.6	0	100.0	100.0	0	50.0	0	50.0	100.0	0	0	100.0	100.0	0	100.0	0	0	100.0	2.0	100.0	3.5	0	0	50.0	0	0	50.0	0	4.0	8.5	6.0	2.0	6	1.0	1	100.0	0	0	0	50.0	50.0	0	0	17.647058823529413	5.882352941176471	0	0	5.882352941176471	5.882352941176471	0	0	0	0	0	0	0	17.647058823529413	0	0	0	0	0	0	0	11.764705882352942	0	5.882352941176471	5.882352941176471	0	0	0	5.882352941176471	11.764705882352942	5.882352941176471	0	100.0	0.0	0	0	0	0	0
german_clean_15.conllu	1	21	21.0	5.631578947368421	4.761904761904762	14.285714285714286	4.761904761904762	0	0	19.047619047619047	28.571428571428573	4.761904761904762	0	4.761904761904762	0	9.523809523809524	0	9.523809523809524	0.5263157894736842	50.0	50.0	100.0	0	100.0	0	0	50.0	50.0	0	0	0	0	0	0	0	0	2.0	100.0	4.0	0	0	0	50.0	0	50.0	0	3.0	10.5	15.0	3.2222222222222223	15	0	0	0	0	100.0	0.0	0.0	100.0	4.761904761904762	0	0	4.761904761904762	0	0	0	14.285714285714286	0	0	0	4.761904761904762	0	0	0	19.047619047619047	0	0	0	0	0	4.761904761904762	0	4.761904761904762	0	4.761904761904762	0	4.761904761904762	4.761904761904762	14.285714285714286	0	9.523809523809524	4.761904761904762	0	50.0	50.0	100.0	0.0	1.0	100.0	0
german_clean_16.conllu	1	10	10.0	5.444444444444445	20.0	0	20.0	10.0	0	10.0	10.0	0	0	0	10.0	10.0	0	10.0	0.7777777777777778	0	0	0	0	0	0	0	0	0	0	0	0	0	0	0	0	0	2.0	100.0	3.0	0	0	0	100.0	0	0	0	3.0	5.0	6.0	2.5	6	0	0	0	0	0	0	100.0	0.0	0	0	30.0	10.0	10.0	0	0	0	0	0	0	0	0	10.0	0	10.0	0	0	0	0	0	0	0	0	0	10.0	0	0	0	0	0	10.0	10.0	0	50.0	50.0	0.0	100.0	1.0	100.0	0
german_clean_17.conllu	1	9	9.0	5.5	11.11111111111111	11.11111111111111	11.11111111111111	11.11111111111111	0	11.11111111111111	22.22222222222222	0	0	0	0	11.11111111111111	0	11.11111111111111	0.625	0	0	0	0	0	0	100.0	0	0	0	100.0	100.0	0	100.0	0	0	100.0	1.0	100.0	4.0	0	0	0	0	100.0	0	0	2.0	9.0	5.0	2.2857142857142856	5	0	0	0	0	0	0	100.0	0.0	0	0	22.22222222222222	0	0	0	11.11111111111111	11.11111111111111	0	0	0	0	0	0	0	11.11111111111111	0	0	0	0	0	0	0	0	0	0	11.11111111111111	0	0	11.11111111111111	0	11.11111111111111	11.11111111111111	0	100.0	0.0	0	0	0	0	0
german_clean_18.conllu	1	22	22.0	6.65	9.090909090909092	4.545454545454546	9.090909090909092	0	9.090909090909092	9.090909090909092	27.272727272727273	0	0	9.090909090909092	4.545454545454546	9.090909090909092	0	9.090909090909092	0.65	50.0	50.0	100.0	0	100.0	0	0	50.0	50.0	0	0	0	0	0	0	0	0	2.0	100.0	4.0	0	0	0	50.0	0	50.0	0	3.0	11.0	8.0	2.736842105263158	8	0	0	0	0	0.0	100.0	100.0	0.0	0	0	9.090909090909092	9.090909090909092	4.545454545454546	0	0	4.545454545454546	9.090909090909092	0	0	0	13.636363636363637	0	0	13.636363636363637	0	0	0	0	0	0	0	0	0	9.090909090909092	0	0	9.090909090909092	4.545454545454546	0	9.090909090909092	4.545454545454546	0	100.0	0.0	0	0	0	0	0
german_clean_19.conllu	1	9	9.0	5.875	11.11111111111111	0	22.22222222222222	0	0	11.11111111111111	11.11111111111111	0	0	22.22222222222222	0	11.11111111111111	0	11.11111111111111	0.625	100.0	0	100.0	0	100.0	0	0	0	100.0	0	0	0	0	0	0	0	0	1.0	100.0	4.0	0	0	0	0	100.0	0	0	2.0	9.0	6.0	2.2857142857142856	6	0	0	0	0	0.0	100.0	100.0	0.0	0	0	33.333333333333336	11.11111111111111	0	0	0	0	0	0	0	0	0	0	0	0	11.11111111111111	0	0	0	0	0	0	0	0	11.11111111111111	0	0	11.11111111111111	0	0	11.11111111111111	11.11111111111111	0	100.0	0.0	0	0	0	0	0
german_clean_20.conllu	1	15	15.0	7.642857142857143	20.0	13.333333333333334	0	6.666666666666667	0	20.0	26.666666666666668	0	0	0	6.666666666666667	6.666666666666667	0	0	0.5714285714285714	0	0	0	0	0	0	0	0	0	0	100.0	100.0	0	100.0	0	0	100.0	1.0	100.0	0	0	0	0	0	0	0	0	3.0	15.0	7.0	2.769230769230769	7	1.0	2	100.0	0	100.0	0.0	100.0	0.0	0	0	0	20.0	0	0	0	13.333333333333334	0	0	0	0	0	6.666666666666667	0	20.0	0	0	0	0	0	0	0	13.333333333333334	0	6.666666666666667	0	0	6.666666666666667	0	0	6.666666666666667	6.666666666666667	0	100.0	0.0	0	0	0	0	0
german_clean_21.conllu	1	14	14.0	7.25	14.285714285714286	7.142857142857143	0	7.142857142857143	0	14.285714285714286	21.428571428571427	0	0	0	7.142857142857143	14.285714285714286	0	14.285714285714286	0.6666666666666666	0	0	0	0	0	50.0	50.0	0	0	0	100.0	100.0	0	100.0	0	0	100.0	2.0	100.0	3.0	0	50.0	0	0	0	50.0	0	3.0	7.0	6.0	2.3636363636363638	6	0	0	0	0	100.0	0.0	100.0	0.0	0	0	7.142857142857143	7.142857142857143	7.142857142857143	0	7.142857142857143	7.142857142857143	0	0	0	0	0	0	0	14.285714285714286	0	0	0	0	0	0	0	0	0	0	7.142857142857143	0	7.142857142857143	7.142857142857143	0	14.285714285714286	7.142857142857143	7.142857142857143	50.0	50.0	100.0	0.0	1.0	100.0	0
german_clean_22.conllu	1	33	33.0	6.928571428571429	12.121212121212121	15.151515151515152	3.0303030303030303	3.0303030303030303	3.0303030303030303	15.151515151515152	12.121212121212121	0	3.0303030303030303	3.0303030303030303	9.090909090909092	15.151515151515152	0	6.0606060606060606	0.5	0	0	0	0	0	50.0	50.0	0	0	0	100.0	100.0	0	100.0	0	0	100.0	2.0	100.0	1.5	0	0	0	100.0	0	0	0	3.0	16.5	30.0	6.7407407407407405	30	1.0	2	100.0	0	100.0	0.0	100.0	0.0	0	3.0303030303030303	6.0606060606060606	18.181818181818183	0	0	3.0303030303030303	12.121212121212121	3.0303030303030303	0	0	0	0	0	0	12.121212121212121	0	0	0	0	0	0	6.0606060606060606	6.0606060606060606	0	0	6.0606060606060606	0	3.0303030303030303	3.0303030303030303	0	15.151515151515152	3.0303030303030303	0	50.0	50.0	0.0	100.0	1.0	100.0	0
german_clean_23.conllu	1	26	26.0	6.380952380952381	7.6923076923076925	3.8461538461538463	7.6923076923076925	3.8461538461538463	3.8461538461538463	7.6923076923076925	11.538461538461538	0	7.6923076923076925	3.8461538461538463	0	19.23076923076923	3.8461538461538463	19.23076923076923	0.5714285714285714	50.0	50.0	50.0	50.0	50.0	50.0	0	50.0	50.0	0	0	0	0	0	0	0	0	5.0	100.0	3.4	0	20.0	0	20.0	40.0	20.0	0	4.0	5.2	20.0	3.45	20	0	0	0	0	50.0	50.0	66.66666666666667	33.333333333333336	3.8461538461538463	7.6923076923076925	15.384615384615385	3.8461538461538463	0	0	3.8461538461538463	0	3.8461538461538463	0	0	0	3.8461538461538463	0	0	0	3.8461538461538463	0	0	0	0	0	11.538461538461538	0	0	11.538461538461538	0	0	7.6923076923076925	0	0	19.23076923076923	3.8461538461538463	0	25.0	75.0	100.0	0.0	1.5	50.0	50.0
german_clean_24.conllu	1	24	24.0	5.238095238095238	20.833333333333332	8.333333333333334	8.333333333333334	8.333333333333334	0	8.333333333333334	12.5	0	0	8.333333333333334	4.166666666666667	12.5	4.166666666666667	4.166666666666667	0.5714285714285714	0	100.0	100.0	0	100.0	0	0	0	100.0	0	100.0	100.0	0	100.0	0	0	100.0	3.0	100.0	3.0	0	0	0	100.0	0	0	0	3.0	8.0	12.0	3.9	12	1.0	1	100.0	0	0	0	66.66666666666667	33.333333333333336	0	4.166666666666667	20.833333333333332	4.166666666666667	0	0	0	8.333333333333334	0	0	0	0	0	8.333333333333334	0	8.333333333333334	0	0	0	0	0	0	4.166666666666667	8.333333333333334	0	12.5	0	0	0	4.166666666666667	0	12.5	4.166666666666667	0	33.333333333333336	66.66666666666667	0.0	100.0	1.0	100.0	0
german_clean_25.conllu	1	34	34.0	5.0606060606060606	8.823529411764707	23.529411764705884	2.9411764705882355	2.9411764705882355	2.9411764705882355	20.58823529411765	29.41176470588235	0	0	2.9411764705882355	0	2.9411764705882355	0	2.9411764705882355	0.45454545454545453	0	0	0	0	0	0	100.0	0	0	0	100.0	100.0	0	100.0	0	100.0	0	1.0	100.0	4.0	0	0	0	0	100.0	0	0	5.0	34.0	30.0	3.8125	30	1.6666666666666667	3	33.333333333333336	66.66666666666667	100.0	0.0	100.0	0.0	0	0	2.9411764705882355	5.882352941176471	0	2.9411764705882355	0	23.529411764705884	2.9411764705882355	0	0	0	2.9411764705882355	0	0	20.58823529411765	0	0	0	2.9411764705882355	0	0	0	20.58823529411765	0	2.9411764705882355	0	0	2.9411764705882355	2.9411764705882355	0	2.9411764705882355	2.9411764705882355	0	100.0	0.0	0	0	0	0	0
german_clean_26.conllu	1	21	21.0	6.2105263157894735	14.285714285714286	14.285714285714286	0	0	4.761904761904762	14.285714285714286	28.571428571428573	0	4.761904761904762	0	0	9.523809523809524	0	9.523809523809524	0.5789473684210527	0	100.0	100.0	0	50.0	50.0	0	100.0	0	0	0	0	0	0	0	0	0	2.0	100.0	3.5	0	0	0	50.0	50.0	0	0	5.0	10.5	11.0	2.611111111111111	11	1.0	1	100.0	0	100.0	0.0	0.0	100.0	0	0	4.761904761904762	4.761904761904762	0	0	0	14.285714285714286	4.761904761904762	0	0	0	9.523809523809524	0	0	14.285714285714286	0	0	0	0	0	0	4.761904761904762	4.761904761904762	0	4.761904761904762	0	0	4.761904761904762	9.523809523809524	0	9.523809523809524	4.761904761904762	4.761904761904762	50.0	50.0	100.0	0.0	1.0	100.0	0
german_clean_27.conllu	1	33	33.0	6.666666666666667	9.090909090909092	15.151515151515152	0	6.0606060606060606	3.0303030303030303	21.21212121212121	27.272727272727273	0	0	6.0606060606060606	0	9.090909090909092	0	3.0303030303030303	0.43333333333333335	0	0	0	0	0	0	100.0	0	0	0	100.0	100.0	0	100.0	0	0	100.0	2.0	100.0	3.0	0	0	0	100.0	0	0	0	4.0	16.5	20.0	3.413793103448276	20	1.0	3	100.0	0	0	0	100.0	0.0	3.0303030303030303	0	0	9.090909090909092	0	0	3.0303030303030303	15.151515151515152	3.0303030303030303	0	0	0	6.0606060606060606	3.0303030303030303	0	24.242424242424242	0	0	0	0	0	0	0	9.090909090909092	0	6.0606060606060606	3.0303030303030303	0	0	3.0303030303030303	0	9.090909090909092	3.0303030303030303	0	50.0	50.0	100.0	0.0	1.0	100.0	0
german_clean_28.conllu	1	22	22.0	6.705882352941177	9.090909090909092	4.545454545454546	0	4.545454545454546	0	13.636363636363637	22.727272727272727	0	0	0	9.090909090909092	22.727272727272727	4.545454545454546	9.090909090909092	0.6470588235294118	0	100.0	100.0	0	50.0	0	50.0	0	100.0	0	100.0	100.0	0	100.0	0	100.0	0	2.0	100.0	3.5	0	0	0	50.0	50.0	0	0	4.0	11.0	13.0	4.25	13	0	0	0	0	100.0	0.0	100.0	0.0	0	0	4.545454545454546	4.545454545454546	0	4.545454545454546	0	4.545454545454546	0	4.545454545454546	0	0	0	0	0	13.636363636363637	0	0	0	0	9.090909090909092	0	4.545454545454546	4.545454545454546	0	9.090909090909092	0	0	4.545454545454546	4.545454545454546	0	22.727272727272727	4.545454545454546	0	50.0	50.0	100.0	0.0	1.0	100.0	0
german_clean_29.conllu	1	25	25.0	6.523809523809524	20.0	8.0	4.0	4.0	0	12.0	16.0	0	0	4.0	8.0	16.0	0	8.0	0.6666666666666666	100.0	0	100.0	0	50.0	0	50.0	0	100.0	0	0	0	0	0	0	0	0	3.0	100.0	2.5	0	0	50.0	50.0	0	0	0	4.0	8.333333333333334	12.0	3.55	12	0	0	0	0	0	0	100.0	0.0	8.0	0	8.0	16.0	0	0	0	8.0	0	0	0	0	0	4.0	0	12.0	0	0	0	0	4.0	0	0	0	0	8.0	0	0	0	8.0	0	16.0	4.0	4.0	33.333333333333336	66.66666666666667	50.0	50.0	1.0	100.0	0
german_clean_30.conllu	1	15	15.0	5.642857142857143	20.0	20.0	0	0	0	20.0	20.0	0	0	0	6.666666666666667	6.666666666666667	0	6.666666666666667	0.5714285714285714	100.0	0	100.0	0	100.0	0	0	0	100.0	0	0	0	0	0	0	0	0	1.0	100.0	4.0	0	0	0	0	100.0	0	0	2.0	15.0	9.0	2.8461538461538463	9	0	0	0	0	0	0	100.0	0.0	0	0	0	20.0	0	0	0	20.0	0	0	0	0	0	0	0	20.0	0	0	0	0	0	0	0	0	0	6.666666666666667	0	0	0	20.0	0	6.666666666666667	6.666666666666667	0	100.0	0.0	0	0	0	0	0
german_clean_31.conllu	1	13	13.0	5.333333333333333	0	15.384615384615385	7.6923076923076925	0	7.6923076923076925	7.6923076923076925	30.76923076923077	0	7.6923076923076925	7.6923076923076925	0	7.6923076923076925	0	7.6923076923076925	0.5	0	100.0	100.0	0	100.0	0	0	0	100.0	0	0	0	0	0	0	0	0	1.0	100.0	5.0	0	0	0	0	0	100.0	0	4.0	13.0	5.0	2.0	5	1.0	1	100.0	0	0	0	0.0	100.0	0	0	15.384615384615385	0	0	0	0	15.384615384615385	7.6923076923076925	0	0	0	7.6923076923076925	0	0	7.6923076923076925	0	7.6923076923076925	0	0	0	0	0	7.6923076923076925	0	7.6923076923076925	0	0	0	7.6923076923076925	0	7.6923076923076925	7.6923076923076925	0	100.0	0.0	0	0	0	0	0
german_clean_32.conllu	1	32	32.0	6.566666666666666	9.375	9.375	6.25	0	3.125	18.75	25.0	0	0	9.375	3.125	6.25	3.125	6.25	0.5333333333333333	100.0	0	100.0	0	100.0	0	0	50.0	50.0	0	0	0	0	0	0	0	0	2.0	100.0	4.5	0	0	0	0	50.0	50.0	0	4.0	16.0	13.0	3.413793103448276	13	1.0	1	100.0	0	33.333333333333336	66.66666666666667	100.0	0.0	0	3.125	9.375	9.375	0	0	0	9.375	3.125	0	0	0	3.125	0	0	21.875	0	0	0	0	0	0	3.125	9.375	0	3.125	0	0	9.375	6.25	0	6.25	3.125	0	50.0	50.0	0.0	100.0	1.0	100.0	0
german_clean_33.conllu	1	14	14.0	7.083333333333333	21.428571428571427	7.142857142857143	7.142857142857143	0	7.142857142857143	7.142857142857143	21.428571428571427	0	0	7.142857142857143	0	14.285714285714286	0	7.142857142857143	0.6666666666666666	0	100.0	100.0	0	100.0	0	0	100.0	0	0	0	0	0	0	0	0	0	1.0	100.0	2.0	0	0	100.0	0	0	0	0	4.0	14.0	5.0	2.3636363636363638	5	1.0	1	100.0	0	0.0	100.0	100.0	0.0	0	0	7.142857142857143	21.428571428571427	0	0	0	7.142857142857143	7.142857142857143	0	0	0	7.142857142857143	0	0	7.142857142857143	0	0	0	0	0	0	0	7.142857142857143	0	7.142857142857143	0	0	7.142857142857143	0	0	14.285714285714286	7.142857142857143	0	100.0	0.0	0	0	0	0	0
german_clean_34.conllu	1	9	9.0	7.875	22.22222222222222	0	0	11.11111111111111	11.11111111111111	11.11111111111111	33.333333333333336	0	0	0	0	11.11111111111111	0	0	0.625	0	0	0	0	0	0	0	0	0	100.0	0	100.0	0	100.0	0	100.0	0	1.0	100.0	0	0	0	0	0	0	0	0	2.0	9.0	3.0	1.7142857142857142	3	0	0	0	0	0	0	100.0	0.0	0	0	0	22.22222222222222	0	0	0	0	11.11111111111111	0	0	0	11.11111111111111	11.11111111111111	0	0	11.11111111111111	0	0	0	0	0	0	0	0	11.11111111111111	0	0	0	0	0	11.11111111111111	11.11111111111111	0	100.0	0.0	0	0	0	0	0
german_clean_35.conllu	1	17	17.0	5.5	11.764705882352942	17.647058823529413	5.882352941176471	5.882352941176471	0	17.647058823529413	23.529411764705884	0	0	5.882352941176471	0	5.882352941176471	0	5.882352941176471	0.5	0	0	0	0	0	0	100.0	0	0	0	0	0	0	0	0	0	0	1.0	100.0	6.0	0	0	0	0	0	0	100.0	3.0	17.0	12.0	3.7333333333333334	12	0	0	0	0	0	0	100.0	0.0	0	0	5.882352941176471	11.764705882352942	0	0	5.882352941176471	17.647058823529413	0	0	0	0	0	0	0	11.764705882352942	5.882352941176471	0	0	0	0	0	0	5.882352941176471	0	0	5.882352941176471	0	0	17.647058823529413	0	5.882352941176471	5.882352941176471	0	100.0	0.0	0	0	0	0	0
german_clean_36.conllu	1	15	15.0	6.153846153846154	6.666666666666667	13.333333333333334	6.666666666666667	20.0	0	13.333333333333334	20.0	0	0	0	0	13.333333333333334	0	6.666666666666667	0.46153846153846156	0	0	0	0	0	0	100.0	0	0	100.0	0	100.0	0	100.0	0	100.0	0	2.0	100.0	3.0	0	0	0	100.0	0	0	0	3.0	7.5	7.0	2.8333333333333335	7	0	0	0	0	0	0	100.0	0.0	0	0	6.666666666666667	0	0	6.666666666666667	6.666666666666667	13.333333333333334	0	0	0	0	6.666666666666667	6.666666666666667	0	13.333333333333334	0	0	0	0	0	0	0	0	0	6.666666666666667	0	0	0	13.333333333333334	0	13.333333333333334	6.666666666666667	0	100.0	0.0	0	0	0	0	0
german_clean_37.conllu	1	8	8.0	6.857142857142857	12.5	12.5	0	0	0	12.5	25.0	0	0	12.5	0	12.5	0	12.5	0.5714285714285714	0	100.0	100.0	0	100.0	0	0	0	100.0	0	0	0	0	0	0	0	0	1.0	100.0	3.0	0	0	0	100.0	0	0	0	2.0	8.0	3.0	1.5	3	0	0	0	0	0.0	100.0	0.0	100.0	0	0	0	12.5	0	0	0	12.5	0	0	0	0	0	0	0	12.5	0	0	0	0	0	0	0	0	0	12.5	0	0	12.5	12.5	0	12.5	12.5	0	100.0	0.0	0	0	0	0	0
german_clean_38.conllu	1	33	33.0	5.3	3.0303030303030303	12.121212121212121	3.0303030303030303	6.0606060606060606	6.0606060606060606	12.121212121212121	15.151515151515152	0	0	18.181818181818183	0	9.090909090909092	3.0303030303030303	12.121212121212121	0.36666666666666664	66.66666666666667	33.333333333333336	100.0	0	75.0	25.0	0	0	100.0	100.0	0	100.0	0	100.0	0	0	100.0	4.0	100.0	2.25	0	0	33.333333333333336	33.333333333333336	33.333333333333336	0	0	3.0	8.25	27.0	6.827586206896552	27	0	0	0	0	25.0	75.0	50.0	50.0	0	3.0303030303030303	3.0303030303030303	3.0303030303030303	0	3.0303030303030303	0	9.090909090909092	6.0606060606060606	0	0	3.0303030303030303	6.0606060606060606	3.0303030303030303	0	6.0606060606060606	6.0606060606060606	0	0	0	0	0	3.0303030303030303	0	0	12.121212121212121	0	0	12.121212121212121	9.090909090909092	0	9.090909090909092	3.0303030303030303	0	50.0	50.0	100.0	0.0	1.0	100.0	0
german_clean_39.conllu	1	21	21.0	5.0	9.523809523809524	9.523809523809524	4.761904761904762	4.761904761904762	0	19.047619047619047	19.047619047619047	0	0	14.285714285714286	0	9.523809523809524	0	9.523809523809524	0.47368421052631576	100.0	0	100.0	0	50.0	50.0	0	0	100.0	100.0	0	100.0	0	100.0	0	0	100.0	2.0	100.0	3.5	0	0	0	50.0	50.0	0	0	5.0	10.5	13.0	3.388888888888889	13	0	0	0	0	50.0	50.0	50.0	50.0	4.761904761904762	0	4.761904761904762	9.523809523809524	0	4.761904761904762	0	9.523809523809524	0	0	0	0	0	0	0	14.285714285714286	4.761904761904762	0	0	0	0	4.761904761904762	0	4.761904761904762	0	9.523809523809524	0	0	4.761904761904762	9.523809523809524	0	9.523809523809524	4.761904761904762	0	50.0	50.0	100.0	0.0	1.0	100.0	0
german_clean_40.conllu	1	14	14.0	4.3076923076923075	7.142857142857143	7.142857142857143	7.142857142857143	7.142857142857143	7.142857142857143	28.571428571428573	21.428571428571427	7.142857142857143	0	0	0	7.142857142857143	0	0	0.38461538461538464	0	0	0	0	0	0	0	0	0	0	100.0	100.0	0	100.0	0	0	100.0	0.0	0.0	0	0	0	0	0	0	0	0	4.0	0	11.0	2.9166666666666665	11	0	0	0	0	0	0	100.0	0.0	0	0	14.285714285714286	0	0	0	0	7.142857142857143	7.142857142857143	0	0	0	7.142857142857143	7.142857142857143	0	28.571428571428573	0	0	0	0	0	0	0	7.142857142857143	0	7.142857142857143	0	0	0	0	0	7.142857142857143	7.142857142857143	0	0	0	0	0	0	0	0
german_clean_41.conllu	1	5	5.0	8.0	40.0	0	0	0	0	0	20.0	0	0	0	20.0	20.0	0	0	1.0	0	0	0	0	0	0	0	0	0	0	0	0	0	0	0	0	0	0.0	0.0	0	0	0	0	0	0	0	0	2.0	0	3.0	1.6666666666666667	3	0	0	0	0	0	0	0	0	0	0	20.0	20.0	0	0	0	0	0	0	0	0	0	0	0	0	0	0	0	0	0	0	0	20.0	0	0	0	0	0	0	0	20.0	20.0	0	0	0	0	0	0	0	0
german_clean_42.conllu	1	25	25.0	6.7727272727272725	8.0	12.0	0	4.0	0	24.0	20.0	4.0	0	0	12.0	12.0	0	4.0	0.5	0	0	0	0	0	0	100.0	0	0	0	0	0	0	0	0	0	0	1.0	100.0	5.0	0	0	0	0	0	100.0	0	5.0	25.0	21.0	3.619047619047619	21	1.0	1	100.0	0	0	0	100.0	0.0	0	0	4.0	4.0	0	0	4.0	12.0	0	0	0	0	4.0	0	0	24.0	0	0	0	0	4.0	0	0	16.0	0	0	4.0	0	0	8.0	0	12.0	4.0	0	100.0	0.0	0	0	0	0	0
german_clean_43.conllu	1	26	26.0	6.375	3.8461538461538463	23.076923076923077	3.8461538461538463	3.8461538461538463	3.8461538461538463	15.384615384615385	23.076923076923077	3.8461538461538463	0	0	7.6923076923076925	7.6923076923076925	0	3.8461538461538463	0.4583333333333333	0	0	0	0	0	0	100.0	0	0	0	0	0	0	0	0	0	0	1.0	100.0	0.0	0	0	0	0	0	0	0	3.0	26.0	23.0	6.260869565217392	23	1.0	1	100.0	0	0	0	0	0	0	0	7.6923076923076925	0	3.8461538461538463	0	3.8461538461538463	23.076923076923077	3.8461538461538463	0	0	0	0	0	0	15.384615384615385	0	0	0	0	0	0	0	11.538461538461538	0	0	0	0	0	19.23076923076923	0	7.6923076923076925	3.8461538461538463	0	100.0	0.0	0	0	0	0	0
german_clean_44.conllu	1	21	21.0	6.65	14.285714285714286	14.285714285714286	4.761904761904762	4.761904761904762	0	19.047619047619047	28.571428571428573	0	0	4.761904761904762	0	4.761904761904762	0	4.761904761904762	0.55	0	0	0	0	0	0	100.0	0	0	0	0	0	0	0	0	0	0	1.0	100.0	4.0	0	0	0	0	100.0	0	0	4.0	21.0	19.0	4.7894736842105265	19	1.0	2	100.0	0	100.0	0.0	0	0	0	0	4.761904761904762	14.285714285714286	0	0	4.761904761904762	14.285714285714286	0	0	0	0	0	0	0	23.80952380952381	0	0	0	0	0	0	0	19.047619047619047	0	0	0	0	4.761904761904762	4.761904761904762	0	4.761904761904762	4.761904761904762	0	100.0	0.0	0	0	0	0	0
german_clean_45.conllu	1	15	15.0	7.615384615384615	0	6.666666666666667	13.333333333333334	6.666666666666667	13.333333333333334	0	26.666666666666668	0	6.666666666666667	0	0	13.333333333333334	0	13.333333333333334	0.6153846153846154	0	0	0	0	0	0	100.0	0	0	0	0	0	0	0	0	0	0	2.0	100.0	2.5	0	50.0	0	0	50.0	0	0	4.0	7.5	12.0	2.8333333333333335	12	0	0	0	0	0	0	100.0	0.0	6.666666666666667	0	13.333333333333334	0	6.666666666666667	0	6.666666666666667	6.666666666666667	13.333333333333334	0	0	0	6.666666666666667	0	0	0	0	0	0	0	0	0	6.666666666666667	0	0	0	6.666666666666667	0	0	6.666666666666667	0	13.333333333333334	6.666666666666667	0	50.0	50.0	0.0	100.0	1.0	100.0	0
german_clean_46.conllu	1	28	28.0	5.416666666666667	7.142857142857143	14.285714285714286	3.5714285714285716	3.5714285714285716	0	10.714285714285714	25.0	3.5714285714285716	3.5714285714285716	7.142857142857143	0	14.285714285714286	0	7.142857142857143	0.5	100.0	0	100.0	0	50.0	50.0	0	100.0	0	100.0	0	0	100.0	100.0	0	100.0	0	2.0	100.0	3.0	0	50.0	0	0	0	50.0	0	6.0	14.0	22.0	3.9130434782608696	22	1.3333333333333333	3	66.66666666666667	33.333333333333336	100.0	0.0	66.66666666666667	33.333333333333336	3.5714285714285716	0	7.142857142857143	3.5714285714285716	0	3.5714285714285716	0	14.285714285714286	0	0	0	0	0	0	0	10.714285714285714	0	0	0	0	0	0	0	14.285714285714286	0	10.714285714285714	0	3.5714285714285716	7.142857142857143	0	3.5714285714285716	14.285714285714286	3.5714285714285716	0	100.0	0.0	0	0	0	0	0
german_clean_47.conllu	1	18	18.0	5.25	5.555555555555555	16.666666666666668	11.11111111111111	5.555555555555555	0	0	22.22222222222222	0	0	5.555555555555555	11.11111111111111	11.11111111111111	0	11.11111111111111	0.6875	100.0	0	100.0	0	50.0	0	50.0	0	100.0	0	0	0	0	0	0	0	0	2.0	100.0	3.5	0	0	0	50.0	50.0	0	0	4.0	9.0	12.0	2.8666666666666667	12	1.0	1	100.0	0	0.0	100.0	100.0	0.0	0	0	11.11111111111111	5.555555555555555	5.555555555555555	0	5.555555555555555	16.666666666666668	0	0	0	0	0	0	0	0	0	5.555555555555555	0	0	0	0	0	5.555555555555555	0	0	5.555555555555555	0	5.555555555555555	11.11111111111111	5.555555555555555	11.11111111111111	5.555555555555555	0	100.0	0.0	0	0	0	0	0
german_clean_48.conllu	1	12	12.0	7.111111111111111	8.333333333333334	8.333333333333334	0	0	0	16.666666666666668	25.0	8.333333333333334	0	0	0	25.0	0	8.333333333333334	0.5555555555555556	100.0	0	100.0	0	100.0	0	0	0	100.0	0	0	0	0	0	0	0	0	1.0	100.0	2.0	0	0	100.0	0	0	0	0	3.0	12.0	3.0	1.625	3	1.0	1	100.0	0	100.0	0.0	100.0	0.0	0	0	0	8.333333333333334	0	0	0	8.333333333333334	0	0	0	0	0	0	0	16.666666666666668	0	0	0	0	0	0	0	8.333333333333334	0	8.333333333333334	0	0	8.333333333333334	0	0	25.0	8.333333333333334	8.333333333333334	100.0	0.0	0	0	0	0	0
german_clean_49.conllu	1	10	10.0	6.857142857142857	10.0	0	0	10.0	0	0	20.0	0	0	0	30.0	30.0	0	0	0.8571428571428571	0	0	0	0	0	0	0	0	0	0	0	0	0	0	0	0	0	0.0	0.0	0	0	0	0	0	0	0	0	3.0	0	3.0	1.6666666666666667	3	0	0	0	0	0	0	100.0	0.0	0	0	0	10.0	10.0	0	0	0	0	0	0	0	10.0	10.0	0	0	0	0	0	0	10.0	0	0	0	0	10.0	0	0	0	0	0	30.0	10.0	0	0	0	0	0	0	0	0
german_clean_50.conllu	1	12	12.0	5.090909090909091	8.333333333333334	8.333333333333334	0	8.333333333333334	0	33.333333333333336	33.333333333333336	0	0	0	0	8.333333333333334	0	0	0.45454545454545453	0	0	0	0	0	0	0	0	0	0	100.0	100.0	0	100.0	0	0	100.0	1.0	100.0	0	0	0	0	0	0	0	0	3.0	12.0	6.0	2.1	6	1.0	1	100.0	0	0	0	100.0	0.0	0	0	0	8.333333333333334	0	0	0	8.333333333333334	0	0	0	0	0	8.333333333333334	0	33.333333333333336	0	0	0	0	0	0	0	16.666666666666668	0	8.333333333333334	0	0	0	0	0	8.333333333333334	8.333333333333334	0	100.0	0.0	0	0	0	0	0
german_clean_51.conllu	1	27	27.0	4.72	3.7037037037037037	14.814814814814815	7.407407407407407	7.407407407407407	3.7037037037037037	22.22222222222222	22.22222222222222	0	0	3.7037037037037037	0	7.407407407407407	0	7.407407407407407	0.44	0	100.0	100.0	0	50.0	0	50.0	0	100.0	0	100.0	100.0	0	100.0	0	0	100.0	3.0	100.0	3.5	0	0	0	50.0	50.0	0	0	4.0	9.0	15.0	3.5833333333333335	15	1.0	1	100.0	0	0	0	100.0	0.0	3.7037037037037037	0	7.407407407407407	3.7037037037037037	0	0	3.7037037037037037	14.814814814814815	3.7037037037037037	0	0	0	3.7037037037037037	3.7037037037037037	0	22.22222222222222	0	0	0	0	0	0	0	3.7037037037037037	0	7.407407407407407	0	0	0	11.11111111111111	0	7.407407407407407	3.7037037037037037	0	50.0	50.0	100.0	0.0	1.0	100.0	0
german_clean_52.conllu	1	16	16.0	5.785714285714286	6.25	12.5	0	0	6.25	18.75	31.25	0	0	6.25	0	12.5	0	6.25	0.5	100.0	0	100.0	0	100.0	0	0	0	100.0	0	0	0	0	0	0	0	0	1.0	100.0	3.0	0	0	0	100.0	0	0	0	5.0	16.0	4.0	1.7692307692307692	4	1.0	1	100.0	0	0.0	100.0	100.0	0.0	0	0	0	6.25	6.25	0	0	12.5	6.25	0	0	0	6.25	0	0	18.75	0	0	0	0	0	0	0	6.25	0	6.25	0	0	6.25	6.25	0	12.5	6.25	0	100.0	0.0	0	0	0	0	0
german_clean_53.conllu	1	8	8.0	5.142857142857143	12.5	0	25.0	0	0	12.5	25.0	0	0	0	0	12.5	0	12.5	0.8571428571428571	0	100.0	100.0	0	100.0	0	0	0	100.0	0	0	0	0	0	0	0	0	1.0	100.0	3.0	0	0	0	100.0	0	0	0	2.0	8.0	4.0	1.6666666666666667	4	0	0	0	0	0	0	0.0	100.0	0	0	25.0	12.5	12.5	0	0	0	0	0	0	0	0	0	0	12.5	0	0	0	0	0	0	0	0	0	12.5	0	0	0	0	0	12.5	12.5	0	100.0	0.0	0	0	0	0	0
german_clean_54.conllu	1	12	12.0	5.909090909090909	8.333333333333334	16.666666666666668	0	8.333333333333334	0	16.666666666666668	25.0	0	0	8.333333333333334	0	8.333333333333334	0	8.333333333333334	0.45454545454545453	0	0	0	0	0	0	100.0	0	0	0	0	0	0	0	0	0	0	1.0	100.0	5.0	0	0	0	0	0	100.0	0	2.0	12.0	9.0	3.4	9	0	0	0	0	0	0	100.0	0.0	0	0	8.333333333333334	0	0	0	8.333333333333334	16.666666666666668	0	0	0	0	0	0	0	25.0	0	0	0	0	0	0	0	0	0	0	8.333333333333334	0	0	16.666666666666668	0	8.333333333333334	8.333333333333334	0	100.0	0.0	0	0	0	0	0
german_clean_55.conllu	1	25	25.0	6.521739130434782	12.0	16.0	4.0	4.0	4.0	16.0	16.0	0	0	0	12.0	8.0	0	8.0	0.5652173913043478	100.0	0	100.0	0	100.0	0	0	0	100.0	0	0	0	0	0	0	0	0	2.0	100.0	3.5	0	0	0	50.0	50.0	0	0	5.0	12.5	6.0	2.1363636363636362	6	1.0	2	100.0	0	0	0	100.0	0.0	0	0	8.0	8.0	4.0	0	4.0	16.0	4.0	0	0	0	8.0	0	0	16.0	0	0	0	0	0	0	0	8.0	0	0	4.0	0	0	8.0	0	8.0	4.0	0	100.0	0.0	0	0	0	0	0
german_clean_56.conllu	1	8	8.0	3.857142857142857	0	12.5	0	12.5	0	25.0	25.0	12.5	0	0	0	12.5	0	0	0.2857142857142857	0	0	0	0	0	0	0	0	0	0	0	0	0	0	0	0	0	0.0	0.0	0	0	0	0	0	0	0	0	2.0	0	5.0	2.3333333333333335	5	1.0	1	100.0	0	0	0	100.0	0.0	0	0	0	0	0	0	0	12.5	0	0	0	0	0	12.5	0	25.0	0	0	0	0	0	0	0	12.5	0	12.5	0	0	0	0	0	12.5	12.5	0	0	0	0	0	0	0	0
german_clean_57.conllu	1	16	16.0	7.666666666666667	12.5	12.5	6.25	0	12.5	12.5	18.75	0	0	0	12.5	6.25	0	6.25	0.6	100.0	0	100.0	0	100.0	0	0	0	100.0	0	0	0	0	0	0	0	0	1.0	100.0	2.0	0	0	100.0	0	0	0	0	5.0	16.0	6.0	2.0714285714285716	6	0	0	0	0	0	0	0	0	0	0	6.25	12.5	0	0	0	12.5	12.5	0	0	0	6.25	0	6.25	12.5	0	0	0	0	0	0	0	6.25	0	0	0	0	0	6.25	0	6.25	6.25	6.25	100.0	0.0	0	0	0	0	0
german_clean_58.conllu	1	13	13.0	5.833333333333333	7.6923076923076925	7.6923076923076925	7.6923076923076925	7.6923076923076925	0	15.384615384615385	23.076923076923077	0	0	23.076923076923077	0	7.6923076923076925	0	0	0.4166666666666667	0	0	0	0	0	0	0	0	0	0	0	0	0	0	0	0	0	1.0	100.0	0	0	0	0	0	0	0	0	4.0	13.0	5.0	1.9090909090909092	5	1.0	1	100.0	0	0	0	0.0	100.0	0	0	7.6923076923076925	0	0	0	0	7.6923076923076925	0	0	0	0	0	7.6923076923076925	0	30.76923076923077	0	0	0	0	0	0	0	23.076923076923077	0	7.6923076923076925	0	0	0	0	0	7.6923076923076925	7.6923076923076925	0	100.0	0.0	0	0	0	0	0
german_clean_59.conllu	1	19	19.0	6.352941176470588	5.2631578947368425	5.2631578947368425	5.2631578947368425	10.526315789473685	0	26.31578947368421	31.57894736842105	0	0	5.2631578947368425	0	10.526315789473685	0	0	0.47058823529411764	0	0	0	0	0	0	0	0	0	50.0	50.0	50.0	50.0	100.0	0	50.0	50.0	1.0	100.0	0	0	0	0	0	0	0	0	4.0	19.0	16.0	4.6875	16	1.0	1	100.0	0	0	0	100.0	0.0	0	0	5.2631578947368425	0	0	0	0	5.2631578947368425	0	0	0	0	0	10.526315789473685	0	31.57894736842105	0	0	0	0	0	0	0	21.05263157894737	0	10.526315789473685	0	0	0	0	0	10.526315789473685	5.2631578947368425	0	100.0	0.0	0	0	0	0	0
german_clean_60.conllu	1	20	20.0	6.882352941176471	5.0	5.0	10.0	15.0	0	0	15.0	0	0	15.0	0	15.0	5.0	15.0	0.5294117647058824	0	0	0	0	0	66.66666666666667	33.333333333333336	0	0	100.0	0	50.0	50.0	100.0	0	100.0	0	3.0	100.0	4.0	0	0	0	33.333333333333336	33.333333333333336	33.333333333333336	0	4.0	6.666666666666667	8.0	2.8125	8	0	0	0	0	100.0	0.0	100.0	0.0	5.0	0	15.0	0	0	10.0	5.0	5.0	0	5.0	0	0	0	0	0	5.0	0	0	0	0	0	0	5.0	0	0	10.0	0	0	10.0	5.0	0	15.0	5.0	0	33.333333333333336	66.66666666666667	100.0	0.0	2.0	0	100.0
german_clean_61.conllu	1	12	12.0	6.2727272727272725	8.333333333333334	16.666666666666668	8.333333333333334	8.333333333333334	0	8.333333333333334	25.0	0	0	8.333333333333334	0	8.333333333333334	0	8.333333333333334	0.5454545454545454	0	0	0	0	0	0	100.0	0	0	0	0	0	0	0	0	0	0	1.0	100.0	5.0	0	0	0	0	0	100.0	0	3.0	12.0	10.0	3.8	10	0	0	0	0	100.0	0.0	0	0	0	0	8.333333333333334	8.333333333333334	0	0	8.333333333333334	16.666666666666668	0	0	0	0	0	0	0	8.333333333333334	0	0	0	0	0	8.333333333333334	0	8.333333333333334	0	0	0	0	0	16.666666666666668	0	8.333333333333334	8.333333333333334	0	100.0	0.0	0	0	0	0	0
german_clean_62.conllu	1	11	11.0	5.6	9.090909090909092	9.090909090909092	0	9.090909090909092	9.090909090909092	18.181818181818183	36.36363636363637	0	0	0	0	9.090909090909092	0	0	0.5	0	0	0	0	0	0	0	0	0	0	100.0	100.0	0	100.0	0	0	100.0	1.0	100.0	0	0	0	0	0	0	0	0	3.0	11.0	4.0	1.8888888888888888	4	1.0	1	100.0	0	0	0	100.0	0.0	0	0	0	9.090909090909092	0	0	0	9.090909090909092	9.090909090909092	0	0	0	9.090909090909092	9.090909090909092	0	18.181818181818183	0	0	0	0	0	0	0	9.090909090909092	0	9.090909090909092	0	0	0	0	0	9.090909090909092	9.090909090909092	0	100.0	0.0	0	0	0	0	0
german_clean_63.conllu	1	23	23.0	5.857142857142857	17.391304347826086	8.695652173913043	8.695652173913043	8.695652173913043	0	17.391304347826086	17.391304347826086	0	0	4.3478260869565215	0	8.695652173913043	4.3478260869565215	4.3478260869565215	0.5238095238095238	0	0	0	0	0	0	100.0	0	0	0	0	0	0	0	0	0	0	2.0	100.0	5.0	0	0	0	0	0	100.0	0	3.0	11.5	17.0	3.7	17	1.0	1	100.0	0	100.0	0.0	100.0	0.0	0	4.3478260869565215	13.043478260869565	8.695652173913043	0	0	4.3478260869565215	8.695652173913043	0	0	0	0	0	4.3478260869565215	0	17.391304347826086	0	0	0	0	0	4.3478260869565215	4.3478260869565215	4.3478260869565215	0	4.3478260869565215	4.3478260869565215	0	0	4.3478260869565215	0	8.695652173913043	4.3478260869565215	0	50.0	50.0	0.0	100.0	1.0	100.0	0
german_clean_64.conllu	1	28	28.0	7.708333333333333	21.428571428571427	3.5714285714285716	0	3.5714285714285716	3.5714285714285716	14.285714285714286	25.0	0	0	7.142857142857143	0	14.285714285714286	0	7.142857142857143	0.625	0	0	0	0	0	50.0	50.0	0	0	0	100.0	100.0	0	100.0	0	0	100.0	2.0	100.0	2.5	0	0	50.0	50.0	0	0	0	7.0	14.0	16.0	3.4347826086956523	16	0	0	0	0	50.0	50.0	100.0	0.0	3.5714285714285716	0	3.5714285714285716	17.857142857142858	0	0	3.5714285714285716	3.5714285714285716	3.5714285714285716	0	0	0	7.142857142857143	0	0	14.285714285714286	0	0	0	0	0	0	0	7.142857142857143	0	3.5714285714285716	3.5714285714285716	0	7.142857142857143	3.5714285714285716	0	14.285714285714286	3.5714285714285716	0	50.0	50.0	100.0	0.0	1.0	100.0	0
german_clean_65.conllu	1	25	25.0	6.0	4.0	16.0	4.0	8.0	8.0	12.0	28.0	0	0	4.0	0	8.0	0	8.0	0.4782608695652174	0	100.0	100.0	0	100.0	0	0	50.0	50.0	0	0	0	0	0	0	0	0	2.0	100.0	3.5	0	0	0	50.0	50.0	0	0	5.0	12.5	17.0	3.772727272727273	17	1.0	1	100.0	0	100.0	0.0	100.0	0.0	4.0	0	4.0	4.0	0	4.0	4.0	16.0	8.0	0	0	0	4.0	0	0	12.0	0	0	0	0	0	0	0	8.0	0	4.0	4.0	0	4.0	8.0	0	8.0	4.0	0	50.0	50.0	100.0	0.0	1.0	100.0	0
german_clean_66.conllu	1	25	25.0	6.181818181818182	12.0	8.0	4.0	0	0	12.0	24.0	0	0	4.0	0	12.0	8.0	16.0	0.6363636363636364	0	100.0	100.0	0	75.0	0	25.0	66.66666666666667	33.333333333333336	0	0	0	0	0	0	0	0	4.0	100.0	2.5	25.0	0	0	50.0	25.0	0	0	5.0	6.25	9.0	2.7142857142857144	9	0	0	0	0	100.0	0.0	100.0	0.0	0	0	4.0	12.0	0	4.0	0	8.0	0	8.0	0	0	0	0	0	16.0	0	0	0	0	0	0	8.0	0	0	12.0	0	0	4.0	8.0	0	12.0	4.0	0	25.0	75.0	66.66666666666667	33.333333333333336	1.5	50.0	50.0
german_clean_67.conllu	1	37	37.0	5.387096774193548	10.81081081081081	8.108108108108109	2.7027027027027026	10.81081081081081	0	5.405405405405405	10.81081081081081	0	0	10.81081081081081	0	16.216216216216218	10.81081081081081	13.513513513513514	0.45161290322580644	50.0	50.0	100.0	0	40.0	0	60.0	50.0	50.0	0	100.0	100.0	0	100.0	0	0	100.0	6.0	100.0	4.2	0	0	0	0	80.0	20.0	0	4.0	6.166666666666667	9.0	2.6333333333333333	9	0	0	0	0	0	0	83.33333333333333	16.666666666666668	0	5.405405405405405	8.108108108108109	5.405405405405405	0	0	8.108108108108109	8.108108108108109	0	5.405405405405405	0	0	0	2.7027027027027026	0	2.7027027027027026	0	0	0	0	0	0	10.81081081081081	0	0	8.108108108108109	8.108108108108109	0	0	5.405405405405405	2.7027027027027026	16.216216216216218	2.7027027027027026	0	20.0	80.0	50.0	50.0	1.3333333333333333	66.66666666666667	33.333333333333336
german_clean_68.conllu	1	28	28.0	6.16	3.5714285714285716	10.714285714285714	0	7.142857142857143	3.5714285714285716	14.285714285714286	32.142857142857146	0	0	7.142857142857143	0	10.714285714285714	3.5714285714285716	7.142857142857143	0.48	0	100.0	100.0	0	50.0	0	50.0	100.0	0	0	100.0	100.0	0	100.0	0	0	100.0	2.0	100.0	4.0	0	0	50.0	0	0	0	50.0	6.0	14.0	22.0	5.416666666666667	22	1.0	1	100.0	0	0	0	100.0	0.0	0	0	0	3.5714285714285716	0	3.5714285714285716	3.5714285714285716	10.714285714285714	3.5714285714285716	3.5714285714285716	0	0	7.142857142857143	0	0	17.857142857142858	3.5714285714285716	0	0	0	0	0	3.5714285714285716	7.142857142857143	0	3.5714285714285716	7.142857142857143	0	0	7.142857142857143	0	10.714285714285714	3.5714285714285716	0	50.0	50.0	100.0	0.0	1.0	100.0	0
german_clean_69.conllu	1	27	27.0	5.708333333333333	7.407407407407407	7.407407407407407	3.7037037037037037	11.11111111111111	3.7037037037037037	18.51851851851852	18.51851851851852	0	0	3.7037037037037037	0	11.11111111111111	3.7037037037037037	11.11111111111111	0.4583333333333333	0	100.0	100.0	0	33.333333333333336	33.333333333333336	33.333333333333336	0	100.0	0	100.0	100.0	0	100.0	0	0	100.0	3.0	100.0	4.0	0	0	0	66.66666666666667	0	0	33.333333333333336	5.0	9.0	11.0	3.0	11	0	0	0	0	100.0	0.0	100.0	0.0	3.7037037037037037	0	7.407407407407407	3.7037037037037037	0	7.407407407407407	3.7037037037037037	3.7037037037037037	3.7037037037037037	3.7037037037037037	0	3.7037037037037037	3.7037037037037037	0	0	18.51851851851852	0	0	0	0	0	0	3.7037037037037037	0	0	7.407407407407407	3.7037037037037037	0	3.7037037037037037	3.7037037037037037	0	11.11111111111111	3.7037037037037037	0	33.333333333333336	66.66666666666667	100.0	0.0	2.0	0	100.0
german_clean_70.conllu	1	22	22.0	5.3	4.545454545454546	13.636363636363637	4.545454545454546	9.090909090909092	0	22.727272727272727	22.727272727272727	0	4.545454545454546	0	0	9.090909090909092	0	9.090909090909092	0.45	0	0	0	0	0	50.0	50.0	0	0	0	100.0	100.0	0	100.0	0	0	100.0	2.0	100.0	4.5	0	0	0	50.0	0	0	50.0	4.0	11.0	9.0	3.3684210526315788	9	0	0	0	0	100.0	0.0	100.0	0.0	0	4.545454545454546	4.545454545454546	4.545454545454546	0	4.545454545454546	4.545454545454546	9.090909090909092	0	0	0	0	0	0	0	22.727272727272727	0	0	0	0	0	0	9.090909090909092	4.545454545454546	0	0	4.545454545454546	0	4.545454545454546	9.090909090909092	0	9.090909090909092	4.545454545454546	0	50.0	50.0	100.0	0.0	1.0	100.0	0
german_clean_71.conllu	1	13	13.0	6.363636363636363	0	15.384615384615385	0	15.384615384615385	0	7.6923076923076925	23.076923076923077	0	0	7.6923076923076925	7.6923076923076925	15.384615384615385	0	7.6923076923076925	0.45454545454545453	0	0	0	0	0	0	100.0	0	0	0	100.0	100.0	0	100.0	0	0	100.0	2.0	100.0	3.0	0	0	0	100.0	0	0	0	4.0	6.5	7.0	2.6	7	1.0	1	100.0	0	0	0	100.0	0.0	7.6923076923076925	0	0	0	0	0	7.6923076923076925	15.384615384615385	0	0	0	0	0	7.6923076923076925	0	7.6923076923076925	0	0	0	0	0	0	0	7.6923076923076925	0	7.6923076923076925	7.6923076923076925	0	0	7.6923076923076925	0	15.384615384615385	7.6923076923076925	0	50.0	50.0	100.0	0.0	1.0	100.0	0
german_clean_72.conllu	1	10	10.0	5.5	10.0	10.0	0	10.0	0	0	20.0	0	0	10.0	0	20.0	0	20.0	0.625	0	0	0	0	0	0	100.0	0	0	0	100.0	100.0	0	100.0	0	0	100.0	2.0	100.0	1.5	0	50.0	50.0	0	0	0	0	3.0	5.0	5.0	2.857142857142857	5	0	0	0	0	0	0	0.0	100.0	0	0	10.0	0	0	0	10.0	10.0	0	0	10.0	0	0	0	0	0	0	0	0	0	0	0	0	0	0	0	10.0	0	0	10.0	0	20.0	10.0	10.0	50.0	50.0	0.0	100.0	1.0	100.0	0
german_clean_73.conllu	1	17	17.0	5.8125	5.882352941176471	11.764705882352942	0	5.882352941176471	5.882352941176471	23.529411764705884	35.294117647058826	0	0	0	0	5.882352941176471	0	5.882352941176471	0.5	0	100.0	100.0	0	100.0	0	0	0	100.0	0	100.0	100.0	0	100.0	0	0	100.0	2.0	100.0	3.0	0	0	0	100.0	0	0	0	4.0	8.5	7.0	2.3333333333333335	7	0	0	0	0	0	0	100.0	0.0	0	0	0	5.882352941176471	0	0	0	11.764705882352942	5.882352941176471	0	0	0	5.882352941176471	5.882352941176471	0	23.529411764705884	0	0	0	0	0	0	0	11.764705882352942	0	5.882352941176471	0	0	0	11.764705882352942	0	5.882352941176471	5.882352941176471	0	100.0	0.0	0	0	0	0	0
german_clean_74.conllu	1	9	9.0	8.875	0	22.22222222222222	0	11.11111111111111	11.11111111111111	0	33.333333333333336	0	0	0	11.11111111111111	11.11111111111111	0	0	0.5	0	0	0	0	0	0	0	0	0	0	100.0	100.0	0	100.0	0	0	100.0	0.0	0.0	0	0	0	0	0	0	0	0	4.0	0	4.0	1.7142857142857142	4	1.0	1	100.0	0	0	0	0	0	0	0	0	0	0	0	11.11111111111111	22.22222222222222	11.11111111111111	0	0	0	11.11111111111111	0	0	0	0	0	0	0	0	0	0	11.11111111111111	0	0	0	0	0	11.11111111111111	0	11.11111111111111	11.11111111111111	0	0	0	0	0	0	0	0
german_clean_75.conllu	1	19	19.0	6.933333333333334	10.526315789473685	15.789473684210526	0	5.2631578947368425	0	10.526315789473685	26.31578947368421	0	0	0	5.2631578947368425	21.05263157894737	0	5.2631578947368425	0.6	0	0	0	0	0	0	100.0	0	0	0	100.0	100.0	0	100.0	0	0	100.0	1.0	100.0	6.0	0	0	0	0	0	0	100.0	3.0	19.0	15.0	4.285714285714286	15	0	0	0	0	0	0	100.0	0.0	0	0	0	5.2631578947368425	5.2631578947368425	0	5.2631578947368425	15.789473684210526	0	0	5.2631578947368425	0	0	0	0	10.526315789473685	0	0	0	0	0	0	0	0	0	0	5.2631578947368425	0	0	15.789473684210526	0	21.05263157894737	5.2631578947368425	5.2631578947368425	100.0	0.0	0	0	0	0	0
german_clean_76.conllu	1	25	25.0	6.590909090909091	0	16.0	8.0	4.0	4.0	12.0	16.0	0	0	8.0	8.0	12.0	0	12.0	0.5	0	100.0	100.0	0	66.66666666666667	0	33.333333333333336	0	100.0	0	100.0	100.0	0	100.0	0	0	100.0	3.0	100.0	4.0	0	0	0	66.66666666666667	0	0	33.333333333333336	4.0	8.333333333333334	15.0	3.3333333333333335	15	0	0	0	0	0	0	50.0	50.0	0	4.0	8.0	0	4.0	0	4.0	16.0	4.0	0	0	0	4.0	0	0	12.0	0	0	4.0	0	0	0	0	0	0	4.0	4.0	0	0	16.0	0	12.0	4.0	0	50.0	50.0	0.0	100.0	1.0	100.0	0
german_clean_77.conllu	1	14	14.0	7.6923076923076925	7.142857142857143	14.285714285714286	7.142857142857143	7.142857142857143	0	21.428571428571427	28.571428571428573	0	0	0	0	7.142857142857143	0	7.142857142857143	0.5384615384615384	0	0	0	0	0	0	100.0	0	0	0	100.0	100.0	0	100.0	0	0	100.0	1.0	100.0	5.0	0	0	0	0	0	100.0	0	3.0	14.0	11.0	3.25	11	0	0	0	0	0	0	100.0	0.0	0	0	7.142857142857143	7.142857142857143	0	0	7.142857142857143	14.285714285714286	0	0	0	0	0	0	0	21.428571428571427	0	0	0	0	0	0	0	7.142857142857143	0	0	7.142857142857143	0	0	14.285714285714286	0	7.142857142857143	7.142857142857143	0	100.0	0.0	0	0	0	0	0
german_clean_78.conllu	1	18	18.0	6.235294117647059	5.555555555555555	11.11111111111111	16.666666666666668	5.555555555555555	5.555555555555555	16.666666666666668	27.77777777777778	0	0	0	0	5.555555555555555	0	5.555555555555555	0.5882352941176471	0	0	0	0	0	0	100.0	0	0	0	0	0	0	0	0	0	0	1.0	0.0	3.0	0	0	0	100.0	0	0	0	4.0	18.0	8.0	2.75	8	1.0	1	100.0	0	0	0	100.0	0.0	0	0	16.666666666666668	5.555555555555555	5.555555555555555	0	5.555555555555555	11.11111111111111	5.555555555555555	0	0	0	5.555555555555555	0	0	16.666666666666668	0	0	0	0	0	0	0	5.555555555555555	0	0	5.555555555555555	0	0	5.555555555555555	0	5.555555555555555	5.555555555555555	0	0	0	0	0	0	0	0
german_clean_79.conllu	1	28	28.0	6.92	10.714285714285714	10.714285714285714	3.5714285714285716	7.142857142857143	7.142857142857143	14.285714285714286	25.0	0	0	3.5714285714285716	0	10.714285714285714	0	7.142857142857143	0.52	0	100.0	100.0	0	50.0	0	50.0	0	100.0	0	100.0	100.0	0	100.0	0	0	100.0	2.0	100.0	4.5	0	0	0	50.0	0	0	50.0	5.0	14.0	14.0	3.9583333333333335	14	0	0	0	0	0	0	100.0	0.0	3.5714285714285716	0	7.142857142857143	7.142857142857143	0	3.5714285714285716	3.5714285714285716	10.714285714285714	7.142857142857143	0	0	0	7.142857142857143	0	0	14.285714285714286	0	0	0	0	0	0	0	3.5714285714285716	0	3.5714285714285716	3.5714285714285716	0	0	10.714285714285714	0	10.714285714285714	3.5714285714285716	0	50.0	50.0	100.0	0.0	1.0	100.0	0
german_clean_80.conllu	1	23	23.0	5.9523809523809526	4.3478260869565215	17.391304347826086	0	0	13.043478260869565	13.043478260869565	30.434782608695652	0	0	4.3478260869565215	4.3478260869565215	8.695652173913043	0	4.3478260869565215	0.47619047619047616	0	100.0	100.0	0	100.0	0	0	0	100.0	0	0	0	0	0	0	0	0	1.0	100.0	3.0	0	0	0	100.0	0	0	0	5.0	23.0	10.0	2.45	10	1.0	2	100.0	0	0.0	100.0	100.0	0.0	0	0	0	4.3478260869565215	0	0	0	17.391304347826086	13.043478260869565	0	0	0	17.391304347826086	0	0	13.043478260869565	0	0	0	0	0	0	0	8.695652173913043	0	4.3478260869565215	0	0	4.3478260869565215	4.3478260869565215	0	8.695652173913043	4.3478260869565215	0	100.0	0.0	0	0	0	0	0
german_clean_81.conllu	1	16	16.0	7.466666666666667	12.5	12.5	6.25	6.25	0	25.0	31.25	0	0	0	0	6.25	0	0	0.5333333333333333	0	0	0	0	0	0	0	0	0	0	0	0	0	0	0	0	0	1.0	100.0	0	0	0	0	0	0	0	0	4.0	16.0	7.0	2.2142857142857144	7	1.0	2	100.0	0	0	0	0.0	100.0	0	0	12.5	0	0	0	0	12.5	0	0	0	0	0	6.25	0	25.0	0	0	0	0	0	0	0	25.0	0	6.25	0	0	0	0	0	6.25	6.25	0	100.0	0.0	0	0	0	0	0
german_clean_82.conllu	1	21	21.0	6.388888888888889	9.523809523809524	4.761904761904762	0	0	4.761904761904762	23.80952380952381	23.80952380952381	0	0	4.761904761904762	4.761904761904762	14.285714285714286	0	9.523809523809524	0.5555555555555556	0	100.0	100.0	0	100.0	0	0	50.0	50.0	0	0	0	0	0	0	0	0	2.0	100.0	3.5	0	0	0	50.0	50.0	0	0	3.0	10.5	10.0	2.7058823529411766	10	0	0	0	0	0.0	100.0	50.0	50.0	0	0	0	14.285714285714286	0	0	0	4.761904761904762	4.761904761904762	0	0	0	4.761904761904762	0	0	19.047619047619047	0	0	0	0	4.761904761904762	0	0	4.761904761904762	0	9.523809523809524	0	0	9.523809523809524	4.761904761904762	0	14.285714285714286	4.761904761904762	0	100.0	0.0	0	0	0	0	0
german_clean_83.conllu	1	21	21.0	5.277777777777778	4.761904761904762	9.523809523809524	0	4.761904761904762	0	19.047619047619047	28.571428571428573	0	4.761904761904762	4.761904761904762	0	14.285714285714286	0	9.523809523809524	0.5	0	100.0	100.0	0	50.0	50.0	0	0	100.0	0	100.0	100.0	0	100.0	0	0	100.0	3.0	100.0	2.0	0	0	100.0	0	0	0	0	5.0	7.0	12.0	2.6470588235294117	12	1.0	1	100.0	0	100.0	0.0	100.0	0.0	4.761904761904762	0	0	4.761904761904762	0	0	0	9.523809523809524	0	0	4.761904761904762	0	0	4.761904761904762	0	23.80952380952381	0	0	0	0	0	0	4.761904761904762	4.761904761904762	0	4.761904761904762	0	0	9.523809523809524	4.761904761904762	0	14.285714285714286	4.761904761904762	0	33.333333333333336	66.66666666666667	0.0	100.0	1.0	100.0	0
german_clean_84.conllu	1	27	27.0	6.75	7.407407407407407	11.11111111111111	0	3.7037037037037037	7.407407407407407	14.814814814814815	33.333333333333336	0	0	3.7037037037037037	0	11.11111111111111	0	7.407407407407407	0.5416666666666666	0	100.0	100.0	0	50.0	0	50.0	0	100.0	0	0	0	0	0	0	0	0	2.0	100.0	3.5	0	0	0	50.0	50.0	0	0	7.0	13.5	14.0	3.1739130434782608	14	0	0	0	0	0.0	100.0	100.0	0.0	3.7037037037037037	0	0	7.407407407407407	3.7037037037037037	0	3.7037037037037037	11.11111111111111	7.407407407407407	0	0	0	7.407407407407407	0	0	11.11111111111111	3.7037037037037037	0	0	0	0	0	0	3.7037037037037037	0	3.7037037037037037	3.7037037037037037	0	3.7037037037037037	11.11111111111111	0	11.11111111111111	3.7037037037037037	0	50.0	50.0	100.0	0.0	1.0	100.0	0
german_clean_85.conllu	1	20	20.0	6.842105263157895	10.0	10.0	5.0	5.0	5.0	25.0	25.0	0	0	0	0	5.0	0	10.0	0.5263157894736842	0	0	0	0	0	0	100.0	0	0	0	100.0	100.0	0	100.0	0	0	100.0	2.0	100.0	4.0	0	0	0	0	100.0	0	0	4.0	10.0	16.0	4.055555555555555	16	0	0	0	0	0.0	100.0	100.0	0.0	0	0	5.0	10.0	0	0	5.0	10.0	5.0	0	0	0	5.0	0	0	25.0	0	0	0	0	0	0	0	5.0	0	5.0	0	0	5.0	10.0	0	5.0	5.0	0	100.0	0.0	0	0	0	0	0
german_clean_86.conllu	1	8	8.0	7.857142857142857	12.5	12.5	0	12.5	0	12.5	37.5	0	0	0	0	12.5	0	0	0.5714285714285714	0	0	0	0	0	0	0	0	0	0	0	0	0	0	0	0	0	1.0	0.0	0	0	0	0	0	0	0	0	3.0	8.0	4.0	2.1666666666666665	4	1.0	1	100.0	0	0	0	0.0	100.0	0	0	0	12.5	0	0	0	12.5	0	0	0	0	0	12.5	0	12.5	0	0	0	0	0	0	0	12.5	0	12.5	0	0	0	0	0	12.5	12.5	0	0.0	100.0	100.0	0.0	1.0	100.0	0
german_clean_87.conllu	1	18	18.0	6.823529411764706	11.11111111111111	16.666666666666668	0	5.555555555555555	5.555555555555555	22.22222222222222	22.22222222222222	0	0	0	11.11111111111111	5.555555555555555	0	0	0.47058823529411764	0	0	0	0	0	0	0	0	0	0	100.0	100.0	0	100.0	0	0	100.0	1.0	100.0	0	0	0	0	0	0	0	0	4.0	18.0	11.0	3.1875	11	1.0	2	100.0	0	0	0	100.0	0.0	0	0	0	11.11111111111111	0	0	0	16.666666666666668	5.555555555555555	0	0	0	5.555555555555555	5.555555555555555	0	16.666666666666668	5.555555555555555	0	0	0	0	0	0	11.11111111111111	0	5.555555555555555	0	0	0	5.555555555555555	0	5.555555555555555	5.555555555555555	0	100.0	0.0	0	0	0	0	0
german_clean_88.conllu	1	37	37.0	5.617647058823529	8.108108108108109	13.513513513513514	2.7027027027027026	2.7027027027027026	8.108108108108109	18.91891891891892	29.72972972972973	0	0	2.7027027027027026	2.7027027027027026	8.108108108108109	0	2.7027027027027026	0.5	0	0	0	0	0	0	100.0	0	0	0	100.0	100.0	0	100.0	0	0	100.0	1.0	100.0	3.0	0	0	0	100.0	0	0	0	8.0	37.0	16.0	3.272727272727273	16	1.3333333333333333	3	66.66666666666667	33.333333333333336	50.0	50.0	100.0	0.0	2.7027027027027026	0	2.7027027027027026	8.108108108108109	0	0	0	13.513513513513514	8.108108108108109	0	0	0	10.81081081081081	0	0	18.91891891891892	0	0	0	0	0	0	0	13.513513513513514	0	2.7027027027027026	0	0	5.405405405405405	2.7027027027027026	0	8.108108108108109	2.7027027027027026	0	50.0	50.0	100.0	0.0	1.0	100.0	0
german_clean_89.conllu	1	15	15.0	7.75	0	6.666666666666667	0	0	6.666666666666667	20.0	40.0	0	0	0	0	20.0	0	6.666666666666667	0.5833333333333334	0	100.0	100.0	0	100.0	0	0	0	100.0	0	0	0	0	0	0	0	0	1.0	100.0	3.0	0	0	0	100.0	0	0	0	4.0	15.0	4.0	1.9090909090909092	4	0	0	0	0	0.0	100.0	100.0	0.0	0	0	0	0	0	0	0	6.666666666666667	6.666666666666667	0	0	0	20.0	0	0	13.333333333333334	6.666666666666667	0	0	0	0	0	0	0	0	6.666666666666667	0	0	6.666666666666667	6.666666666666667	0	20.0	6.666666666666667	0	100.0	0.0	0	0	0	0	0
german_clean_90.conllu	1	28	28.0	5.68	7.142857142857143	14.285714285714286	17.857142857142858	7.142857142857143	0	7.142857142857143	14.285714285714286	0	0	7.142857142857143	0	10.714285714285714	3.5714285714285716	10.714285714285714	0.56	0	100.0	100.0	0	66.66666666666667	0	33.333333333333336	50.0	50.0	0	100.0	100.0	0	100.0	0	50.0	50.0	3.0	100.0	4.0	0	0	33.333333333333336	0	33.333333333333336	0	33.333333333333336	5.0	9.333333333333334	9.0	3.2083333333333335	9	0	0	0	0	0	0	50.0	50.0	3.5714285714285716	0	17.857142857142858	7.142857142857143	0	3.5714285714285716	3.5714285714285716	14.285714285714286	0	0	0	0	0	0	0	7.142857142857143	0	0	0	0	0	0	3.5714285714285716	3.5714285714285716	0	3.5714285714285716	3.5714285714285716	0	0	10.714285714285714	0	10.714285714285714	3.5714285714285716	3.5714285714285716	33.333333333333336	66.66666666666667	100.0	0.0	1.0	100.0	0
german_clean_91.conllu	1	15	15.0	6.846153846153846	0	13.333333333333334	13.333333333333334	6.666666666666667	0	13.333333333333334	20.0	0	6.666666666666667	0	0	13.333333333333334	0	13.333333333333334	0.5384615384615384	0	0	0	0	0	50.0	50.0	0	0	0	100.0	100.0	0	100.0	0	0	100.0	2.0	100.0	4.5	0	0	0	0	50.0	50.0	0	3.0	7.5	9.0	3.5	9	0	0	0	0	100.0	0.0	100.0	0.0	0	6.666666666666667	13.333333333333334	0	0	0	6.666666666666667	6.666666666666667	0	0	0	0	0	0	0	13.333333333333334	0	0	0	0	0	0	13.333333333333334	0	0	0	6.666666666666667	0	6.666666666666667	6.666666666666667	0	13.333333333333334	6.666666666666667	0	50.0	50.0	100.0	0.0	1.0	100.0	0
german_clean_92.conllu	1	18	18.0	5.75	0	11.11111111111111	11.11111111111111	5.555555555555555	0	22.22222222222222	22.22222222222222	0	0	5.555555555555555	0	11.11111111111111	0	11.11111111111111	0.5	100.0	0	100.0	0	50.0	0	50.0	0	100.0	0	0	0	0	0	0	0	0	2.0	100.0	4.0	0	0	0	0	100.0	0	0	3.0	9.0	13.0	2.7333333333333334	13	0	0	0	0	0	0	100.0	0.0	5.555555555555555	0	5.555555555555555	0	0	0	5.555555555555555	11.11111111111111	0	0	0	5.555555555555555	0	0	0	16.666666666666668	0	0	0	0	0	0	0	5.555555555555555	5.555555555555555	5.555555555555555	5.555555555555555	0	0	11.11111111111111	0	11.11111111111111	5.555555555555555	0	50.0	50.0	100.0	0.0	1.0	100.0	0
german_clean_93.conllu	1	12	12.0	7.9	16.666666666666668	0	0	16.666666666666668	8.333333333333334	0	8.333333333333334	0	8.333333333333334	0	0	16.666666666666668	0	25.0	0.6	0	0	0	0	0	66.66666666666667	33.333333333333336	0	0	0	100.0	100.0	0	100.0	0	100.0	0	3.0	100.0	2.0	0	33.333333333333336	33.333333333333336	33.333333333333336	0	0	0	5.0	4.0	10.0	3.6666666666666665	10	0	0	0	0	0	0	100.0	0.0	0	0	0	8.333333333333334	0	8.333333333333334	8.333333333333334	0	8.333333333333334	0	0	0	16.666666666666668	0	0	0	0	0	0	0	0	0	8.333333333333334	0	0	0	8.333333333333334	0	0	0	0	16.666666666666668	8.333333333333334	8.333333333333334	50.0	50.0	100.0	0.0	1.0	100.0	0
german_clean_94.conllu	1	17	17.0	7.6875	11.764705882352942	5.882352941176471	5.882352941176471	0	5.882352941176471	11.764705882352942	35.294117647058826	0	0	11.764705882352942	0	5.882352941176471	0	5.882352941176471	0.625	0	100.0	100.0	0	100.0	0	0	100.0	0	0	0	0	0	0	0	0	0	1.0	100.0	4.0	0	0	0	0	100.0	0	0	5.0	17.0	7.0	2.066666666666667	7	0	0	0	0	0.0	100.0	100.0	0.0	0	0	5.882352941176471	11.764705882352942	0	0	0	5.882352941176471	5.882352941176471	0	0	0	5.882352941176471	0	0	23.529411764705884	0	0	0	0	0	0	0	11.764705882352942	0	5.882352941176471	0	0	5.882352941176471	5.882352941176471	0	5.882352941176471	5.882352941176471	0	100.0	0.0	0	0	0	0	0
german_clean_95.conllu	1	14	14.0	5.846153846153846	0	21.428571428571427	21.428571428571427	7.142857142857143	7.142857142857143	7.142857142857143	21.428571428571427	0	0	0	0	7.142857142857143	0	7.142857142857143	0.5384615384615384	0	0	0	0	0	0	100.0	0	0	0	100.0	100.0	0	100.0	0	0	100.0	1.0	100.0	5.0	0	0	0	0	0	100.0	0	4.0	14.0	12.0	5.0	12	1.0	1	100.0	0	0	0	0	0	0	0	21.428571428571427	0	0	0	7.142857142857143	21.428571428571427	7.142857142857143	0	0	0	7.142857142857143	0	0	7.142857142857143	0	0	0	0	0	0	0	7.142857142857143	0	0	0	0	0	7.142857142857143	0	7.142857142857143	7.142857142857143	0	100.0	0.0	0	0	0	0	0
german_clean_96.conllu	1	27	27.0	5.48	0	11.11111111111111	7.407407407407407	7.407407407407407	0	25.925925925925927	33.333333333333336	0	0	0	0	7.407407407407407	3.7037037037037037	3.7037037037037037	0.48	0	0	0	0	0	0	100.0	0	0	0	100.0	100.0	0	100.0	0	0	100.0	2.0	100.0	5.0	0	0	0	0	0	100.0	0	5.0	13.5	17.0	3.375	17	1.0	1	100.0	0	0	0	100.0	0.0	0	3.7037037037037037	7.407407407407407	0	0	0	3.7037037037037037	11.11111111111111	0	0	0	0	0	3.7037037037037037	0	25.925925925925927	0	0	0	0	0	0	3.7037037037037037	14.814814814814815	0	3.7037037037037037	3.7037037037037037	0	0	7.407407407407407	0	7.407407407407407	3.7037037037037037	0	50.0	50.0	100.0	0.0	1.0	100.0	0
german_clean_97.conllu	1	24	24.0	5.363636363636363	0	16.666666666666668	12.5	4.166666666666667	0	20.833333333333332	25.0	0	0	0	4.166666666666667	8.333333333333334	0	8.333333333333334	0.5454545454545454	0	0	0	0	0	0	100.0	0	0	0	0	0	0	0	0	0	0	2.0	100.0	4.0	0	0	0	50.0	0	50.0	0	6.0	12.0	17.0	3.761904761904762	17	1.0	1	100.0	0	0	0	100.0	0.0	4.166666666666667	0	12.5	0	0	0	4.166666666666667	16.666666666666668	0	0	0	0	0	0	0	20.833333333333332	0	0	0	0	0	0	0	12.5	0	0	4.166666666666667	0	0	12.5	0	8.333333333333334	4.166666666666667	0	50.0	50.0	100.0	0.0	1.0	100.0	0
german_clean_98.conllu	1	21	21.0	6.5	14.285714285714286	14.285714285714286	9.523809523809524	4.761904761904762	4.761904761904762	4.761904761904762	19.047619047619047	0	0	0	0	14.285714285714286	4.761904761904762	9.523809523809524	0.6111111111111112	0	100.0	100.0	0	50.0	0	50.0	0	100.0	0	100.0	100.0	0	100.0	0	0	100.0	2.0	100.0	3.5	0	0	50.0	0	0	50.0	0	3.0	10.5	16.0	4.470588235294118	16	1.0	1	100.0	0	0	0	100.0	0.0	0	0	9.523809523809524	14.285714285714286	0	0	4.761904761904762	14.285714285714286	4.761904761904762	0	0	0	4.761904761904762	0	0	4.761904761904762	0	0	0	0	0	0	4.761904761904762	4.761904761904762	0	0	4.761904761904762	0	0	9.523809523809524	0	14.285714285714286	4.761904761904762	0	100.0	0.0	0	0	0	0	0
german_clean_99.conllu	1	15	15.0	5.928571428571429	6.666666666666667	13.333333333333334	13.333333333333334	6.666666666666667	6.666666666666667	6.666666666666667	13.333333333333334	0	0	6.666666666666667	13.333333333333334	6.666666666666667	0	6.666666666666667	0.5714285714285714	0	0	0	0	0	0	100.0	0	0	0	0	0	0	0	0	0	0	1.0	100.0	5.0	0	0	0	0	0	100.0	0	3.0	15.0	12.0	3.3076923076923075	12	1.0	1	100.0	0	0	0	100.0	0.0	0	0	20.0	0	0	0	6.666666666666667	13.333333333333334	6.666666666666667	0	0	0	6.666666666666667	0	0	13.333333333333334	0	0	0	0	0	0	0	6.666666666666667	0	0	6.666666666666667	0	0	6.666666666666667	0	6.666666666666667	6.666666666666667	0	100.0	0.0	0	0	0	0	0
german_clean_100.conllu	1	25	25.0	6.695652173913044	16.0	8.0	0	8.0	4.0	20.0	20.0	0	0	4.0	12.0	8.0	0	0	0.5217391304347826	0	0	0	0	0	0	0	0	0	0	100.0	100.0	0	100.0	0	0	100.0	2.0	100.0	0	0	0	0	0	0	0	0	5.0	12.5	14.0	3.272727272727273	14	1.0	2	100.0	0	0	0	100.0	0.0	4.0	0	0	16.0	0	0	0	8.0	4.0	0	0	0	4.0	8.0	0	20.0	0	0	0	0	0	0	0	12.0	0	12.0	0	0	0	0	0	8.0	4.0	0	50.0	50.0	100.0	0.0	1.0	100.0	0
german_clean_101.conllu	1	18	18.0	7.5	5.555555555555555	5.555555555555555	0	5.555555555555555	11.11111111111111	11.11111111111111	33.333333333333336	0	0	5.555555555555555	0	22.22222222222222	0	0	0.5	0	0	0	0	0	0	0	0	0	0	100.0	100.0	0	100.0	0	0	100.0	1.0	100.0	0	0	0	0	0	0	0	0	4.0	18.0	16.0	5.615384615384615	16	1.0	1	100.0	0	0	0	100.0	0.0	0	0	0	0	0	0	0	5.555555555555555	11.11111111111111	0	0	0	27.77777777777778	5.555555555555555	0	5.555555555555555	5.555555555555555	0	0	0	0	0	0	5.555555555555555	0	5.555555555555555	0	0	0	0	0	22.22222222222222	5.555555555555555	0	100.0	0.0	0	0	0	0	0
german_clean_102.conllu	1	34	34.0	6.25	14.705882352941176	0	2.9411764705882355	5.882352941176471	8.823529411764707	8.823529411764707	14.705882352941176	0	8.823529411764707	2.9411764705882355	0	17.647058823529413	2.9411764705882355	11.764705882352942	0.5357142857142857	0	0	0	0	0	100.0	0	0	0	0	100.0	100.0	0	100.0	0	0	100.0	6.0	100.0	1.5	0	33.333333333333336	33.333333333333336	33.333333333333336	0	0	0	3.0	5.666666666666667	19.0	3.3703703703703702	19	0	0	0	0	100.0	0.0	100.0	0.0	0	0	8.823529411764707	2.9411764705882355	0	0	0	0	8.823529411764707	2.9411764705882355	0	0	11.764705882352942	5.882352941176471	0	5.882352941176471	2.9411764705882355	2.9411764705882355	0	0	0	0	11.764705882352942	0	0	5.882352941176471	0	0	8.823529411764707	0	0	17.647058823529413	2.9411764705882355	0	33.333333333333336	66.66666666666667	50.0	50.0	1.0	100.0	0
german_clean_103.conllu	1	26	26.0	6.2	7.6923076923076925	11.538461538461538	11.538461538461538	3.8461538461538463	3.8461538461538463	23.076923076923077	26.923076923076923	0	0	0	0	3.8461538461538463	0	7.6923076923076925	0.56	0	100.0	100.0	0	50.0	0	50.0	0	100.0	0	100.0	100.0	0	100.0	0	0	100.0	2.0	100.0	5.5	0	0	0	0	0	50.0	50.0	3.0	13.0	11.0	3.1666666666666665	11	0	0	0	0	33.333333333333336	66.66666666666667	0.0	100.0	0	0	7.6923076923076925	7.6923076923076925	0	3.8461538461538463	0	11.538461538461538	3.8461538461538463	0	0	3.8461538461538463	3.8461538461538463	0	0	15.384615384615385	7.6923076923076925	0	0	0	0	3.8461538461538463	0	0	0	3.8461538461538463	0	0	7.6923076923076925	11.538461538461538	0	3.8461538461538463	3.8461538461538463	0	100.0	0.0	0	0	0	0	0
german_clean_104.conllu	1	22	22.0	6.45	9.090909090909092	13.636363636363637	0	4.545454545454546	0	22.727272727272727	22.727272727272727	0	9.090909090909092	4.545454545454546	0	9.090909090909092	0	4.545454545454546	0.4	0	0	0	0	0	100.0	0	0	0	0	100.0	100.0	0	100.0	0	0	100.0	1.0	100.0	0.0	0	0	0	0	0	0	0	3.0	22.0	18.0	4.7368421052631575	18	1.0	1	100.0	0	100.0	0.0	100.0	0.0	0	0	4.545454545454546	9.090909090909092	0	0	4.545454545454546	13.636363636363637	0	0	0	0	0	0	0	18.181818181818183	4.545454545454546	0	0	0	0	0	4.545454545454546	4.545454545454546	0	4.545454545454546	0	0	9.090909090909092	9.090909090909092	0	9.090909090909092	4.545454545454546	0	100.0	0.0	0	0	0	0	0
german_clean_105.conllu	1	27	27.0	7.869565217391305	3.7037037037037037	3.7037037037037037	3.7037037037037037	0	11.11111111111111	7.407407407407407	29.62962962962963	0	3.7037037037037037	3.7037037037037037	0	14.814814814814815	3.7037037037037037	14.814814814814815	0.6086956521739131	0	100.0	100.0	0	25.0	25.0	50.0	0	100.0	0	0	0	0	0	0	0	0	4.0	100.0	2.75	0	25.0	25.0	0	50.0	0	0	5.0	6.75	21.0	3.5454545454545454	21	1.0	1	100.0	0	100.0	0.0	66.66666666666667	33.333333333333336	0	3.7037037037037037	3.7037037037037037	3.7037037037037037	0	0	0	3.7037037037037037	11.11111111111111	0	0	0	18.51851851851852	0	0	7.407407407407407	0	0	0	0	0	0	7.407407407407407	3.7037037037037037	0	7.407407407407407	3.7037037037037037	0	3.7037037037037037	0	0	14.814814814814815	3.7037037037037037	3.7037037037037037	33.333333333333336	66.66666666666667	100.0	0.0	1.0	100.0	0
german_clean_106.conllu	1	34	34.0	6.0	14.705882352941176	11.764705882352942	0	5.882352941176471	2.9411764705882355	20.58823529411765	20.58823529411765	0	0	2.9411764705882355	5.882352941176471	11.764705882352942	0	2.9411764705882355	0.5	0	0	0	0	0	0	100.0	0	0	0	100.0	100.0	0	100.0	0	0	100.0	2.0	0.0	4.0	0	0	0	0	100.0	0	0	5.0	17.0	11.0	2.7241379310344827	11	1.0	2	100.0	0	0	0	100.0	0.0	2.9411764705882355	0	2.9411764705882355	11.764705882352942	0	0	2.9411764705882355	11.764705882352942	2.9411764705882355	0	0	0	2.9411764705882355	2.9411764705882355	0	20.58823529411765	0	0	0	0	0	0	0	14.705882352941176	0	2.9411764705882355	2.9411764705882355	0	0	2.9411764705882355	0	11.764705882352942	2.9411764705882355	0	0.0	100.0	50.0	50.0	1.0	100.0	0
german_clean_107.conllu	1	12	12.0	7.363636363636363	0	16.666666666666668	16.666666666666668	0	0	8.333333333333334	25.0	16.666666666666668	0	0	0	8.333333333333334	0	8.333333333333334	0.5454545454545454	0	100.0	100.0	0	100.0	0	0	0	100.0	0	0	0	0	0	0	0	0	1.0	100.0	4.0	0	0	0	0	100.0	0	0	3.0	12.0	9.0	2.6	9	0	0	0	0	0.0	100.0	0.0	100.0	0	0	16.666666666666668	0	0	0	0	16.666666666666668	0	0	0	0	0	0	0	8.333333333333334	0	0	0	0	0	0	0	0	0	8.333333333333334	0	16.666666666666668	8.333333333333334	8.333333333333334	0	8.333333333333334	8.333333333333334	0	100.0	0.0	0	0	0	0	0
german_clean_108.conllu	1	20	20.0	6.705882352941177	10.0	10.0	0	10.0	5.0	20.0	25.0	0	0	5.0	0	15.0	0	0	0.4117647058823529	0	0	0	0	0	0	0	0	0	0	100.0	100.0	0	100.0	0	0	100.0	2.0	100.0	0	0	0	0	0	0	0	0	3.0	10.0	13.0	2.9375	13	1.0	2	100.0	0	0	0	100.0	0.0	5.0	0	0	5.0	0	0	0	10.0	5.0	0	0	0	5.0	10.0	0	20.0	0	0	0	0	0	0	0	10.0	0	10.0	0	0	0	0	0	15.0	5.0	0	50.0	50.0	100.0	0.0	1.0	100.0	0
german_clean_109.conllu	1	16	16.0	6.857142857142857	6.25	18.75	0	6.25	6.25	0	37.5	0	0	12.5	0	12.5	0	0	0.5	0	0	0	0	0	0	0	0	0	0	0	0	0	0	0	0	0	1.0	100.0	0	0	0	0	0	0	0	0	5.0	16.0	12.0	3.769230769230769	12	1.5	2	50.0	50.0	0	0	100.0	0.0	0	0	0	0	0	0	0	18.75	6.25	0	0	0	12.5	6.25	0	12.5	0	0	0	0	0	0	0	18.75	0	6.25	0	0	0	0	0	12.5	6.25	0	100.0	0.0	0	0	0	0	0
german_clean_110.conllu	1	20	20.0	6.0	10.0	15.0	5.0	10.0	5.0	0	25.0	0	0	5.0	0	15.0	5.0	5.0	0.5294117647058824	0	0	0	0	0	100.0	0	0	0	0	100.0	100.0	0	100.0	0	0	100.0	2.0	100.0	3.0	0	0	0	100.0	0	0	0	5.0	10.0	11.0	3.625	11	2.0	1	0	100.0	0	0	100.0	0.0	0	5.0	5.0	5.0	0	5.0	0	15.0	5.0	0	0	0	10.0	5.0	0	0	0	0	0	0	0	0	5.0	10.0	0	5.0	0	0	0	5.0	0	15.0	5.0	0	50.0	50.0	0.0	100.0	1.0	100.0	0
german_clean_111.conllu	1	23	23.0	7.285714285714286	8.695652173913043	13.043478260869565	0	0	4.3478260869565215	21.73913043478261	30.434782608695652	0	0	4.3478260869565215	0	8.695652173913043	0	8.695652173913043	0.5238095238095238	0	100.0	100.0	0	100.0	0	0	0	100.0	0	0	0	0	0	0	0	0	2.0	100.0	3.0	0	0	50.0	0	50.0	0	0	6.0	11.5	14.0	3.35	14	1.0	1	100.0	0	100.0	0.0	100.0	0.0	4.3478260869565215	0	4.3478260869565215	4.3478260869565215	0	0	0	13.043478260869565	4.3478260869565215	0	0	0	4.3478260869565215	0	0	21.73913043478261	0	0	0	0	0	0	0	8.695652173913043	0	8.695652173913043	0	0	4.3478260869565215	8.695652173913043	0	8.695652173913043	4.3478260869565215	0	50.0	50.0	100.0	0.0	1.0	100.0	0
german_clean_112.conllu	1	27	27.0	5.56	11.11111111111111	14.814814814814815	3.7037037037037037	7.407407407407407	3.7037037037037037	14.814814814814815	22.22222222222222	0	0	11.11111111111111	0	7.407407407407407	3.7037037037037037	0	0.4	0	0	0	0	0	0	0	0	0	0	100.0	100.0	0	100.0	0	0	100.0	1.0	100.0	0	0	0	0	0	0	0	0	5.0	27.0	15.0	4.541666666666667	15	1.0	3	100.0	0	0	0	100.0	0.0	0	3.7037037037037037	3.7037037037037037	7.407407407407407	0	0	0	14.814814814814815	3.7037037037037037	0	0	0	3.7037037037037037	3.7037037037037037	0	18.51851851851852	0	0	0	0	0	0	3.7037037037037037	11.11111111111111	0	11.11111111111111	0	0	0	3.7037037037037037	0	7.407407407407407	3.7037037037037037	0	100.0	0.0	0	0	0	0	0
german_clean_113.conllu	1	15	15.0	6.230769230769231	13.333333333333334	0	0	6.666666666666667	0	26.666666666666668	26.666666666666668	0	0	0	6.666666666666667	13.333333333333334	0	6.666666666666667	0.6153846153846154	100.0	0	100.0	0	100.0	0	0	0	100.0	0	0	0	0	0	0	0	0	2.0	100.0	2.0	0	0	100.0	0	0	0	0	4.0	7.5	9.0	2.8333333333333335	9	0	0	0	0	100.0	0.0	100.0	0.0	6.666666666666667	0	0	13.333333333333334	0	0	0	0	0	0	0	0	0	6.666666666666667	0	26.666666666666668	0	0	0	0	0	0	0	6.666666666666667	0	13.333333333333334	0	0	6.666666666666667	0	0	13.333333333333334	6.666666666666667	0	50.0	50.0	100.0	0.0	1.0	100.0	0
german_clean_114.conllu	1	38	38.0	5.771428571428571	13.157894736842104	13.157894736842104	5.2631578947368425	7.894736842105263	2.6315789473684212	13.157894736842104	23.68421052631579	0	2.6315789473684212	0	0	7.894736842105263	2.6315789473684212	7.894736842105263	0.5428571428571428	100.0	0	100.0	0	33.333333333333336	33.333333333333336	33.333333333333336	100.0	0	100.0	0	100.0	0	50.0	50.0	100.0	0	3.0	100.0	2.3333333333333335	0	0	0	50.0	50.0	0	0	4.0	12.666666666666666	20.0	3.3823529411764706	20	0	0	0	0	100.0	0.0	100.0	0.0	0	5.2631578947368425	5.2631578947368425	13.157894736842104	0	5.2631578947368425	2.6315789473684212	10.526315789473685	2.6315789473684212	0	0	0	2.6315789473684212	0	0	13.157894736842104	0	0	0	0	0	0	7.894736842105263	2.6315789473684212	0	2.6315789473684212	2.6315789473684212	0	2.6315789473684212	10.526315789473685	0	7.894736842105263	2.6315789473684212	0	33.333333333333336	66.66666666666667	100.0	0.0	2.0	0	100.0
german_clean_115.conllu	1	22	22.0	7.25	9.090909090909092	4.545454545454546	4.545454545454546	0	4.545454545454546	18.181818181818183	31.818181818181817	0	0	4.545454545454546	0	9.090909090909092	4.545454545454546	9.090909090909092	0.6	100.0	0	100.0	0	100.0	0	0	50.0	50.0	0	0	0	0	0	0	0	0	2.0	100.0	3.5	0	0	0	50.0	50.0	0	0	5.0	11.0	16.0	3.4210526315789473	16	1.0	1	100.0	0	100.0	0.0	100.0	0.0	0	4.545454545454546	4.545454545454546	9.090909090909092	0	0	0	4.545454545454546	4.545454545454546	0	0	0	4.545454545454546	0	0	18.181818181818183	0	0	0	0	0	0	4.545454545454546	13.636363636363637	0	9.090909090909092	0	0	4.545454545454546	4.545454545454546	0	9.090909090909092	4.545454545454546	0	50.0	50.0	100.0	0.0	1.0	100.0	0