Filename	n_sentences	n_tokens	tokens_per_sent	char_per_tok	upos_dist_ADJ	upos_dist_ADP	upos_dist_ADV	upos_dist_AUX	upos_dist_CCONJ	upos_dist_DET	upos_dist_NOUN	upos_dist_NUM	upos_dist_PRON	upos_dist_PROPN	upos_dist_PUNCT	upos_dist_SCONJ	upos_dist_SYM	upos_dist_VERB	upos_dist_X	lexical_density	verbal_head_per_sent	verbal_root_perc	avg_verb_edges	verb_edges_dist_0	verb_edges_dist_1	verb_edges_dist_2	verb_edges_dist_3	verb_edges_dist_4	verb_edges_dist_5	verb_edges_dist_6	avg_max_depth	avg_token_per_clause	avg_max_links_len	avg_links_len	max_links_len	avg_prepositional_chain_len	n_prepositional_chains	obj_pre	obj_post	subj_pre	subj_post	dep_dist_acl	dep_dist_advcl	dep_dist_advmod	dep_dist_amod	dep_dist_appos	dep_dist_aux	dep_dist_case	dep_dist_cc	dep_dist_ccomp	dep_dist_compound	dep_dist_conj	dep_dist_csubj	dep_dist_dep	dep_dist_det	dep_dist_dislocated	dep_dist_fixed	dep_dist_flat	dep_dist_nmod	dep_dist_nsubj	dep_dist_nummod	dep_dist_obj	dep_dist_obl	dep_dist_punct	dep_dist_root	dep_dist_xcomp	principal_proposition_dist	subordinate_proposition_dist	subordinate_post	subordinate_pre	avg_subordinate_chain_len	subordinate_dist_1	subordinate_dist_2
korean_clean_1.conllu	1	10	10.0	3.111111111111111	0	0	20.0	10.0	20.0	0	20.0	0	0	20.0	10.0	0	0	0	0	0.6666666666666666	0.0	100.0	0	0	0	0	0	0	0	0	4.0	0	6.0	2.125	6	0	0	100.0	0.0	0	0	0	20.0	0	0	0	0	0	0	0	10.0	20.0	0	0	0	0	0	0	20.0	0	0	10.0	0	10.0	10.0	0	100.0	0.0	0	0	0	0	0
korean_clean_2.conllu	1	21	21.0	2.6315789473684212	4.761904761904762	0	9.523809523809524	4.761904761904762	4.761904761904762	0	33.333333333333336	4.761904761904762	14.285714285714286	0	9.523809523809524	4.761904761904762	0	9.523809523809524	0	0.631578947368421	2.0	0.0	1.5	50.0	0	0	50.0	0	0	0	5.0	10.5	11.0	2.9444444444444446	11	0	0	100.0	0.0	100.0	0.0	4.761904761904762	4.761904761904762	9.523809523809524	0	0	9.523809523809524	0	0	0	0	14.285714285714286	0	0	0	14.285714285714286	0	0	9.523809523809524	4.761904761904762	4.761904761904762	9.523809523809524	0	9.523809523809524	4.761904761904762	0	0.0	100.0	50.0	50.0	1.0	100.0	0
korean_clean_3.conllu	1	13	13.0	2.8181818181818183	0	0	15.384615384615385	0	23.076923076923077	0	23.076923076923077	0	0	7.6923076923076925	15.384615384615385	7.6923076923076925	0	7.6923076923076925	0	0.6363636363636364	1.0	0.0	3.0	0	0	0	100.0	0	0	0	4.0	13.0	7.0	2.3	7	0	0	0	0	100.0	0.0	0	0	15.384615384615385	0	0	0	0	0	7.6923076923076925	7.6923076923076925	23.076923076923077	0	0	0	0	0	0	7.6923076923076925	7.6923076923076925	0	0	7.6923076923076925	15.384615384615385	7.6923076923076925	0	0	0	0	0	0	0	0
korean_clean_4.conllu	1	11	11.0	2.8	0	0	0	9.090909090909092	9.090909090909092	0	45.45454545454545	0	0	9.090909090909092	9.090909090909092	0	0	18.181818181818183	0	0.8	2.0	100.0	2.0	0	50.0	0	50.0	0	0	0	3.0	5.5	4.0	1.4444444444444444	4	0	0	0	0	100.0	0.0	0	0	0	0	0	18.181818181818183	0	0	0	9.090909090909092	9.090909090909092	0	0	0	18.181818181818183	0	0	18.181818181818183	9.090909090909092	0	0	0	9.090909090909092	9.090909090909092	0	100.0	0.0	0	0	0	0	0
korean_clean_5.conllu	1	10	10.0	3.2222222222222223	0	0	30.0	10.0	10.0	0	20.0	0	0	10.0	10.0	0	0	10.0	0	0.7777777777777778	1.0	100.0	4.0	0	0	0	0	100.0	0	0	3.0	10.0	7.0	2.75	7	0	0	0	0	0	0	10.0	30.0	0	0	0	0	0	0	0	10.0	10.0	0	0	0	10.0	0	0	10.0	0	0	0	0	10.0	10.0	0	100.0	0.0	0	0	0	0	0
korean_clean_6.conllu	1	28	28.0	2.84	10.714285714285714	0	25.0	0	7.142857142857143	3.5714285714285716	32.142857142857146	0	0	3.5714285714285716	10.714285714285714	3.5714285714285716	0	3.5714285714285716	0	0.84	1.0	100.0	0.0	0	0	0	0	0	0	0	3.0	28.0	20.0	5.25	20	0	0	100.0	0.0	0	0	0	17.857142857142858	7.142857142857143	7.142857142857143	0	3.5714285714285716	0	3.5714285714285716	3.5714285714285716	3.5714285714285716	7.142857142857143	0	0	3.5714285714285716	7.142857142857143	3.5714285714285716	0	10.714285714285714	0	0	7.142857142857143	0	10.714285714285714	3.5714285714285716	0	100.0	0.0	0	0	0	0	0
korean_clean_7.conllu	1	19	19.0	2.888888888888889	5.2631578947368425	0	5.2631578947368425	0	21.05263157894737	5.2631578947368425	31.57894736842105	0	0	5.2631578947368425	5.2631578947368425	5.2631578947368425	0	15.789473684210526	0	0.6666666666666666	3.0	100.0	2.3333333333333335	0	0	66.66666666666667	33.333333333333336	0	0	0	8.0	6.333333333333333	17.0	5.764705882352941	17	0	0	100.0	0.0	100.0	0.0	10.526315789473685	5.2631578947368425	5.2631578947368425	5.2631578947368425	0	0	0	10.526315789473685	0	5.2631578947368425	15.789473684210526	0	0	5.2631578947368425	5.2631578947368425	0	0	0	10.526315789473685	0	5.2631578947368425	0	5.2631578947368425	5.2631578947368425	5.2631578947368425	33.333333333333336	66.66666666666667	0.0	100.0	1.0	100.0	0
korean_clean_8.conllu	1	14	14.0	3.25	0	0	7.142857142857143	0	0	0	28.571428571428573	0	7.142857142857143	14.285714285714286	14.285714285714286	7.142857142857143	0	21.428571428571427	0	0.8333333333333334	3.0	100.0	2.0	0	66.66666666666667	0	0	33.333333333333336	0	0	7.0	4.666666666666667	6.0	1.9090909090909092	6	0	0	100.0	0.0	100.0	0.0	14.285714285714286	0	14.285714285714286	0	0	0	0	0	7.142857142857143	14.285714285714286	0	0	0	0	7.142857142857143	0	0	0	7.142857142857143	0	14.285714285714286	0	14.285714285714286	7.142857142857143	0	33.333333333333336	66.66666666666667	0.0	100.0	1.0	100.0	0
korean_clean_9.conllu	1	12	12.0	3.2222222222222223	0	0	0	0	25.0	0	33.333333333333336	0	0	8.333333333333334	25.0	0	0	8.333333333333334	0	0.6666666666666666	1.0	100.0	2.0	0	0	100.0	0	0	0	0	3.0	12.0	9.0	3.125	9	0	0	100.0	0.0	0	0	0	0	0	0	0	0	0	0	0	0	33.333333333333336	0	0	0	8.333333333333334	0	0	16.666666666666668	0	0	8.333333333333334	0	25.0	8.333333333333334	0	100.0	0.0	0	0	0	0	0
korean_clean_10.conllu	1	14	14.0	3.769230769230769	7.142857142857143	0	7.142857142857143	0	7.142857142857143	0	28.571428571428573	0	0	14.285714285714286	7.142857142857143	0	0	28.571428571428573	0	0.9230769230769231	4.0	100.0	1.5	25.0	25.0	25.0	25.0	0	0	0	6.0	3.5	11.0	2.8333333333333335	11	0	0	100.0	0.0	100.0	0.0	14.285714285714286	0	0	0	0	0	0	0	7.142857142857143	7.142857142857143	7.142857142857143	0	0	0	14.285714285714286	0	0	7.142857142857143	7.142857142857143	0	14.285714285714286	7.142857142857143	7.142857142857143	7.142857142857143	0	25.0	75.0	0.0	100.0	1.0	100.0	0
korean_clean_11.conllu	1	26	26.0	2.72	3.8461538461538463	0	3.8461538461538463	0	7.6923076923076925	0	30.76923076923077	3.8461538461538463	3.8461538461538463	3.8461538461538463	3.8461538461538463	15.384615384615385	0	23.076923076923077	0	0.68	6.0	100.0	2.0	33.333333333333336	0	33.333333333333336	0	33.333333333333336	0	0	8.0	4.333333333333333	16.0	3.875	16	0	0	100.0	0.0	100.0	0.0	7.6923076923076925	0	3.8461538461538463	7.6923076923076925	0	3.8461538461538463	0	0	15.384615384615385	3.8461538461538463	11.538461538461538	0	0	0	3.8461538461538463	3.8461538461538463	0	0	3.8461538461538463	3.8461538461538463	19.23076923076923	3.8461538461538463	3.8461538461538463	3.8461538461538463	0	33.333333333333336	66.66666666666667	0.0	100.0	1.0	100.0	0
korean_clean_12.conllu	1	22	22.0	3.1176470588235294	0	0	4.545454545454546	0	0	0	45.45454545454545	0	4.545454545454546	13.636363636363637	22.727272727272727	0	0	9.090909090909092	0	0.9411764705882353	2.0	100.0	2.0	0	50.0	0	50.0	0	0	0	5.0	11.0	13.0	3.3125	13	0	0	100.0	0.0	0	0	4.545454545454546	0	4.545454545454546	0	0	0	0	0	0	18.181818181818183	9.090909090909092	0	0	0	9.090909090909092	0	0	18.181818181818183	0	0	9.090909090909092	0	22.727272727272727	4.545454545454546	0	50.0	50.0	0.0	100.0	1.0	100.0	0
korean_clean_13.conllu	1	9	9.0	3.25	11.11111111111111	0	22.22222222222222	0	0	0	33.333333333333336	0	0	11.11111111111111	11.11111111111111	0	0	11.11111111111111	0	1.0	1.0	0.0	0.0	100.0	0	0	0	0	0	0	3.0	9.0	6.0	2.0	6	0	0	0	0	100.0	0.0	0	11.11111111111111	0	11.11111111111111	0	0	0	0	0	11.11111111111111	0	0	11.11111111111111	0	11.11111111111111	0	0	0	11.11111111111111	0	0	11.11111111111111	11.11111111111111	11.11111111111111	0	0	0	0	0	0	0	0
korean_clean_14.conllu	1	22	22.0	3.3	4.545454545454546	0	27.272727272727273	0	4.545454545454546	0	18.181818181818183	4.545454545454546	0	4.545454545454546	9.090909090909092	4.545454545454546	0	22.727272727272727	0	0.85	5.0	100.0	1.6	0	60.0	20.0	20.0	0	0	0	7.0	4.4	15.0	2.3157894736842106	15	0	0	100.0	0.0	0	0	13.636363636363637	22.727272727272727	4.545454545454546	4.545454545454546	0	4.545454545454546	0	0	4.545454545454546	4.545454545454546	4.545454545454546	0	0	0	9.090909090909092	0	0	4.545454545454546	0	4.545454545454546	4.545454545454546	0	9.090909090909092	4.545454545454546	0	25.0	75.0	66.66666666666667	33.333333333333336	1.0	100.0	0
korean_clean_15.conllu	1	23	23.0	3.0952380952380953	0	0	17.391304347826086	0	0	8.695652173913043	34.78260869565217	4.3478260869565215	0	0	8.695652173913043	4.3478260869565215	0	21.73913043478261	0	0.8095238095238095	5.0	100.0	1.8	0	40.0	40.0	20.0	0	0	0	4.0	4.6	16.0	2.55	16	0	0	100.0	0.0	100.0	0.0	13.043478260869565	13.043478260869565	4.3478260869565215	0	0	0	0	0	8.695652173913043	0	0	0	0	8.695652173913043	8.695652173913043	0	0	13.043478260869565	4.3478260869565215	4.3478260869565215	8.695652173913043	0	8.695652173913043	4.3478260869565215	0	20.0	80.0	0.0	100.0	1.0	100.0	0
korean_clean_16.conllu	1	18	18.0	3.0588235294117645	5.555555555555555	0	5.555555555555555	5.555555555555555	5.555555555555555	5.555555555555555	38.888888888888886	0	0	11.11111111111111	5.555555555555555	11.11111111111111	0	5.555555555555555	0	0.7058823529411765	1.0	0.0	2.0	0	0	100.0	0	0	0	0	4.0	18.0	7.0	2.1875	7	0	0	100.0	0.0	100.0	0.0	0	5.555555555555555	0	5.555555555555555	0	5.555555555555555	0	0	11.11111111111111	11.11111111111111	5.555555555555555	5.555555555555555	0	5.555555555555555	0	0	0	11.11111111111111	11.11111111111111	0	11.11111111111111	0	5.555555555555555	5.555555555555555	0	0	0	0	0	0	0	0
korean_clean_17.conllu	1	36	36.0	3.4411764705882355	0	0	19.444444444444443	5.555555555555555	5.555555555555555	0	30.555555555555557	0	0	16.666666666666668	5.555555555555555	5.555555555555555	0	8.333333333333334	2.7777777777777777	0.7941176470588235	3.0	100.0	0.3333333333333333	66.66666666666667	33.333333333333336	0	0	0	0	0	5.0	12.0	26.0	4.0	26	0	0	100.0	0.0	0	0	2.7777777777777777	13.88888888888889	8.333333333333334	0	0	5.555555555555555	0	0	5.555555555555555	22.22222222222222	8.333333333333334	0	0	0	11.11111111111111	0	2.7777777777777777	2.7777777777777777	0	0	8.333333333333334	0	5.555555555555555	2.7777777777777777	0	33.333333333333336	66.66666666666667	50.0	50.0	1.0	100.0	0
korean_clean_18.conllu	1	14	14.0	3.4615384615384617	0	0	14.285714285714286	0	0	0	57.142857142857146	0	0	0	7.142857142857143	0	0	21.428571428571427	0	1.0	3.0	100.0	1.6666666666666667	33.333333333333336	0	33.333333333333336	33.333333333333336	0	0	0	4.0	4.666666666666667	11.0	2.75	11	0	0	100.0	0.0	100.0	0.0	7.142857142857143	14.285714285714286	0	7.142857142857143	0	0	0	0	0	21.428571428571427	0	0	0	0	7.142857142857143	0	0	7.142857142857143	7.142857142857143	0	14.285714285714286	0	7.142857142857143	7.142857142857143	0	50.0	50.0	0.0	100.0	1.0	100.0	0
korean_clean_19.conllu	1	10	10.0	3.2222222222222223	0	0	30.0	10.0	0	0	30.0	0	0	0	10.0	0	0	20.0	0	0.8888888888888888	2.0	100.0	2.5	50.0	0	0	0	0	50.0	0	2.0	5.0	7.0	2.875	7	0	0	100.0	0.0	0	0	10.0	10.0	10.0	0	0	10.0	0	0	0	10.0	0	0	0	0	10.0	0	0	0	0	0	10.0	10.0	10.0	10.0	0	50.0	50.0	0.0	100.0	1.0	100.0	0
korean_clean_20.conllu	1	26	26.0	3.3181818181818183	0	3.8461538461538463	11.538461538461538	3.8461538461538463	7.6923076923076925	0	34.61538461538461	0	3.8461538461538463	0	15.384615384615385	0	0	15.384615384615385	3.8461538461538463	0.7272727272727273	4.0	0.0	1.75	0	50.0	25.0	25.0	0	0	0	5.0	6.5	14.0	3.0476190476190474	14	0	0	100.0	0.0	100.0	0.0	11.538461538461538	7.6923076923076925	3.8461538461538463	0	3.8461538461538463	3.8461538461538463	3.8461538461538463	3.8461538461538463	0	11.538461538461538	3.8461538461538463	0	0	0	7.6923076923076925	0	0	3.8461538461538463	3.8461538461538463	0	11.538461538461538	0	15.384615384615385	3.8461538461538463	0	0.0	100.0	33.333333333333336	66.66666666666667	1.0	100.0	0
korean_clean_21.conllu	1	22	22.0	3.15	0	0	13.636363636363637	4.545454545454546	4.545454545454546	4.545454545454546	40.90909090909091	4.545454545454546	0	0	9.090909090909092	4.545454545454546	0	13.636363636363637	0	0.75	3.0	100.0	2.0	0	66.66666666666667	0	0	33.333333333333336	0	0	9.0	7.333333333333333	16.0	3.526315789473684	16	0	0	100.0	0.0	100.0	0.0	9.090909090909092	4.545454545454546	9.090909090909092	0	0	4.545454545454546	0	0	0	4.545454545454546	9.090909090909092	0	0	4.545454545454546	4.545454545454546	0	0	9.090909090909092	13.636363636363637	4.545454545454546	4.545454545454546	4.545454545454546	9.090909090909092	4.545454545454546	0	33.333333333333336	66.66666666666667	100.0	0.0	1.0	100.0	0
korean_clean_22.conllu	1	23	23.0	3.35	4.3478260869565215	0	21.73913043478261	0	0	0	39.130434782608695	0	4.3478260869565215	0	13.043478260869565	8.695652173913043	0	8.695652173913043	0	0.85	2.0	100.0	5.5	0	0	0	0	0	50.0	50.0	3.0	11.5	11.0	3.5789473684210527	11	0	0	100.0	0.0	100.0	0.0	0	13.043478260869565	4.3478260869565215	0	0	4.3478260869565215	0	0	4.3478260869565215	4.3478260869565215	13.043478260869565	4.3478260869565215	0	0	8.695652173913043	0	0	13.043478260869565	4.3478260869565215	0	4.3478260869565215	4.3478260869565215	13.043478260869565	4.3478260869565215	0	50.0	50.0	0.0	100.0	1.0	100.0	0
korean_clean_23.conllu	1	19	19.0	3.5	5.2631578947368425	0	21.05263157894737	0	5.2631578947368425	0	47.36842105263158	0	0	0	5.2631578947368425	10.526315789473685	0	5.2631578947368425	0	0.8333333333333334	1.0	100.0	0.0	0	0	0	0	0	0	0	4.0	19.0	16.0	4.0	16	0	0	0	0	0	0	0	10.526315789473685	5.2631578947368425	5.2631578947368425	0	0	0	0	5.2631578947368425	15.789473684210526	5.2631578947368425	0	0	0	10.526315789473685	0	0	15.789473684210526	0	0	0	10.526315789473685	5.2631578947368425	5.2631578947368425	5.2631578947368425	100.0	0.0	0	0	0	0	0
korean_clean_24.conllu	1	14	14.0	3.3076923076923075	7.142857142857143	0	7.142857142857143	7.142857142857143	7.142857142857143	0	42.857142857142854	7.142857142857143	0	0	7.142857142857143	7.142857142857143	0	7.142857142857143	0	0.6923076923076923	1.0	100.0	5.0	0	0	0	0	0	100.0	0	3.0	14.0	8.0	2.5	8	0	0	100.0	0.0	100.0	0.0	0	0	0	7.142857142857143	0	7.142857142857143	0	0	0	21.428571428571427	7.142857142857143	0	0	0	7.142857142857143	0	0	0	7.142857142857143	7.142857142857143	7.142857142857143	7.142857142857143	7.142857142857143	7.142857142857143	7.142857142857143	100.0	0.0	0	0	0	0	0
korean_clean_25.conllu	1	31	31.0	2.6551724137931036	6.451612903225806	0	6.451612903225806	0	9.67741935483871	3.225806451612903	48.38709677419355	0	0	0	6.451612903225806	3.225806451612903	0	16.129032258064516	0	0.8275862068965517	5.0	0.0	1.4	60.0	0	0	20.0	20.0	0	0	6.0	6.2	24.0	3.4642857142857144	24	0	0	100.0	0.0	100.0	0.0	6.451612903225806	3.225806451612903	0	3.225806451612903	0	9.67741935483871	0	0	3.225806451612903	9.67741935483871	9.67741935483871	3.225806451612903	0	3.225806451612903	6.451612903225806	6.451612903225806	0	9.67741935483871	3.225806451612903	0	9.67741935483871	3.225806451612903	6.451612903225806	3.225806451612903	0	0.0	100.0	33.333333333333336	66.66666666666667	1.0	100.0	0
korean_clean_26.conllu	1	16	16.0	3.533333333333333	0	0	18.75	6.25	0	0	43.75	0	0	0	6.25	6.25	0	18.75	0	0.8666666666666667	3.0	100.0	1.6666666666666667	0	66.66666666666667	0	33.333333333333336	0	0	0	5.0	5.333333333333333	6.0	1.8571428571428572	6	0	0	100.0	0.0	100.0	0.0	12.5	12.5	6.25	0	0	6.25	0	0	6.25	6.25	0	0	0	0	6.25	0	0	12.5	6.25	0	12.5	0	6.25	6.25	0	25.0	75.0	0.0	100.0	1.0	100.0	0
korean_clean_27.conllu	1	11	11.0	3.9	0	0	18.181818181818183	0	0	0	36.36363636363637	0	0	18.181818181818183	9.090909090909092	0	0	18.181818181818183	0	1.0	2.0	100.0	2.0	0	0	100.0	0	0	0	0	6.0	5.5	4.0	1.6666666666666667	4	0	0	0	0	100.0	0.0	9.090909090909092	9.090909090909092	9.090909090909092	0	0	0	0	0	0	18.181818181818183	0	0	0	0	0	0	9.090909090909092	9.090909090909092	9.090909090909092	0	0	9.090909090909092	9.090909090909092	9.090909090909092	0	50.0	50.0	0.0	100.0	1.0	100.0	0
korean_clean_28.conllu	1	15	15.0	3.5714285714285716	6.666666666666667	0	26.666666666666668	0	13.333333333333334	0	20.0	0	0	6.666666666666667	6.666666666666667	6.666666666666667	0	13.333333333333334	0	0.7857142857142857	2.0	0.0	0.5	50.0	50.0	0	0	0	0	0	5.0	7.5	8.0	2.230769230769231	8	0	0	100.0	0.0	100.0	0.0	0	13.333333333333334	0	6.666666666666667	0	0	0	0	6.666666666666667	13.333333333333334	13.333333333333334	0	0	0	0	0	0	6.666666666666667	6.666666666666667	0	6.666666666666667	13.333333333333334	6.666666666666667	6.666666666666667	0	0.0	100.0	0.0	100.0	1.0	100.0	0
korean_clean_29.conllu	1	38	38.0	2.4166666666666665	7.894736842105263	0	23.68421052631579	0	2.6315789473684212	0	36.8421052631579	0	0	0	5.2631578947368425	15.789473684210526	0	7.894736842105263	0	0.8055555555555556	3.0	100.0	4.0	0	0	33.333333333333336	0	33.333333333333336	0	33.333333333333336	6.0	12.666666666666666	13.0	2.914285714285714	13	0	0	100.0	0.0	100.0	0.0	2.6315789473684212	5.2631578947368425	7.894736842105263	2.6315789473684212	0	5.2631578947368425	0	0	5.2631578947368425	10.526315789473685	5.2631578947368425	0	0	0	2.6315789473684212	5.2631578947368425	0	7.894736842105263	5.2631578947368425	0	7.894736842105263	10.526315789473685	5.2631578947368425	2.6315789473684212	7.894736842105263	33.333333333333336	66.66666666666667	0.0	100.0	1.0	100.0	0
korean_clean_30.conllu	1	8	8.0	3.5714285714285716	0	0	25.0	0	0	0	25.0	0	0	12.5	12.5	12.5	0	12.5	0	0.8571428571428571	1.0	100.0	3.0	0	0	0	100.0	0	0	0	2.0	8.0	6.0	2.5	6	0	0	0	0	100.0	0.0	0	12.5	12.5	0	0	0	0	0	12.5	0	0	0	0	0	12.5	0	0	0	25.0	0	0	0	12.5	12.5	0	100.0	0.0	0	0	0	0	0
korean_clean_31.conllu	1	15	15.0	3.076923076923077	0	0	0	0	6.666666666666667	0	26.666666666666668	0	0	0	13.333333333333334	13.333333333333334	0	40.0	0	0.7692307692307693	6.0	100.0	1.3333333333333333	16.666666666666668	50.0	16.666666666666668	16.666666666666668	0	0	0	8.0	2.5	13.0	2.8333333333333335	13	0	0	100.0	0.0	100.0	0.0	13.333333333333334	0	0	0	0	0	0	6.666666666666667	13.333333333333334	0	0	6.666666666666667	0	0	0	0	0	13.333333333333334	6.666666666666667	0	13.333333333333334	0	13.333333333333334	6.666666666666667	6.666666666666667	16.666666666666668	83.33333333333333	0.0	100.0	1.6666666666666667	33.333333333333336	66.66666666666667
korean_clean_32.conllu	1	28	28.0	3.423076923076923	0	0	14.285714285714286	7.142857142857143	10.714285714285714	0	35.714285714285715	0	0	3.5714285714285716	7.142857142857143	3.5714285714285716	0	17.857142857142858	0	0.7692307692307693	5.0	0.0	2.2	20.0	0	40.0	20.0	20.0	0	0	7.0	5.6	17.0	3.6	17	0	0	100.0	0.0	100.0	0.0	10.714285714285714	7.142857142857143	3.5714285714285716	0	0	10.714285714285714	0	3.5714285714285716	3.5714285714285716	7.142857142857143	10.714285714285714	0	0	0	3.5714285714285716	0	0	3.5714285714285716	7.142857142857143	0	10.714285714285714	7.142857142857143	7.142857142857143	3.5714285714285716	0	0.0	100.0	66.66666666666667	33.333333333333336	1.0	100.0	0
korean_clean_33.conllu	1	19	19.0	3.5625	0	0	15.789473684210526	10.526315789473685	5.2631578947368425	0	36.8421052631579	5.2631578947368425	0	0	15.789473684210526	0	0	10.526315789473685	0	0.75	2.0	0.0	3.0	0	0	50.0	0	50.0	0	0	6.0	9.5	10.0	2.466666666666667	10	0	0	100.0	0.0	100.0	0.0	5.2631578947368425	10.526315789473685	5.2631578947368425	0	0	5.2631578947368425	0	0	0	5.2631578947368425	10.526315789473685	0	0	0	10.526315789473685	0	0	10.526315789473685	10.526315789473685	0	5.2631578947368425	0	15.789473684210526	5.2631578947368425	0	0.0	100.0	0.0	100.0	1.0	100.0	0
korean_clean_34.conllu	1	18	18.0	3.7058823529411766	5.555555555555555	0	27.77777777777778	0	0	0	33.333333333333336	0	0	0	5.555555555555555	11.11111111111111	0	16.666666666666668	0	0.8823529411764706	3.0	100.0	2.3333333333333335	0	33.333333333333336	0	66.66666666666667	0	0	0	5.0	6.0	14.0	2.875	14	0	0	100.0	0.0	0	0	5.555555555555555	16.666666666666668	11.11111111111111	5.555555555555555	0	0	0	0	11.11111111111111	11.11111111111111	0	0	0	0	0	0	0	11.11111111111111	0	0	5.555555555555555	5.555555555555555	5.555555555555555	5.555555555555555	5.555555555555555	33.333333333333336	66.66666666666667	0.0	100.0	2.0	0	100.0
korean_clean_35.conllu	1	12	12.0	3.090909090909091	8.333333333333334	0	8.333333333333334	8.333333333333334	0	0	41.666666666666664	0	0	0	8.333333333333334	8.333333333333334	0	16.666666666666668	0	0.8181818181818182	2.0	0.0	1.0	50.0	0	50.0	0	0	0	0	6.0	6.0	4.0	1.7	4	0	0	0	0	100.0	0.0	16.666666666666668	8.333333333333334	8.333333333333334	8.333333333333334	0	0	0	0	0	0	0	0	0	0	16.666666666666668	0	0	0	16.666666666666668	0	0	0	8.333333333333334	8.333333333333334	8.333333333333334	0.0	100.0	0.0	100.0	1.0	100.0	0
korean_clean_36.conllu	1	17	17.0	3.0	0	0	5.882352941176471	0	5.882352941176471	0	58.8235294117647	0	0	0	11.764705882352942	5.882352941176471	0	11.764705882352942	0	0.8666666666666667	2.0	100.0	2.5	0	0	50.0	50.0	0	0	0	5.0	8.5	13.0	3.142857142857143	13	0	0	100.0	0.0	0	0	0	0	5.882352941176471	0	0	0	0	0	11.764705882352942	23.529411764705884	5.882352941176471	0	0	0	11.764705882352942	0	0	17.647058823529413	0	0	5.882352941176471	0	11.764705882352942	5.882352941176471	0	50.0	50.0	0.0	100.0	1.0	100.0	0
korean_clean_37.conllu	1	15	15.0	3.7142857142857144	0	0	20.0	0	0	0	40.0	0	0	6.666666666666667	6.666666666666667	0	0	26.666666666666668	0	1.0	4.0	100.0	1.25	25.0	50.0	0	25.0	0	0	0	6.0	3.75	11.0	2.230769230769231	11	0	0	100.0	0.0	100.0	0.0	20.0	20.0	0	0	0	0	0	0	0	20.0	0	0	0	0	0	0	0	6.666666666666667	6.666666666666667	0	13.333333333333334	0	6.666666666666667	6.666666666666667	0	25.0	75.0	0.0	100.0	1.0	100.0	0
korean_clean_38.conllu	1	25	25.0	3.6363636363636362	0	0	12.0	0	4.0	4.0	44.0	4.0	0	0	12.0	0	0	20.0	0	0.8636363636363636	5.0	100.0	2.0	20.0	40.0	0	20.0	0	20.0	0	4.0	5.0	16.0	3.1904761904761907	16	0	0	100.0	0.0	100.0	0.0	12.0	8.0	4.0	4.0	0	0	0	0	0	4.0	8.0	0	0	4.0	8.0	0	0	12.0	8.0	0	8.0	4.0	12.0	4.0	0	25.0	75.0	0.0	100.0	1.0	100.0	0
korean_clean_39.conllu	1	22	22.0	3.526315789473684	0	0	22.727272727272727	4.545454545454546	0	0	27.272727272727273	0	0	0	13.636363636363637	9.090909090909092	0	22.727272727272727	0	0.8421052631578947	5.0	100.0	1.0	0	100.0	0	0	0	0	0	9.0	4.4	17.0	2.7222222222222223	17	0	0	100.0	0.0	100.0	0.0	18.181818181818183	13.636363636363637	0	0	0	0	0	0	4.545454545454546	4.545454545454546	9.090909090909092	0	0	0	0	0	0	9.090909090909092	4.545454545454546	0	4.545454545454546	9.090909090909092	13.636363636363637	4.545454545454546	4.545454545454546	16.666666666666668	83.33333333333333	0.0	100.0	1.25	75.0	25.0
korean_clean_40.conllu	1	23	23.0	2.736842105263158	13.043478260869565	0	4.3478260869565215	0	4.3478260869565215	0	47.82608695652174	0	0	0	17.391304347826086	4.3478260869565215	0	8.695652173913043	0	0.8947368421052632	2.0	100.0	1.5	0	50.0	50.0	0	0	0	0	6.0	11.5	15.0	4.333333333333333	15	0	0	100.0	0.0	0	0	4.3478260869565215	0	4.3478260869565215	13.043478260869565	0	0	0	0	4.3478260869565215	8.695652173913043	17.391304347826086	0	0	0	0	0	0	13.043478260869565	0	0	8.695652173913043	4.3478260869565215	17.391304347826086	4.3478260869565215	0	50.0	50.0	0.0	100.0	1.0	100.0	0
korean_clean_41.conllu	1	15	15.0	3.3846153846153846	0	0	6.666666666666667	0	0	0	60.0	0	0	0	13.333333333333334	13.333333333333334	0	6.666666666666667	0	0.8461538461538461	1.0	100.0	4.0	0	0	0	0	100.0	0	0	5.0	15.0	12.0	2.8333333333333335	12	0	0	100.0	0.0	0	0	0	6.666666666666667	0	0	0	0	0	0	13.333333333333334	20.0	0	0	0	0	13.333333333333334	0	0	13.333333333333334	0	0	13.333333333333334	0	13.333333333333334	6.666666666666667	0	100.0	0.0	0	0	0	0	0
korean_clean_42.conllu	1	19	19.0	3.2941176470588234	5.2631578947368425	0	10.526315789473685	0	10.526315789473685	0	47.36842105263158	0	0	5.2631578947368425	10.526315789473685	0	0	10.526315789473685	0	0.8823529411764706	2.0	0.0	1.5	50.0	0	0	50.0	0	0	0	4.0	9.5	15.0	3.4375	15	0	0	100.0	0.0	100.0	0.0	0	10.526315789473685	0	5.2631578947368425	0	5.2631578947368425	0	5.2631578947368425	0	21.05263157894737	15.789473684210526	5.2631578947368425	0	0	10.526315789473685	0	0	0	0	0	5.2631578947368425	0	10.526315789473685	5.2631578947368425	0	0.0	100.0	100.0	0.0	1.0	100.0	0
korean_clean_43.conllu	1	30	30.0	3.230769230769231	0	0	3.3333333333333335	0	13.333333333333334	0	46.666666666666664	0	0	3.3333333333333335	13.333333333333334	0	0	20.0	0	0.8461538461538461	6.0	0.0	1.1666666666666667	33.333333333333336	50.0	0	0	16.666666666666668	0	0	6.0	5.0	26.0	4.36	26	0	0	100.0	0.0	100.0	0.0	13.333333333333334	0	3.3333333333333335	0	0	3.3333333333333335	0	3.3333333333333335	0	10.0	20.0	0	0	0	6.666666666666667	0	0	3.3333333333333335	3.3333333333333335	0	13.333333333333334	3.3333333333333335	13.333333333333334	3.3333333333333335	0	0.0	100.0	60.0	40.0	1.0	100.0	0
korean_clean_44.conllu	1	14	14.0	2.923076923076923	0	0	28.571428571428573	0	0	0	35.714285714285715	7.142857142857143	0	0	7.142857142857143	0	0	21.428571428571427	0	0.9230769230769231	3.0	100.0	1.6666666666666667	33.333333333333336	0	33.333333333333336	33.333333333333336	0	0	0	5.0	4.666666666666667	3.0	1.75	3	0	0	0	0	0	0	7.142857142857143	21.428571428571427	0	7.142857142857143	0	0	0	0	0	28.571428571428573	0	0	0	0	7.142857142857143	0	0	0	0	7.142857142857143	0	7.142857142857143	7.142857142857143	7.142857142857143	0	50.0	50.0	0.0	100.0	1.0	100.0	0
korean_clean_45.conllu	1	13	13.0	2.8181818181818183	7.6923076923076925	0	15.384615384615385	7.6923076923076925	7.6923076923076925	0	23.076923076923077	0	0	0	15.384615384615385	7.6923076923076925	0	15.384615384615385	0	0.7272727272727273	2.0	100.0	2.0	0	0	100.0	0	0	0	0	4.0	6.5	7.0	2.0	7	0	0	0	0	100.0	0.0	0	0	0	7.6923076923076925	0	15.384615384615385	0	0	7.6923076923076925	7.6923076923076925	7.6923076923076925	0	0	0	7.6923076923076925	0	0	0	7.6923076923076925	0	0	15.384615384615385	15.384615384615385	7.6923076923076925	0	100.0	0.0	0	0	0	0	0
korean_clean_46.conllu	1	12	12.0	2.3636363636363638	0	0	8.333333333333334	8.333333333333334	0	0	50.0	0	0	0	8.333333333333334	8.333333333333334	0	16.666666666666668	0	0.8181818181818182	2.0	100.0	1.5	0	50.0	50.0	0	0	0	0	6.0	6.0	8.0	1.9	8	0	0	100.0	0.0	0	0	8.333333333333334	0	8.333333333333334	0	0	0	0	0	8.333333333333334	8.333333333333334	0	0	8.333333333333334	0	8.333333333333334	0	0	16.666666666666668	0	0	8.333333333333334	8.333333333333334	8.333333333333334	8.333333333333334	0	50.0	50.0	0.0	100.0	1.0	100.0	0
korean_clean_47.conllu	1	16	16.0	3.3846153846153846	0	0	18.75	0	0	0	43.75	0	0	0	18.75	0	0	18.75	0	1.0	3.0	100.0	2.0	33.333333333333336	0	33.333333333333336	0	33.333333333333336	0	0	4.0	5.333333333333333	7.0	2.6666666666666665	7	0	0	100.0	0.0	0	0	6.25	12.5	6.25	0	0	0	0	0	0	12.5	18.75	0	0	0	6.25	0	0	0	0	0	12.5	0	18.75	6.25	0	50.0	50.0	0.0	100.0	1.0	100.0	0
korean_clean_48.conllu	1	21	21.0	3.25	4.761904761904762	0	23.80952380952381	0	4.761904761904762	0	38.095238095238095	0	0	4.761904761904762	4.761904761904762	4.761904761904762	0	14.285714285714286	0	0.9	3.0	0.0	1.6666666666666667	0	33.333333333333336	66.66666666666667	0	0	0	0	7.0	7.0	11.0	2.3157894736842106	11	0	0	100.0	0.0	100.0	0.0	9.523809523809524	9.523809523809524	4.761904761904762	4.761904761904762	0	0	0	0	4.761904761904762	4.761904761904762	4.761904761904762	0	4.761904761904762	0	4.761904761904762	0	0	9.523809523809524	4.761904761904762	0	14.285714285714286	9.523809523809524	4.761904761904762	4.761904761904762	0	0.0	100.0	0.0	100.0	1.0	100.0	0
korean_clean_49.conllu	1	10	10.0	3.3333333333333335	0	0	10.0	0	0	0	20.0	0	0	10.0	10.0	20.0	0	30.0	0	0.7777777777777778	3.0	100.0	1.6666666666666667	33.333333333333336	33.333333333333336	0	0	33.333333333333336	0	0	4.0	3.3333333333333335	5.0	1.875	5	0	0	100.0	0.0	0	0	10.0	10.0	10.0	0	0	0	0	0	20.0	10.0	0	0	0	0	0	0	0	0	0	0	10.0	0	10.0	10.0	10.0	33.333333333333336	66.66666666666667	0.0	100.0	1.0	100.0	0
korean_clean_50.conllu	1	22	22.0	3.25	0	0	18.181818181818183	0	4.545454545454546	0	31.818181818181817	4.545454545454546	0	0	9.090909090909092	9.090909090909092	4.545454545454546	18.181818181818183	0	0.75	4.0	100.0	1.0	66.66666666666667	0	0	0	33.333333333333336	0	0	3.0	5.5	11.0	3.6842105263157894	11	0	0	0	0	100.0	0.0	0	9.090909090909092	13.636363636363637	0	0	9.090909090909092	0	0	9.090909090909092	13.636363636363637	9.090909090909092	0	0	0	9.090909090909092	0	0	0	4.545454545454546	4.545454545454546	0	0	13.636363636363637	4.545454545454546	0	50.0	50.0	100.0	0.0	1.0	100.0	0
korean_clean_51.conllu	1	15	15.0	2.857142857142857	0	0	13.333333333333334	6.666666666666667	0	0	40.0	0	6.666666666666667	0	6.666666666666667	6.666666666666667	0	20.0	0	0.7857142857142857	3.0	100.0	2.6666666666666665	33.333333333333336	0	0	0	66.66666666666667	0	0	2.0	5.0	7.0	2.4615384615384617	7	0	0	100.0	0.0	100.0	0.0	0	0	20.0	0	0	20.0	0	0	6.666666666666667	0	0	0	0	0	6.666666666666667	0	0	13.333333333333334	13.333333333333334	0	6.666666666666667	0	6.666666666666667	6.666666666666667	0	33.333333333333336	66.66666666666667	50.0	50.0	1.0	100.0	0
korean_clean_52.conllu	1	28	28.0	2.6923076923076925	7.142857142857143	0	17.857142857142858	0	10.714285714285714	0	39.285714285714285	3.5714285714285716	0	0	7.142857142857143	7.142857142857143	0	7.142857142857143	0	0.7692307692307693	2.0	100.0	3.5	0	50.0	0	0	0	0	50.0	7.0	14.0	14.0	3.12	14	0	0	100.0	0.0	100.0	0.0	3.5714285714285716	3.5714285714285716	10.714285714285714	7.142857142857143	0	0	0	3.5714285714285716	7.142857142857143	3.5714285714285716	10.714285714285714	0	0	0	14.285714285714286	0	0	3.5714285714285716	3.5714285714285716	3.5714285714285716	7.142857142857143	7.142857142857143	7.142857142857143	3.5714285714285716	0	100.0	0.0	0	0	0	0	0
korean_clean_53.conllu	1	10	10.0	3.111111111111111	0	0	10.0	0	10.0	0	30.0	0	0	0	10.0	10.0	0	30.0	0	0.7777777777777778	3.0	100.0	0.6666666666666666	33.333333333333336	66.66666666666667	0	0	0	0	0	6.0	3.3333333333333335	3.0	1.5	3	0	0	100.0	0.0	0	0	20.0	10.0	0	0	0	0	0	0	10.0	0	10.0	0	0	0	0	0	0	0	0	0	30.0	0	10.0	10.0	0	50.0	50.0	0.0	100.0	1.0	100.0	0
korean_clean_54.conllu	1	22	22.0	3.15	4.545454545454546	0	18.181818181818183	0	0	0	31.818181818181817	0	0	0	9.090909090909092	4.545454545454546	0	31.818181818181817	0	0.95	7.0	100.0	1.1428571428571428	14.285714285714286	71.42857142857143	0	14.285714285714286	0	0	0	6.0	3.142857142857143	12.0	2.3157894736842106	12	0	0	100.0	0.0	100.0	0.0	18.181818181818183	13.636363636363637	4.545454545454546	4.545454545454546	0	0	0	0	4.545454545454546	13.636363636363637	0	0	0	0	9.090909090909092	0	0	9.090909090909092	4.545454545454546	0	4.545454545454546	0	9.090909090909092	4.545454545454546	0	14.285714285714286	85.71428571428571	0.0	100.0	1.5	50.0	50.0
korean_clean_55.conllu	1	25	25.0	3.0	0	0	0	4.0	8.0	4.0	40.0	0	0	0	12.0	12.0	0	20.0	0	0.6818181818181818	5.0	100.0	1.8	20.0	40.0	20.0	0	0	20.0	0	6.0	5.0	19.0	3.4761904761904763	19	0	0	100.0	0.0	100.0	0.0	8.0	0	0	0	0	8.0	0	4.0	12.0	8.0	8.0	0	0	4.0	8.0	0	0	8.0	4.0	0	12.0	0	12.0	4.0	0	20.0	80.0	0.0	100.0	1.0	100.0	0
korean_clean_56.conllu	1	18	18.0	2.823529411764706	5.555555555555555	0	5.555555555555555	5.555555555555555	5.555555555555555	0	50.0	0	0	0	5.555555555555555	0	0	22.22222222222222	0	0.8823529411764706	4.0	100.0	1.5	0	50.0	50.0	0	0	0	0	10.0	4.5	12.0	2.125	12	0	0	100.0	0.0	100.0	0.0	16.666666666666668	0	0	5.555555555555555	0	5.555555555555555	0	0	0	22.22222222222222	5.555555555555555	0	0	0	5.555555555555555	0	0	5.555555555555555	11.11111111111111	0	5.555555555555555	5.555555555555555	5.555555555555555	5.555555555555555	0	25.0	75.0	0.0	100.0	1.0	100.0	0
korean_clean_57.conllu	1	21	21.0	2.6842105263157894	14.285714285714286	0	19.047619047619047	0	0	0	33.333333333333336	0	0	0	9.523809523809524	9.523809523809524	0	14.285714285714286	0	0.8947368421052632	3.0	100.0	2.6666666666666665	0	33.333333333333336	0	33.333333333333336	33.333333333333336	0	0	5.0	7.0	18.0	3.7222222222222223	18	0	0	100.0	0.0	100.0	0.0	4.761904761904762	9.523809523809524	4.761904761904762	14.285714285714286	0	0	0	0	9.523809523809524	4.761904761904762	4.761904761904762	0	0	0	9.523809523809524	0	0	0	9.523809523809524	0	9.523809523809524	4.761904761904762	9.523809523809524	4.761904761904762	0	50.0	50.0	0.0	100.0	1.0	100.0	0
korean_clean_58.conllu	1	21	21.0	2.6842105263157894	14.285714285714286	0	28.571428571428573	0	4.761904761904762	0	19.047619047619047	0	0	0	9.523809523809524	0	0	23.80952380952381	0	0.9473684210526315	5.0	100.0	1.6	20.0	60.0	0	0	0	20.0	0	8.0	4.2	18.0	3.0555555555555554	18	0	0	100.0	0.0	100.0	0.0	9.523809523809524	4.761904761904762	19.047619047619047	14.285714285714286	0	4.761904761904762	0	4.761904761904762	0	0	4.761904761904762	0	4.761904761904762	0	0	0	0	0	4.761904761904762	0	9.523809523809524	4.761904761904762	9.523809523809524	4.761904761904762	0	25.0	75.0	33.333333333333336	66.66666666666667	1.0	100.0	0
korean_clean_59.conllu	1	20	20.0	2.8947368421052633	5.0	0	10.0	5.0	15.0	0	40.0	0	0	0	5.0	5.0	0	15.0	0	0.7368421052631579	3.0	100.0	1.3333333333333333	33.333333333333336	33.333333333333336	0	33.333333333333336	0	0	0	9.0	6.666666666666667	18.0	4.111111111111111	18	0	0	100.0	0.0	100.0	0.0	15.0	0	0	5.0	0	0	0	10.0	5.0	10.0	10.0	0	0	0	5.0	0	0	5.0	10.0	0	5.0	10.0	5.0	5.0	0	25.0	75.0	0.0	100.0	1.0	100.0	0
korean_clean_60.conllu	1	22	22.0	3.0	0	0	4.545454545454546	13.636363636363637	9.090909090909092	0	36.36363636363637	0	0	0	4.545454545454546	0	0	31.818181818181817	0	0.7619047619047619	7.0	100.0	0.8571428571428571	42.857142857142854	28.571428571428573	28.571428571428573	0	0	0	0	7.0	3.142857142857143	20.0	3.15	20	0	0	100.0	0.0	100.0	0.0	22.727272727272727	4.545454545454546	0	0	0	13.636363636363637	0	4.545454545454546	9.090909090909092	4.545454545454546	4.545454545454546	0	0	0	0	0	0	9.090909090909092	9.090909090909092	0	9.090909090909092	0	4.545454545454546	4.545454545454546	0	16.666666666666668	83.33333333333333	0.0	100.0	1.25	75.0	25.0
korean_clean_61.conllu	1	15	15.0	3.0	13.333333333333334	0	13.333333333333334	0	0	0	40.0	0	0	0	6.666666666666667	6.666666666666667	0	20.0	0	0.9285714285714286	3.0	100.0	2.0	0	66.66666666666667	0	0	33.333333333333336	0	0	5.0	5.0	11.0	2.230769230769231	11	0	0	100.0	0.0	100.0	0.0	6.666666666666667	0	13.333333333333334	6.666666666666667	0	6.666666666666667	0	0	6.666666666666667	6.666666666666667	0	0	0	0	6.666666666666667	6.666666666666667	0	13.333333333333334	6.666666666666667	0	6.666666666666667	0	6.666666666666667	6.666666666666667	0	33.333333333333336	66.66666666666667	0.0	100.0	1.0	100.0	0
korean_clean_62.conllu	1	12	12.0	2.9	0	0	0	0	25.0	0	33.333333333333336	0	0	0	16.666666666666668	8.333333333333334	0	16.666666666666668	0	0.6	2.0	100.0	2.0	0	50.0	0	50.0	0	0	0	5.0	6.0	10.0	3.2222222222222223	10	0	0	0	0	0	0	0	0	0	0	0	0	0	0	16.666666666666668	8.333333333333334	25.0	0	0	0	16.666666666666668	0	0	8.333333333333334	0	0	0	0	16.666666666666668	8.333333333333334	0	50.0	50.0	0.0	100.0	1.0	100.0	0
korean_clean_63.conllu	1	18	18.0	3.2941176470588234	5.555555555555555	0	11.11111111111111	0	0	0	38.888888888888886	0	0	0	5.555555555555555	5.555555555555555	0	33.333333333333336	0	0.9411764705882353	6.0	100.0	1.3333333333333333	0	66.66666666666667	33.333333333333336	0	0	0	0	8.0	3.0	9.0	1.625	9	0	0	100.0	0.0	100.0	0.0	11.11111111111111	5.555555555555555	0	11.11111111111111	0	0	0	0	16.666666666666668	16.666666666666668	0	0	0	0	5.555555555555555	0	0	0	5.555555555555555	0	11.11111111111111	5.555555555555555	5.555555555555555	5.555555555555555	0	20.0	80.0	0.0	100.0	1.3333333333333333	66.66666666666667	33.333333333333336
korean_clean_64.conllu	1	24	24.0	2.9545454545454546	0	0	12.5	4.166666666666667	4.166666666666667	0	45.833333333333336	0	0	4.166666666666667	8.333333333333334	12.5	0	8.333333333333334	0	0.7727272727272727	2.0	100.0	2.0	0	50.0	0	50.0	0	0	0	6.0	12.0	16.0	2.9523809523809526	16	0	0	100.0	0.0	0	0	4.166666666666667	12.5	0	0	0	4.166666666666667	0	0	12.5	12.5	8.333333333333334	0	0	0	4.166666666666667	0	0	12.5	0	0	16.666666666666668	0	8.333333333333334	4.166666666666667	0	50.0	50.0	0.0	100.0	1.0	100.0	0
korean_clean_65.conllu	1	22	22.0	3.15	0	0	13.636363636363637	9.090909090909092	22.727272727272727	4.545454545454546	31.818181818181817	0	0	0	9.090909090909092	4.545454545454546	0	4.545454545454546	0	0.55	1.0	0.0	3.0	0	0	0	100.0	0	0	0	5.0	22.0	18.0	3.526315789473684	18	0	0	100.0	0.0	0	0	0	13.636363636363637	0	0	0	9.090909090909092	0	0	0	4.545454545454546	18.181818181818183	0	0	4.545454545454546	9.090909090909092	0	0	9.090909090909092	0	0	13.636363636363637	0	9.090909090909092	4.545454545454546	4.545454545454546	0	0	0	0	0	0	0
korean_clean_66.conllu	1	15	15.0	2.769230769230769	0	0	13.333333333333334	0	6.666666666666667	0	40.0	0	0	0	13.333333333333334	13.333333333333334	0	13.333333333333334	0	0.7692307692307693	2.0	0.0	2.0	0	50.0	0	50.0	0	0	0	6.0	7.5	9.0	2.1666666666666665	9	0	0	100.0	0.0	100.0	0.0	6.666666666666667	6.666666666666667	6.666666666666667	0	0	0	0	0	13.333333333333334	20.0	6.666666666666667	0	0	0	6.666666666666667	0	0	0	6.666666666666667	0	6.666666666666667	0	13.333333333333334	6.666666666666667	0	0.0	100.0	0.0	100.0	1.0	100.0	0
korean_clean_67.conllu	1	32	32.0	3.1	0	0	18.75	0	9.375	0	34.375	0	0	0	6.25	15.625	0	15.625	0	0.7333333333333333	5.0	100.0	1.6	0	50.0	25.0	0	25.0	0	0	5.0	6.4	30.0	4.137931034482759	30	0	0	100.0	0.0	0	0	6.25	9.375	6.25	0	0	3.125	0	3.125	15.625	6.25	6.25	0	0	0	6.25	0	0	6.25	0	0	15.625	6.25	6.25	3.125	0	20.0	80.0	0.0	100.0	1.0	100.0	0
korean_clean_68.conllu	1	13	13.0	2.9166666666666665	15.384615384615385	0	7.6923076923076925	0	0	0	53.84615384615385	0	0	0	7.6923076923076925	0	0	15.384615384615385	0	1.0	2.0	0.0	0.5	50.0	50.0	0	0	0	0	0	6.0	6.5	8.0	1.7272727272727273	8	0	0	0	0	100.0	0.0	7.6923076923076925	0	7.6923076923076925	15.384615384615385	0	0	0	0	0	15.384615384615385	0	0	7.6923076923076925	0	0	0	0	7.6923076923076925	15.384615384615385	0	0	7.6923076923076925	7.6923076923076925	7.6923076923076925	0	0.0	100.0	0.0	100.0	1.0	100.0	0
korean_clean_69.conllu	1	25	25.0	3.0	0	0	0	0	8.0	0	44.0	0	0	0	28.0	4.0	0	16.0	0	0.8333333333333334	4.0	100.0	1.25	0	75.0	25.0	0	0	0	0	11.0	6.25	19.0	5.823529411764706	19	0	0	100.0	0.0	0	0	8.0	0	0	0	4.0	0	0	4.0	4.0	4.0	20.0	0	0	0	4.0	0	0	4.0	0	0	16.0	0	28.0	4.0	0	25.0	75.0	0.0	100.0	1.0	100.0	0
korean_clean_70.conllu	1	19	19.0	3.0	0	0	15.789473684210526	0	0	0	36.8421052631579	0	0	0	10.526315789473685	15.789473684210526	0	21.05263157894737	0	0.8235294117647058	4.0	100.0	3.0	0	0	75.0	0	0	0	25.0	6.0	4.75	14.0	3.5	14	0	0	100.0	0.0	100.0	0.0	5.2631578947368425	5.2631578947368425	10.526315789473685	0	0	0	0	0	15.789473684210526	0	0	0	0	0	0	0	0	10.526315789473685	10.526315789473685	0	26.31578947368421	0	10.526315789473685	5.2631578947368425	0	25.0	75.0	0.0	100.0	1.0	100.0	0
korean_clean_71.conllu	1	18	18.0	3.176470588235294	5.555555555555555	0	16.666666666666668	0	11.11111111111111	0	33.333333333333336	0	5.555555555555555	5.555555555555555	5.555555555555555	5.555555555555555	0	11.11111111111111	0	0.7647058823529411	2.0	0.0	2.0	0	50.0	0	50.0	0	0	0	5.0	9.0	8.0	2.3125	8	0	0	100.0	0.0	100.0	0.0	11.11111111111111	5.555555555555555	5.555555555555555	0	0	0	0	0	11.11111111111111	5.555555555555555	11.11111111111111	0	0	0	11.11111111111111	0	0	0	11.11111111111111	0	16.666666666666668	0	5.555555555555555	5.555555555555555	0	0.0	100.0	0.0	100.0	1.0	100.0	0
korean_clean_72.conllu	1	10	10.0	3.3333333333333335	0	0	30.0	0	0	0	30.0	0	0	0	10.0	10.0	0	20.0	0	0.8888888888888888	2.0	100.0	1.5	0	50.0	50.0	0	0	0	0	5.0	5.0	6.0	1.75	6	0	0	100.0	0.0	0	0	10.0	30.0	0	0	0	0	0	0	10.0	10.0	0	0	0	0	10.0	0	0	0	0	0	10.0	0	10.0	10.0	0	50.0	50.0	0.0	100.0	1.0	100.0	0
korean_clean_73.conllu	1	10	10.0	3.111111111111111	10.0	0	20.0	0	0	0	30.0	0	0	0	10.0	10.0	0	20.0	0	0.8888888888888888	2.0	100.0	2.0	0	50.0	0	50.0	0	0	0	3.0	5.0	6.0	2.0	6	0	0	0	0	100.0	0.0	10.0	10.0	0	10.0	0	0	0	0	10.0	10.0	0	0	0	0	10.0	0	0	0	10.0	0	0	10.0	10.0	10.0	0	50.0	50.0	0.0	100.0	1.0	100.0	0
korean_clean_74.conllu	1	29	29.0	2.2857142857142856	3.4482758620689653	0	10.344827586206897	3.4482758620689653	3.4482758620689653	3.4482758620689653	51.724137931034484	3.4482758620689653	0	0	3.4482758620689653	10.344827586206897	0	6.896551724137931	0	0.75	2.0	0.0	2.5	0	0	50.0	50.0	0	0	0	6.0	14.5	18.0	2.740740740740741	18	0	0	100.0	0.0	100.0	0.0	3.4482758620689653	3.4482758620689653	3.4482758620689653	3.4482758620689653	0	3.4482758620689653	0	0	6.896551724137931	13.793103448275861	3.4482758620689653	0	10.344827586206897	3.4482758620689653	3.4482758620689653	0	0	10.344827586206897	3.4482758620689653	3.4482758620689653	6.896551724137931	6.896551724137931	3.4482758620689653	3.4482758620689653	3.4482758620689653	0.0	100.0	0.0	100.0	1.0	100.0	0
korean_clean_75.conllu	1	12	12.0	3.1	0	0	25.0	0	0	0	33.333333333333336	0	0	0	16.666666666666668	8.333333333333334	0	16.666666666666668	0	0.9	2.0	100.0	2.0	0	0	100.0	0	0	0	0	5.0	6.0	10.0	2.6666666666666665	10	0	0	100.0	0.0	0	0	8.333333333333334	25.0	8.333333333333334	0	0	0	0	0	8.333333333333334	8.333333333333334	0	0	0	0	8.333333333333334	0	0	0	0	0	8.333333333333334	0	16.666666666666668	8.333333333333334	0	50.0	50.0	0.0	100.0	1.0	100.0	0
korean_clean_76.conllu	1	20	20.0	3.3157894736842106	5.0	0	30.0	0	10.0	0	25.0	0	0	0	5.0	15.0	0	10.0	0	0.7368421052631579	2.0	100.0	1.5	50.0	0	0	50.0	0	0	0	5.0	10.0	9.0	2.388888888888889	9	0	0	100.0	0.0	100.0	0.0	5.0	15.0	10.0	5.0	0	0	0	0	10.0	5.0	15.0	0	0	0	0	0	0	0	10.0	0	5.0	10.0	5.0	5.0	0	50.0	50.0	0.0	100.0	1.0	100.0	0
korean_clean_77.conllu	1	20	20.0	2.526315789473684	10.0	0	15.0	0	5.0	0	40.0	0	0	5.0	5.0	10.0	0	10.0	0	0.8421052631578947	2.0	0.0	2.0	0	0	100.0	0	0	0	0	5.0	10.0	12.0	2.4444444444444446	12	0	0	100.0	0.0	100.0	0.0	5.0	5.0	5.0	10.0	0	0	0	0	5.0	5.0	10.0	0	5.0	0	5.0	0	0	0	5.0	0	20.0	10.0	5.0	5.0	0	0.0	100.0	100.0	0.0	1.0	100.0	0
korean_clean_78.conllu	1	7	7.0	2.8333333333333335	0	0	0	0	0	0	42.857142857142854	14.285714285714286	0	0	14.285714285714286	0	0	28.571428571428573	0	0.8333333333333334	2.0	100.0	1.5	0	50.0	50.0	0	0	0	0	4.0	3.5	5.0	1.8	5	0	0	100.0	0.0	0	0	14.285714285714286	0	0	0	0	0	0	0	0	0	0	0	0	0	14.285714285714286	0	0	0	0	14.285714285714286	28.571428571428573	0	14.285714285714286	14.285714285714286	0	50.0	50.0	0.0	100.0	1.0	100.0	0
korean_clean_79.conllu	1	17	17.0	3.3333333333333335	0	0	5.882352941176471	5.882352941176471	0	0	64.70588235294117	0	0	0	11.764705882352942	5.882352941176471	0	5.882352941176471	0	0.8666666666666667	1.0	100.0	5.0	0	0	0	0	0	100.0	0	3.0	17.0	10.0	2.9285714285714284	10	0	0	100.0	0.0	0	0	0	0	11.764705882352942	0	0	5.882352941176471	0	0	11.764705882352942	5.882352941176471	0	0	0	0	11.764705882352942	0	0	17.647058823529413	0	0	17.647058823529413	0	11.764705882352942	5.882352941176471	0	100.0	0.0	0	0	0	0	0
korean_clean_80.conllu	1	11	11.0	3.0	18.181818181818183	0	27.272727272727273	0	0	0	36.36363636363637	0	0	0	9.090909090909092	9.090909090909092	0	0	0	0.9	0.0	0.0	0	0	0	0	0	0	0	0	3.0	0	5.0	2.3333333333333335	5	0	0	0	0	100.0	0.0	0	27.272727272727273	9.090909090909092	9.090909090909092	0	0	0	0	0	0	9.090909090909092	0	0	0	9.090909090909092	0	0	9.090909090909092	9.090909090909092	0	0	0	9.090909090909092	9.090909090909092	0	0	0	0	0	0	0	0
korean_clean_81.conllu	1	7	7.0	3.6666666666666665	0	0	14.285714285714286	0	28.571428571428573	0	28.571428571428573	0	0	0	14.285714285714286	0	0	14.285714285714286	0	0.6666666666666666	1.0	100.0	3.0	0	0	0	100.0	0	0	0	2.0	7.0	5.0	2.4	5	0	0	100.0	0.0	0	0	0	14.285714285714286	0	0	0	0	0	14.285714285714286	0	14.285714285714286	14.285714285714286	0	0	0	0	0	0	0	0	0	14.285714285714286	0	14.285714285714286	14.285714285714286	0	100.0	0.0	0	0	0	0	0
korean_clean_82.conllu	1	30	30.0	2.962962962962963	6.666666666666667	0	26.666666666666668	3.3333333333333335	6.666666666666667	0	20.0	0	3.3333333333333335	0	10.0	10.0	0	13.333333333333334	0	0.7407407407407407	4.0	100.0	2.0	0	25.0	50.0	25.0	0	0	0	9.0	7.5	20.0	3.269230769230769	20	0	0	100.0	0.0	100.0	0.0	6.666666666666667	10.0	13.333333333333334	10.0	0	3.3333333333333335	0	0	6.666666666666667	3.3333333333333335	6.666666666666667	0	3.3333333333333335	0	3.3333333333333335	0	0	0	6.666666666666667	0	6.666666666666667	3.3333333333333335	10.0	3.3333333333333335	3.3333333333333335	33.333333333333336	66.66666666666667	0.0	100.0	1.0	100.0	0
korean_clean_83.conllu	1	21	21.0	2.7777777777777777	14.285714285714286	0	19.047619047619047	4.761904761904762	4.761904761904762	0	14.285714285714286	0	0	19.047619047619047	14.285714285714286	4.761904761904762	0	4.761904761904762	0	0.8333333333333334	1.0	0.0	2.0	0	0	100.0	0	0	0	0	6.0	21.0	18.0	3.6470588235294117	18	0	0	100.0	0.0	0	0	0	4.761904761904762	4.761904761904762	9.523809523809524	0	4.761904761904762	0	0	4.761904761904762	19.047619047619047	9.523809523809524	0	0	0	4.761904761904762	0	0	4.761904761904762	0	0	4.761904761904762	9.523809523809524	14.285714285714286	4.761904761904762	0	0.0	100.0	100.0	0.0	1.0	100.0	0
korean_clean_84.conllu	1	34	34.0	2.6129032258064515	11.764705882352942	0	26.470588235294116	0	8.823529411764707	0	20.58823529411765	0	0	8.823529411764707	8.823529411764707	2.9411764705882355	0	11.764705882352942	0	0.8709677419354839	4.0	0.0	2.5	0	25.0	25.0	25.0	25.0	0	0	6.0	8.5	20.0	3.966666666666667	20	0	0	100.0	0.0	100.0	0.0	2.9411764705882355	2.9411764705882355	20.58823529411765	11.764705882352942	0	0	0	0	5.882352941176471	2.9411764705882355	11.764705882352942	0	2.9411764705882355	0	8.823529411764707	0	0	2.9411764705882355	5.882352941176471	0	5.882352941176471	2.9411764705882355	8.823529411764707	2.9411764705882355	0	0.0	100.0	100.0	0.0	2.0	0	100.0
korean_clean_85.conllu	1	53	53.0	2.94	1.8867924528301887	0	16.9811320754717	3.7735849056603774	11.320754716981131	1.8867924528301887	28.30188679245283	0	1.8867924528301887	0	5.660377358490566	5.660377358490566	0	22.641509433962263	0	0.74	12.0	0.0	1.4166666666666667	8.333333333333334	58.333333333333336	16.666666666666668	16.666666666666668	0	0	0	9.0	4.416666666666667	33.0	3.3469387755102042	33	0	0	100.0	0.0	100.0	0.0	18.867924528301888	13.20754716981132	3.7735849056603774	3.7735849056603774	0	5.660377358490566	0	0	0	3.7735849056603774	11.320754716981131	0	0	1.8867924528301887	3.7735849056603774	0	0	5.660377358490566	11.320754716981131	0	5.660377358490566	0	5.660377358490566	1.8867924528301887	3.7735849056603774	0.0	100.0	85.71428571428571	14.285714285714286	1.0	100.0	0
korean_clean_86.conllu	1	10	10.0	4.666666666666667	0	0	10.0	10.0	10.0	0	30.0	0	0	0	10.0	0	0	30.0	0	0.7777777777777778	3.0	100.0	1.3333333333333333	0	66.66666666666667	33.333333333333336	0	0	0	0	6.0	3.3333333333333335	8.0	2.125	8	0	0	100.0	0.0	0	0	10.0	10.0	0	0	0	10.0	0	0	10.0	10.0	10.0	0	0	0	10.0	0	0	0	0	0	10.0	0	10.0	10.0	0	33.333333333333336	66.66666666666667	0.0	100.0	1.0	100.0	0
korean_clean_87.conllu	1	18	18.0	2.3333333333333335	0	0	0	0	0	0	61.111111111111114	0	0	0	33.333333333333336	0	0	5.555555555555555	0	1.0	1.0	100.0	1.0	0	100.0	0	0	0	0	0	5.0	18.0	13.0	3.090909090909091	13	0	0	100.0	0.0	0	0	0	0	0	0	0	0	0	0	0	33.333333333333336	16.666666666666668	0	0	0	0	0	0	5.555555555555555	0	0	5.555555555555555	0	33.333333333333336	5.555555555555555	0	100.0	0.0	0	0	0	0	0
korean_clean_88.conllu	1	20	20.0	3.526315789473684	0	0	10.0	0	20.0	5.0	40.0	0	0	0	5.0	10.0	0	10.0	0	0.631578947368421	2.0	0.0	0.5	50.0	50.0	0	0	0	0	0	5.0	10.0	13.0	3.5	13	0	0	100.0	0.0	100.0	0.0	0	10.0	0	0	0	0	0	0	15.0	0	20.0	0	0	5.0	10.0	0	0	10.0	5.0	0	15.0	0	5.0	5.0	0	0	0	0	0	0	0	0
korean_clean_89.conllu	1	22	22.0	3.0	4.545454545454546	0	13.636363636363637	0	4.545454545454546	9.090909090909092	31.818181818181817	0	0	0	9.090909090909092	4.545454545454546	0	22.727272727272727	0	0.8	5.0	100.0	1.6	40.0	20.0	20.0	0	0	20.0	0	7.0	4.4	17.0	3.0	17	0	0	100.0	0.0	0	0	18.181818181818183	13.636363636363637	4.545454545454546	4.545454545454546	0	0	0	0	4.545454545454546	9.090909090909092	4.545454545454546	0	0	9.090909090909092	9.090909090909092	0	0	0	0	0	9.090909090909092	0	9.090909090909092	4.545454545454546	0	25.0	75.0	0.0	100.0	1.0	100.0	0
korean_clean_90.conllu	1	14	14.0	4.166666666666667	14.285714285714286	0	14.285714285714286	14.285714285714286	0	0	28.571428571428573	0	0	0	14.285714285714286	7.142857142857143	0	7.142857142857143	0	0.75	1.0	100.0	2.0	0	0	100.0	0	0	0	0	3.0	14.0	8.0	2.3636363636363638	8	0	0	100.0	0.0	100.0	0.0	7.142857142857143	7.142857142857143	0	14.285714285714286	0	7.142857142857143	0	0	0	0	0	0	0	0	14.285714285714286	0	0	0	7.142857142857143	0	7.142857142857143	7.142857142857143	14.285714285714286	7.142857142857143	7.142857142857143	50.0	50.0	0.0	100.0	1.0	100.0	0
korean_clean_91.conllu	1	20	20.0	3.3333333333333335	0	0	15.0	0	20.0	5.0	35.0	0	5.0	0	10.0	5.0	0	5.0	0	0.6111111111111112	1.0	100.0	2.0	0	0	100.0	0	0	0	0	7.0	20.0	17.0	3.4705882352941178	17	0	0	100.0	0.0	0	0	0	10.0	5.0	0	0	0	0	5.0	5.0	15.0	25.0	0	0	5.0	0	0	0	5.0	0	0	5.0	5.0	10.0	5.0	0	100.0	0.0	0	0	0	0	0
korean_clean_92.conllu	1	15	15.0	3.5714285714285716	0	0	13.333333333333334	6.666666666666667	6.666666666666667	0	53.333333333333336	0	0	0	6.666666666666667	0	0	13.333333333333334	0	0.8571428571428571	2.0	0.0	0.5	50.0	50.0	0	0	0	0	0	5.0	7.5	13.0	2.4615384615384617	13	0	0	100.0	0.0	0	0	13.333333333333334	6.666666666666667	6.666666666666667	6.666666666666667	0	0	0	0	0	13.333333333333334	6.666666666666667	0	0	0	6.666666666666667	0	0	13.333333333333334	0	0	13.333333333333334	0	6.666666666666667	6.666666666666667	0	0.0	100.0	50.0	50.0	1.0	100.0	0
korean_clean_93.conllu	1	12	12.0	2.8181818181818183	0	0	16.666666666666668	8.333333333333334	0	0	50.0	8.333333333333334	0	0	8.333333333333334	0	0	8.333333333333334	0	0.8181818181818182	1.0	100.0	5.0	0	0	0	0	0	100.0	0	3.0	12.0	9.0	2.8	9	0	0	100.0	0.0	100.0	0.0	0	8.333333333333334	16.666666666666668	0	0	8.333333333333334	0	0	0	8.333333333333334	0	0	0	0	0	0	0	16.666666666666668	8.333333333333334	8.333333333333334	8.333333333333334	0	8.333333333333334	8.333333333333334	0	100.0	0.0	0	0	0	0	0
korean_clean_94.conllu	1	11	11.0	3.6	0	0	18.181818181818183	0	9.090909090909092	0	36.36363636363637	0	0	0	9.090909090909092	0	0	27.272727272727273	0	0.9	3.0	100.0	1.6666666666666667	33.333333333333336	0	33.333333333333336	33.333333333333336	0	0	0	5.0	3.6666666666666665	8.0	2.3333333333333335	8	0	0	100.0	0.0	0	0	18.181818181818183	18.181818181818183	0	0	0	0	0	0	0	9.090909090909092	9.090909090909092	0	0	0	9.090909090909092	0	0	0	0	0	18.181818181818183	0	9.090909090909092	9.090909090909092	0	33.333333333333336	66.66666666666667	0.0	100.0	1.0	100.0	0
korean_clean_95.conllu	1	17	17.0	3.1333333333333333	11.764705882352942	0	17.647058823529413	5.882352941176471	11.764705882352942	0	29.41176470588235	0	0	0	11.764705882352942	0	0	11.764705882352942	0	0.8	2.0	100.0	3.0	0	0	0	100.0	0	0	0	5.0	8.5	6.0	2.2142857142857144	6	0	0	100.0	0.0	100.0	0.0	5.882352941176471	17.647058823529413	0	11.764705882352942	0	5.882352941176471	0	0	0	5.882352941176471	17.647058823529413	0	0	0	5.882352941176471	0	0	0	5.882352941176471	0	5.882352941176471	0	11.764705882352942	5.882352941176471	0	50.0	50.0	0.0	100.0	1.0	100.0	0
korean_clean_96.conllu	1	20	20.0	2.888888888888889	20.0	0	20.0	0	10.0	5.0	25.0	0	0	0	10.0	5.0	0	5.0	0	0.7777777777777778	1.0	0.0	4.0	0	0	0	0	100.0	0	0	7.0	20.0	10.0	2.411764705882353	10	0	0	0	0	100.0	0.0	5.0	5.0	5.0	10.0	0	5.0	0	0	0	0	20.0	0	0	5.0	5.0	5.0	0	5.0	5.0	0	0	10.0	10.0	5.0	0	0.0	100.0	0.0	100.0	1.0	100.0	0
korean_clean_97.conllu	1	17	17.0	2.8125	5.882352941176471	0	5.882352941176471	11.764705882352942	5.882352941176471	0	47.05882352941177	0	0	0	5.882352941176471	11.764705882352942	0	5.882352941176471	0	0.6875	1.0	100.0	2.0	0	0	100.0	0	0	0	0	5.0	17.0	7.0	1.7333333333333334	7	0	0	0	0	100.0	0.0	0	5.882352941176471	0	0	0	17.647058823529413	0	0	11.764705882352942	17.647058823529413	5.882352941176471	0	0	0	5.882352941176471	5.882352941176471	0	11.764705882352942	5.882352941176471	0	0	0	5.882352941176471	5.882352941176471	0	100.0	0.0	0	0	0	0	0
korean_clean_98.conllu	1	24	24.0	3.0454545454545454	8.333333333333334	0	25.0	0	8.333333333333334	4.166666666666667	29.166666666666668	4.166666666666667	0	0	8.333333333333334	0	0	12.5	0	0.8181818181818182	3.0	100.0	1.3333333333333333	33.333333333333336	33.333333333333336	0	33.333333333333336	0	0	0	8.0	8.0	22.0	4.857142857142857	22	0	0	100.0	0.0	0	0	4.166666666666667	16.666666666666668	4.166666666666667	12.5	0	0	0	4.166666666666667	0	8.333333333333334	8.333333333333334	0	0	4.166666666666667	8.333333333333334	0	0	4.166666666666667	0	0	8.333333333333334	4.166666666666667	8.333333333333334	4.166666666666667	0	50.0	50.0	0.0	100.0	1.0	100.0	0
korean_clean_99.conllu	1	10	10.0	3.2222222222222223	10.0	0	20.0	0	0	0	30.0	0	0	10.0	10.0	0	0	20.0	0	1.0	2.0	100.0	2.0	0	0	100.0	0	0	0	0	4.0	5.0	8.0	2.25	8	0	0	0	0	0	0	0	10.0	0	10.0	0	0	0	0	10.0	20.0	0	0	0	0	20.0	0	0	10.0	0	0	0	0	10.0	10.0	0	50.0	50.0	0.0	100.0	1.0	100.0	0
korean_clean_100.conllu	1	26	26.0	3.12	11.538461538461538	0	15.384615384615385	0	3.8461538461538463	0	34.61538461538461	3.8461538461538463	0	0	3.8461538461538463	11.538461538461538	0	15.384615384615385	0	0.8	4.0	100.0	0.75	33.333333333333336	33.333333333333336	33.333333333333336	0	0	0	0	6.0	6.5	22.0	3.75	22	0	0	100.0	0.0	100.0	0.0	0	7.6923076923076925	3.8461538461538463	11.538461538461538	0	7.6923076923076925	0	0	11.538461538461538	7.6923076923076925	3.8461538461538463	0	0	0	3.8461538461538463	0	0	7.6923076923076925	7.6923076923076925	3.8461538461538463	11.538461538461538	3.8461538461538463	3.8461538461538463	3.8461538461538463	0	25.0	75.0	33.333333333333336	66.66666666666667	1.0	100.0	0
korean_clean_101.conllu	1	17	17.0	3.466666666666667	5.882352941176471	0	5.882352941176471	0	11.764705882352942	0	52.94117647058823	0	0	0	11.764705882352942	5.882352941176471	0	5.882352941176471	0	0.8	1.0	100.0	5.0	0	0	0	0	0	100.0	0	4.0	17.0	11.0	3.2857142857142856	11	0	0	100.0	0.0	0	0	0	5.882352941176471	5.882352941176471	5.882352941176471	0	0	0	5.882352941176471	5.882352941176471	17.647058823529413	5.882352941176471	0	0	0	17.647058823529413	0	0	5.882352941176471	0	0	5.882352941176471	0	11.764705882352942	5.882352941176471	0	100.0	0.0	0	0	0	0	0