Filename	n_sentences	n_tokens	tokens_per_sent	char_per_tok	upos_dist_ADJ	upos_dist_ADP	upos_dist_ADV	upos_dist_AUX	upos_dist_CCONJ	upos_dist_DET	upos_dist_NOUN	upos_dist_NUM	upos_dist_PRON	upos_dist_PROPN	upos_dist_PUNCT	upos_dist_SCONJ	upos_dist_SYM	upos_dist_VERB	upos_dist_X	lexical_density	verbs_tense_dist_Past	verbs_tense_dist_Pres	verbs_form_dist_Fin	verbs_form_dist_Inf	verbs_form_dist_Part	verbs_num_pers_dist_Plur+	verbs_num_pers_dist_Sing+	aux_tense_dist_Past	aux_tense_dist_Pres	aux_form_dist_Fin	aux_form_dist_Inf	aux_form_dist_Part	aux_num_pers_dist_Plur+	aux_num_pers_dist_Sing+	verbal_head_per_sent	verbal_root_perc	avg_verb_edges	verb_edges_dist_0	verb_edges_dist_1	verb_edges_dist_2	verb_edges_dist_3	verb_edges_dist_4	verb_edges_dist_5	verb_edges_dist_6	avg_max_depth	avg_token_per_clause	avg_max_links_len	avg_links_len	max_links_len	avg_prepositional_chain_len	n_prepositional_chains	prep_dist_1	prep_dist_2	prep_dist_3	obj_pre	obj_post	subj_pre	subj_post	dep_dist_acl	dep_dist_acl:relcl	dep_dist_advcl	dep_dist_advmod	dep_dist_amod	dep_dist_appos	dep_dist_aux	dep_dist_aux:pass	dep_dist_case	dep_dist_cc	dep_dist_ccomp	dep_dist_compound:prt	dep_dist_conj	dep_dist_cop	dep_dist_csubj	dep_dist_det	dep_dist_expl	dep_dist_expl:pv	dep_dist_fixed	dep_dist_flat	dep_dist_mark	dep_dist_nmod	dep_dist_nmod:poss	dep_dist_nsubj	dep_dist_nsubj:pass	dep_dist_nummod	dep_dist_obj	dep_dist_obl	dep_dist_obl:agent	dep_dist_parataxis	dep_dist_punct	dep_dist_root	dep_dist_xcomp	principal_proposition_dist	subordinate_proposition_dist	subordinate_post	subordinate_pre	avg_subordinate_chain_len	subordinate_dist_1	subordinate_dist_2	subordinate_dist_3	subordinate_dist_4
dutch_clean_1.conllu	1	18	18.0	3.8823529411764706	11.11111111111111	16.666666666666668	0	5.555555555555555	11.11111111111111	16.666666666666668	27.77777777777778	0	0	5.555555555555555	5.555555555555555	0	0	0	0	0.47058823529411764	0	0	0	0	0	0	0	0	100.0	100.0	0	0	0	100.0	1.0	100.0	0	0	0	0	0	0	0	0	3.0	18.0	10.0	3.0625	10	1.0	1	100.0	0	0	0	0	100.0	0.0	0	0	0	0	11.11111111111111	0	0	0	16.666666666666668	11.11111111111111	0	0	11.11111111111111	5.555555555555555	0	16.666666666666668	0	0	0	0	0	5.555555555555555	0	5.555555555555555	0	0	0	5.555555555555555	0	0	5.555555555555555	5.555555555555555	0	100.0	0.0	0	0	0	0	0	0	0
dutch_clean_2.conllu	1	25	25.0	4.913043478260869	4.0	12.0	8.0	8.0	4.0	12.0	16.0	4.0	8.0	0	8.0	8.0	0	8.0	0	0.391304347826087	0	100.0	50.0	0	50.0	0	100.0	0	100.0	100.0	0	0	0	100.0	2.0	100.0	4.0	0	0	0	0	100.0	0	0	6.0	12.5	12.0	3.409090909090909	12	0	0	0	0	0	0.0	100.0	100.0	0.0	0	0	4.0	4.0	4.0	0	0	4.0	12.0	8.0	0	0	4.0	0	0	12.0	0	0	0	0	8.0	0	0	8.0	0	4.0	4.0	12.0	0	0	8.0	4.0	0	50.0	50.0	100.0	0.0	1.0	100.0	0	0	0
dutch_clean_3.conllu	1	16	16.0	4.642857142857143	0	6.25	6.25	0	18.75	12.5	31.25	0	0	6.25	12.5	0	0	6.25	0	0.5714285714285714	100.0	0	100.0	0	0	0	100.0	0	0	0	0	0	0	0	1.0	100.0	3.0	0	0	0	100.0	0	0	0	4.0	16.0	10.0	2.1538461538461537	10	1.0	1	100.0	0	0	0.0	100.0	100.0	0.0	0	0	0	0	0	0	0	0	6.25	18.75	0	0	18.75	0	0	12.5	0	0	0	0	0	6.25	0	6.25	0	0	6.25	0	0	6.25	12.5	6.25	0	100.0	0.0	0	0	0	0	0	0	0
dutch_clean_4.conllu	1	18	18.0	4.294117647058823	5.555555555555555	27.77777777777778	0	5.555555555555555	5.555555555555555	5.555555555555555	33.333333333333336	0	5.555555555555555	0	5.555555555555555	0	0	5.555555555555555	0	0.47058823529411764	0	0	0	0	100.0	0	0	100.0	0	100.0	0	0	100.0	0	2.0	100.0	2.0	0	0	100.0	0	0	0	0	4.0	9.0	6.0	2.0	6	1.0	3	100.0	0	0	0	0	100.0	0.0	0	0	0	0	0	0	0	0	27.77777777777778	5.555555555555555	0	0	5.555555555555555	5.555555555555555	0	5.555555555555555	0	0	0	0	0	16.666666666666668	5.555555555555555	5.555555555555555	0	0	0	11.11111111111111	0	0	5.555555555555555	5.555555555555555	0	100.0	0.0	0	0	0	0	0	0	0
dutch_clean_5.conllu	1	17	17.0	4.8125	0	17.647058823529413	5.882352941176471	5.882352941176471	5.882352941176471	11.764705882352942	17.647058823529413	0	5.882352941176471	0	5.882352941176471	5.882352941176471	0	17.647058823529413	0	0.4375	0	0	0	66.66666666666667	33.333333333333336	0	0	100.0	0	100.0	0	0	0	100.0	3.0	100.0	3.3333333333333335	0	33.333333333333336	0	0	33.333333333333336	33.333333333333336	0	3.0	5.666666666666667	7.0	2.2666666666666666	7	1.0	2	100.0	0	0	0	0	100.0	0.0	0	0	5.882352941176471	5.882352941176471	0	0	0	5.882352941176471	17.647058823529413	5.882352941176471	0	0	5.882352941176471	0	0	11.764705882352942	0	0	0	0	5.882352941176471	11.764705882352942	0	0	5.882352941176471	0	0	5.882352941176471	0	0	5.882352941176471	5.882352941176471	0	50.0	50.0	100.0	0.0	1.0	100.0	0	0	0
dutch_clean_6.conllu	1	33	33.0	4.862068965517241	12.121212121212121	18.181818181818183	0	0	6.0606060606060606	18.181818181818183	21.21212121212121	0	3.0303030303030303	3.0303030303030303	12.121212121212121	3.0303030303030303	0	3.0303030303030303	0	0.4482758620689655	100.0	0	100.0	0	0	0	100.0	0	0	0	0	0	0	0	1.0	100.0	3.0	0	0	0	100.0	0	0	0	6.0	33.0	11.0	2.642857142857143	11	1.5	4	50.0	50.0	0	0.0	100.0	100.0	0.0	0	0	3.0303030303030303	0	3.0303030303030303	0	0	0	18.181818181818183	6.0606060606060606	0	0	6.0606060606060606	0	0	18.181818181818183	0	0	0	0	3.0303030303030303	21.21212121212121	0	3.0303030303030303	0	0	3.0303030303030303	0	0	0	12.121212121212121	3.0303030303030303	0	100.0	0.0	0	0	0	0	0	0	0
dutch_clean_7.conllu	1	26	26.0	4.7272727272727275	3.8461538461538463	11.538461538461538	11.538461538461538	3.8461538461538463	7.6923076923076925	15.384615384615385	15.384615384615385	0	0	3.8461538461538463	15.384615384615385	0	0	7.6923076923076925	3.8461538461538463	0.5	0	100.0	50.0	0	50.0	100.0	0	100.0	0	100.0	0	0	0	100.0	2.0	100.0	0.0	100.0	0	0	0	0	0	0	4.0	13.0	20.0	3.761904761904762	20	1.0	1	100.0	0	0	0	0	100.0	0.0	0	0	0	7.6923076923076925	7.6923076923076925	0	0	3.8461538461538463	11.538461538461538	7.6923076923076925	0	0	15.384615384615385	0	0	15.384615384615385	0	0	0	0	0	3.8461538461538463	0	0	3.8461538461538463	0	0	3.8461538461538463	0	0	15.384615384615385	3.8461538461538463	0	100.0	0.0	0	0	0	0	0	0	0
dutch_clean_8.conllu	1	18	18.0	5.75	5.555555555555555	11.11111111111111	5.555555555555555	0	5.555555555555555	11.11111111111111	16.666666666666668	0	11.11111111111111	5.555555555555555	11.11111111111111	0	0	16.666666666666668	0	0.5625	100.0	0	66.66666666666667	0	33.333333333333336	0	100.0	0	0	0	0	0	0	0	3.0	100.0	2.6666666666666665	0	33.333333333333336	0	33.333333333333336	33.333333333333336	0	0	3.0	6.0	6.0	2.3333333333333335	6	0	0	0	0	0	50.0	50.0	100.0	0.0	0	0	0	0	11.11111111111111	0	5.555555555555555	0	5.555555555555555	5.555555555555555	0	5.555555555555555	5.555555555555555	0	0	11.11111111111111	0	0	0	0	0	0	5.555555555555555	11.11111111111111	0	0	11.11111111111111	5.555555555555555	0	0	11.11111111111111	5.555555555555555	0	50.0	50.0	0.0	100.0	1.0	100.0	0	0	0
dutch_clean_9.conllu	1	18	18.0	7.266666666666667	11.11111111111111	5.555555555555555	0	0	16.666666666666668	5.555555555555555	33.333333333333336	0	0	5.555555555555555	16.666666666666668	0	0	5.555555555555555	0	0.6666666666666666	100.0	0	100.0	0	0	0	100.0	0	0	0	0	0	0	0	1.0	100.0	2.0	0	0	100.0	0	0	0	0	4.0	18.0	11.0	3.2142857142857144	11	1.0	1	100.0	0	0	0.0	100.0	100.0	0.0	0	0	0	0	5.555555555555555	0	0	0	5.555555555555555	16.666666666666668	0	0	27.77777777777778	0	0	5.555555555555555	0	0	0	0	0	5.555555555555555	0	5.555555555555555	0	0	5.555555555555555	0	0	0	16.666666666666668	5.555555555555555	0	100.0	0.0	0	0	0	0	0	0	0
dutch_clean_10.conllu	1	19	19.0	4.705882352941177	10.526315789473685	5.2631578947368425	0	0	0	15.789473684210526	21.05263157894737	0	10.526315789473685	5.2631578947368425	10.526315789473685	10.526315789473685	0	10.526315789473685	0	0.5294117647058824	100.0	0	50.0	50.0	0	100.0	0	0	0	0	0	0	0	0	2.0	100.0	3.0	0	0	50.0	0	50.0	0	0	5.0	9.5	10.0	2.9375	10	1.0	1	100.0	0	0	50.0	50.0	100.0	0.0	0	5.2631578947368425	5.2631578947368425	0	10.526315789473685	0	0	0	5.2631578947368425	5.2631578947368425	0	0	0	0	0	15.789473684210526	0	0	0	0	5.2631578947368425	5.2631578947368425	5.2631578947368425	10.526315789473685	0	0	10.526315789473685	0	0	0	10.526315789473685	5.2631578947368425	0	50.0	50.0	100.0	0.0	1.0	100.0	0	0	0
dutch_clean_11.conllu	1	26	26.0	5.363636363636363	11.538461538461538	7.6923076923076925	3.8461538461538463	3.8461538461538463	3.8461538461538463	15.384615384615385	19.23076923076923	0	0	3.8461538461538463	15.384615384615385	3.8461538461538463	0	11.538461538461538	0	0.5909090909090909	0	100.0	33.333333333333336	0	66.66666666666667	0	100.0	0	100.0	100.0	0	0	0	100.0	3.0	100.0	2.6666666666666665	0	0	66.66666666666667	0	33.333333333333336	0	0	5.0	8.666666666666666	12.0	2.4761904761904763	12	0	0	0	0	0	0	0	66.66666666666667	33.333333333333336	0	0	3.8461538461538463	7.6923076923076925	7.6923076923076925	0	0	3.8461538461538463	3.8461538461538463	3.8461538461538463	0	0	7.6923076923076925	0	0	15.384615384615385	0	0	0	0	7.6923076923076925	0	0	3.8461538461538463	7.6923076923076925	0	0	3.8461538461538463	0	0	15.384615384615385	3.8461538461538463	3.8461538461538463	50.0	50.0	0.0	100.0	1.0	100.0	0	0	0
dutch_clean_12.conllu	1	22	22.0	5.0476190476190474	0	18.181818181818183	0	9.090909090909092	4.545454545454546	18.181818181818183	22.727272727272727	4.545454545454546	0	0	4.545454545454546	4.545454545454546	0	13.636363636363637	0	0.38095238095238093	0	0	0	33.333333333333336	66.66666666666667	0	0	0	100.0	100.0	0	0	50.0	50.0	3.0	100.0	3.6666666666666665	0	0	0	33.333333333333336	66.66666666666667	0	0	4.0	7.333333333333333	8.0	2.35	8	0	0	0	0	0	0	0	100.0	0.0	0	0	4.545454545454546	0	0	0	0	4.545454545454546	9.090909090909092	4.545454545454546	0	4.545454545454546	4.545454545454546	4.545454545454546	0	18.181818181818183	0	0	0	0	9.090909090909092	0	0	4.545454545454546	4.545454545454546	4.545454545454546	0	9.090909090909092	0	0	4.545454545454546	4.545454545454546	4.545454545454546	33.333333333333336	66.66666666666667	100.0	0.0	2.0	0	100.0	0	0
dutch_clean_13.conllu	1	22	22.0	4.809523809523809	4.545454545454546	13.636363636363637	9.090909090909092	13.636363636363637	9.090909090909092	13.636363636363637	13.636363636363637	0	0	0	4.545454545454546	4.545454545454546	0	9.090909090909092	4.545454545454546	0.38095238095238093	0	100.0	50.0	0	50.0	100.0	0	0	100.0	66.66666666666667	33.333333333333336	0	50.0	50.0	2.0	100.0	4.0	0	0	0	50.0	0	50.0	0	3.0	11.0	8.0	2.55	8	0	0	0	0	0	0	0	0	0	0	0	0	4.545454545454546	0	0	4.545454545454546	9.090909090909092	9.090909090909092	18.181818181818183	0	0	13.636363636363637	0	0	9.090909090909092	0	0	13.636363636363637	0	0	0	0	0	0	0	0	4.545454545454546	0	0	4.545454545454546	4.545454545454546	4.545454545454546	100.0	0.0	0	0	0	0	0	0	0
dutch_clean_14.conllu	1	33	33.0	5.354838709677419	9.090909090909092	12.121212121212121	3.0303030303030303	6.0606060606060606	3.0303030303030303	18.181818181818183	24.242424242424242	3.0303030303030303	3.0303030303030303	0	6.0606060606060606	0	0	12.121212121212121	0	0.5161290322580645	0	100.0	25.0	0	75.0	100.0	0	50.0	50.0	100.0	0	0	0	100.0	5.0	100.0	2.25	25.0	0	25.0	25.0	25.0	0	0	5.0	6.6	28.0	3.2	28	1.0	2	100.0	0	0	100.0	0.0	100.0	0.0	0	3.0303030303030303	0	0	12.121212121212121	3.0303030303030303	0	3.0303030303030303	12.121212121212121	3.0303030303030303	0	0	6.0606060606060606	3.0303030303030303	0	18.181818181818183	0	0	0	0	0	6.0606060606060606	0	6.0606060606060606	3.0303030303030303	0	3.0303030303030303	6.0606060606060606	0	0	6.0606060606060606	3.0303030303030303	3.0303030303030303	25.0	75.0	100.0	0.0	1.0	100.0	0	0	0
dutch_clean_15.conllu	1	21	21.0	4.894736842105263	4.761904761904762	23.80952380952381	0	4.761904761904762	9.523809523809524	4.761904761904762	23.80952380952381	0	4.761904761904762	0	9.523809523809524	0	0	14.285714285714286	0	0.47368421052631576	0	0	0	66.66666666666667	33.333333333333336	0	0	0	100.0	100.0	0	0	0	100.0	3.0	100.0	3.6666666666666665	0	0	0	33.333333333333336	66.66666666666667	0	0	5.0	7.0	9.0	2.7222222222222223	9	0	0	0	0	0	100.0	0.0	100.0	0.0	4.761904761904762	0	0	4.761904761904762	0	0	0	4.761904761904762	4.761904761904762	9.523809523809524	0	4.761904761904762	14.285714285714286	0	0	4.761904761904762	0	0	0	0	14.285714285714286	0	0	0	4.761904761904762	0	4.761904761904762	4.761904761904762	0	0	9.523809523809524	4.761904761904762	4.761904761904762	50.0	50.0	100.0	0.0	1.0	100.0	0	0	0
dutch_clean_16.conllu	1	29	29.0	6.2	6.896551724137931	20.689655172413794	0	0	3.4482758620689653	13.793103448275861	31.03448275862069	0	0	3.4482758620689653	13.793103448275861	0	0	6.896551724137931	0	0.56	0	100.0	50.0	50.0	0	100.0	0	0	0	0	0	0	0	0	2.0	100.0	3.5	0	0	0	50.0	50.0	0	0	5.0	14.5	11.0	2.9166666666666665	11	1.5	2	50.0	50.0	0	100.0	0.0	0.0	100.0	3.4482758620689653	0	0	0	6.896551724137931	3.4482758620689653	0	0	10.344827586206897	3.4482758620689653	0	3.4482758620689653	10.344827586206897	0	0	13.793103448275861	0	0	0	0	6.896551724137931	10.344827586206897	0	3.4482758620689653	0	0	6.896551724137931	0	0	0	13.793103448275861	3.4482758620689653	0	50.0	50.0	100.0	0.0	1.0	100.0	0	0	0
dutch_clean_17.conllu	1	55	55.0	5.0	10.909090909090908	12.727272727272727	5.454545454545454	5.454545454545454	1.8181818181818181	5.454545454545454	14.545454545454545	0	21.818181818181817	1.8181818181818181	5.454545454545454	3.6363636363636362	0	10.909090909090908	0	0.46153846153846156	100.0	0	66.66666666666667	33.333333333333336	0	100.0	0	0	100.0	100.0	0	0	0	100.0	8.0	100.0	2.0	40.0	0	20.0	0	20.0	0	20.0	5.0	6.875	30.0	4.8431372549019605	30	1.0	2	100.0	0	0	100.0	0.0	100.0	0.0	0	5.454545454545454	3.6363636363636362	1.8181818181818181	9.090909090909092	0	0	0	12.727272727272727	1.8181818181818181	0	0	1.8181818181818181	5.454545454545454	0	5.454545454545454	1.8181818181818181	0	1.8181818181818181	0	5.454545454545454	3.6363636363636362	5.454545454545454	10.909090909090908	0	0	5.454545454545454	7.2727272727272725	0	0	5.454545454545454	1.8181818181818181	3.6363636363636362	12.5	87.5	100.0	0.0	1.75	50.0	25.0	25.0	0
dutch_clean_18.conllu	1	15	15.0	7.142857142857143	20.0	20.0	0	6.666666666666667	0	6.666666666666667	33.333333333333336	0	0	0	6.666666666666667	0	0	6.666666666666667	0	0.6428571428571429	0	0	0	0	100.0	0	0	0	100.0	100.0	0	0	0	100.0	2.0	100.0	0.0	100.0	0	0	0	0	0	0	3.0	7.5	7.0	2.4615384615384617	7	1.5	2	50.0	50.0	0	0	0	100.0	0.0	0	0	0	0	26.666666666666668	0	0	0	20.0	0	0	0	0	6.666666666666667	0	6.666666666666667	0	0	0	0	0	20.0	0	6.666666666666667	0	0	0	0	0	0	6.666666666666667	6.666666666666667	0	100.0	0.0	0	0	0	0	0	0	0
dutch_clean_19.conllu	1	11	11.0	6.7	9.090909090909092	9.090909090909092	0	9.090909090909092	0	9.090909090909092	27.272727272727273	0	9.090909090909092	0	9.090909090909092	0	0	18.181818181818183	0	0.6	0	100.0	50.0	0	50.0	100.0	0	0	100.0	100.0	0	0	0	100.0	2.0	100.0	2.5	0	0	50.0	50.0	0	0	0	3.0	5.5	3.0	1.6666666666666667	3	0	0	0	0	0	100.0	0.0	100.0	0.0	0	9.090909090909092	0	0	9.090909090909092	0	0	9.090909090909092	9.090909090909092	0	0	0	0	0	0	9.090909090909092	0	0	0	0	0	0	0	9.090909090909092	9.090909090909092	0	9.090909090909092	0	9.090909090909092	0	9.090909090909092	9.090909090909092	0	50.0	50.0	100.0	0.0	1.0	100.0	0	0	0
dutch_clean_20.conllu	1	31	31.0	6.535714285714286	12.903225806451612	12.903225806451612	16.129032258064516	6.451612903225806	3.225806451612903	9.67741935483871	16.129032258064516	0	0	0	9.67741935483871	3.225806451612903	0	9.67741935483871	0	0.6071428571428571	0	0	0	33.333333333333336	66.66666666666667	0	0	0	100.0	100.0	0	0	0	100.0	3.0	100.0	4.333333333333333	0	0	0	33.333333333333336	0	66.66666666666667	0	5.0	10.333333333333334	11.0	2.8518518518518516	11	1.0	1	100.0	0	0	100.0	0.0	100.0	0.0	3.225806451612903	3.225806451612903	0	12.903225806451612	9.67741935483871	0	0	3.225806451612903	6.451612903225806	3.225806451612903	0	0	3.225806451612903	3.225806451612903	0	9.67741935483871	0	0	3.225806451612903	0	9.67741935483871	3.225806451612903	0	0	3.225806451612903	0	3.225806451612903	3.225806451612903	0	0	9.67741935483871	3.225806451612903	3.225806451612903	50.0	50.0	0.0	100.0	1.0	100.0	0	0	0
dutch_clean_21.conllu	1	21	21.0	6.9	14.285714285714286	14.285714285714286	4.761904761904762	4.761904761904762	4.761904761904762	4.761904761904762	23.80952380952381	0	4.761904761904762	0	4.761904761904762	4.761904761904762	0	14.285714285714286	0	0.6	0	100.0	33.333333333333336	66.66666666666667	0	100.0	0	0	100.0	100.0	0	0	100.0	0	3.0	100.0	3.6666666666666665	0	0	0	33.333333333333336	66.66666666666667	0	0	4.0	7.0	7.0	2.526315789473684	7	0	0	0	0	0	66.66666666666667	33.333333333333336	50.0	50.0	4.761904761904762	0	4.761904761904762	4.761904761904762	14.285714285714286	0	0	0	4.761904761904762	4.761904761904762	0	0	4.761904761904762	0	0	4.761904761904762	0	0	0	0	14.285714285714286	0	0	9.523809523809524	0	0	14.285714285714286	4.761904761904762	0	0	4.761904761904762	4.761904761904762	0	33.333333333333336	66.66666666666667	100.0	0.0	2.0	0	100.0	0	0
dutch_clean_22.conllu	1	26	26.0	4.869565217391305	19.23076923076923	7.6923076923076925	11.538461538461538	7.6923076923076925	0	11.538461538461538	15.384615384615385	0	7.6923076923076925	0	11.538461538461538	3.8461538461538463	0	3.8461538461538463	0	0.5652173913043478	0	100.0	100.0	0	0	0	100.0	0	100.0	100.0	0	0	0	100.0	3.0	100.0	4.0	0	0	0	0	100.0	0	0	4.0	8.666666666666666	8.0	2.772727272727273	8	0	0	0	0	0	0	0	100.0	0.0	0	0	3.8461538461538463	23.076923076923077	3.8461538461538463	0	0	0	7.6923076923076925	0	0	0	0	7.6923076923076925	0	11.538461538461538	0	0	0	0	3.8461538461538463	0	0	7.6923076923076925	0	0	0	7.6923076923076925	0	7.6923076923076925	11.538461538461538	3.8461538461538463	0	33.333333333333336	66.66666666666667	100.0	0.0	2.0	0	100.0	0	0
dutch_clean_23.conllu	1	27	27.0	5.76	11.11111111111111	18.51851851851852	3.7037037037037037	7.407407407407407	3.7037037037037037	11.11111111111111	33.333333333333336	0	0	0	7.407407407407407	0	0	3.7037037037037037	0	0.56	0	0	0	0	100.0	0	0	50.0	50.0	100.0	0	0	50.0	50.0	1.0	100.0	3.0	0	0	0	100.0	0	0	0	5.0	27.0	20.0	3.0	20	1.3333333333333333	3	66.66666666666667	33.333333333333336	0	100.0	0.0	100.0	0.0	0	0	0	3.7037037037037037	11.11111111111111	0	7.407407407407407	0	18.51851851851852	3.7037037037037037	0	0	3.7037037037037037	0	0	11.11111111111111	0	0	0	0	0	14.814814814814815	0	3.7037037037037037	0	0	3.7037037037037037	7.407407407407407	0	0	7.407407407407407	3.7037037037037037	0	100.0	0.0	0	0	0	0	0	0	0
dutch_clean_24.conllu	1	20	20.0	6.0	10.0	20.0	0	5.0	5.0	10.0	30.0	0	0	0	5.0	0	0	15.0	0	0.5789473684210527	0	0	0	33.333333333333336	66.66666666666667	0	0	0	100.0	100.0	0	0	100.0	0	3.0	100.0	2.0	33.333333333333336	0	0	66.66666666666667	0	0	0	5.0	6.666666666666667	9.0	2.9444444444444446	9	2.0	1	0	100.0	0	100.0	0.0	0	0	0	0	0	5.0	10.0	0	5.0	0	15.0	5.0	0	0	5.0	0	0	10.0	0	0	0	0	5.0	10.0	0	0	0	0	10.0	5.0	0	0	5.0	5.0	5.0	50.0	50.0	100.0	0.0	1.0	100.0	0	0	0
dutch_clean_25.conllu	1	31	31.0	6.392857142857143	12.903225806451612	16.129032258064516	0	3.225806451612903	3.225806451612903	22.580645161290324	29.032258064516128	0	0	0	9.67741935483871	0	0	3.225806451612903	0	0.5	0	0	0	0	100.0	0	0	0	100.0	100.0	0	0	100.0	0	2.0	100.0	0.0	100.0	0	0	0	0	0	0	4.0	15.5	12.0	2.925925925925926	12	1.25	4	75.0	25.0	0	0	0	100.0	0.0	0	0	0	0	16.129032258064516	0	0	0	16.129032258064516	3.225806451612903	0	0	3.225806451612903	3.225806451612903	0	22.580645161290324	0	0	0	0	0	16.129032258064516	0	6.451612903225806	0	0	0	0	0	0	9.67741935483871	3.225806451612903	0	100.0	0.0	0	0	0	0	0	0	0
dutch_clean_26.conllu	1	18	18.0	7.294117647058823	5.555555555555555	16.666666666666668	5.555555555555555	0	0	16.666666666666668	27.77777777777778	0	0	0	5.555555555555555	5.555555555555555	0	16.666666666666668	0	0.5882352941176471	0	100.0	33.333333333333336	0	66.66666666666667	100.0	0	0	0	0	0	0	0	0	3.0	100.0	2.0	33.333333333333336	0	33.333333333333336	0	33.333333333333336	0	0	6.0	6.0	15.0	3.75	15	3.0	1	0	0	100.0	100.0	0.0	100.0	0.0	5.555555555555555	0	0	11.11111111111111	5.555555555555555	0	0	0	16.666666666666668	0	0	0	0	0	0	16.666666666666668	0	0	0	0	5.555555555555555	16.666666666666668	0	5.555555555555555	0	0	5.555555555555555	0	0	0	5.555555555555555	5.555555555555555	0	50.0	50.0	100.0	0.0	1.0	100.0	0	0	0
dutch_clean_27.conllu	1	21	21.0	6.2105263157894735	4.761904761904762	9.523809523809524	4.761904761904762	4.761904761904762	4.761904761904762	14.285714285714286	14.285714285714286	4.761904761904762	0	14.285714285714286	9.523809523809524	4.761904761904762	0	9.523809523809524	0	0.5263157894736842	100.0	0	50.0	0	50.0	100.0	0	100.0	0	100.0	0	0	0	100.0	2.0	0.0	2.0	0	50.0	0	50.0	0	0	0	4.0	10.5	16.0	2.888888888888889	16	2.0	1	0	100.0	0	0	0	100.0	0.0	4.761904761904762	0	4.761904761904762	9.523809523809524	0	0	0	0	9.523809523809524	4.761904761904762	0	0	9.523809523809524	4.761904761904762	0	14.285714285714286	0	0	0	0	4.761904761904762	9.523809523809524	0	9.523809523809524	0	0	0	0	0	0	9.523809523809524	4.761904761904762	0	0.0	100.0	100.0	0.0	1.0	100.0	0	0	0
dutch_clean_28.conllu	1	18	18.0	4.375	5.555555555555555	16.666666666666668	5.555555555555555	0	0	16.666666666666668	16.666666666666668	0	16.666666666666668	0	11.11111111111111	0	0	11.11111111111111	0	0.4375	0	100.0	100.0	0	0	0	100.0	0	0	0	0	0	0	0	2.0	100.0	3.0	0	0	50.0	0	50.0	0	0	4.0	9.0	8.0	2.533333333333333	8	1.0	2	100.0	0	0	0.0	100.0	50.0	50.0	0	5.555555555555555	0	5.555555555555555	0	0	0	0	16.666666666666668	0	0	0	0	0	0	16.666666666666668	0	0	0	0	0	11.11111111111111	5.555555555555555	11.11111111111111	0	0	5.555555555555555	5.555555555555555	0	0	11.11111111111111	5.555555555555555	0	50.0	50.0	100.0	0.0	1.0	100.0	0	0	0
dutch_clean_29.conllu	1	28	28.0	4.346153846153846	7.142857142857143	17.857142857142858	3.5714285714285716	0	0	21.428571428571427	25.0	0	3.5714285714285716	0	7.142857142857143	3.5714285714285716	0	10.714285714285714	0	0.5	0	100.0	66.66666666666667	0	33.333333333333336	50.0	50.0	0	0	0	0	0	0	0	3.0	100.0	2.3333333333333335	0	33.333333333333336	33.333333333333336	0	33.333333333333336	0	0	7.0	9.333333333333334	8.0	2.32	8	1.5	2	50.0	50.0	0	0	0	100.0	0.0	3.5714285714285716	3.5714285714285716	3.5714285714285716	3.5714285714285716	3.5714285714285716	0	0	0	14.285714285714286	0	0	3.5714285714285716	0	0	0	21.428571428571427	0	0	0	0	7.142857142857143	10.714285714285714	0	7.142857142857143	0	0	0	3.5714285714285716	0	0	7.142857142857143	3.5714285714285716	3.5714285714285716	33.333333333333336	66.66666666666667	100.0	0.0	1.0	100.0	0	0	0
dutch_clean_30.conllu	1	13	13.0	5.583333333333333	15.384615384615385	0	15.384615384615385	7.6923076923076925	0	23.076923076923077	23.076923076923077	0	0	0	7.6923076923076925	0	0	7.6923076923076925	0	0.6666666666666666	0	0	0	0	100.0	0	0	0	100.0	100.0	0	0	0	100.0	1.0	100.0	6.0	0	0	0	0	0	0	100.0	2.0	13.0	11.0	4.181818181818182	11	0	0	0	0	0	100.0	0.0	100.0	0.0	0	0	0	23.076923076923077	7.6923076923076925	0	7.6923076923076925	0	0	0	0	0	0	0	0	23.076923076923077	0	0	0	0	0	0	0	15.384615384615385	0	0	7.6923076923076925	0	0	0	7.6923076923076925	7.6923076923076925	0	100.0	0.0	0	0	0	0	0	0	0
dutch_clean_31.conllu	1	15	15.0	4.5	0	20.0	0	6.666666666666667	0	26.666666666666668	26.666666666666668	0	0	6.666666666666667	6.666666666666667	0	0	6.666666666666667	0	0.42857142857142855	0	0	0	0	100.0	0	0	0	100.0	100.0	0	0	0	100.0	1.0	100.0	2.0	0	0	100.0	0	0	0	0	4.0	15.0	11.0	3.076923076923077	11	1.0	2	100.0	0	0	0	0	100.0	0.0	0	0	0	0	0	0	6.666666666666667	0	20.0	0	0	0	0	0	0	26.666666666666668	0	0	0	0	0	20.0	0	6.666666666666667	0	0	0	6.666666666666667	0	0	6.666666666666667	6.666666666666667	0	100.0	0.0	0	0	0	0	0	0	0
dutch_clean_32.conllu	1	21	21.0	4.833333333333333	4.761904761904762	9.523809523809524	0	4.761904761904762	0	14.285714285714286	19.047619047619047	0	9.523809523809524	4.761904761904762	14.285714285714286	4.761904761904762	0	14.285714285714286	0	0.5	100.0	0	100.0	0	0	100.0	0	100.0	0	100.0	0	0	0	100.0	3.0	100.0	3.0	0	0	33.333333333333336	33.333333333333336	33.333333333333336	0	0	4.0	7.0	11.0	2.8823529411764706	11	0	0	0	0	0	50.0	50.0	100.0	0.0	0	4.761904761904762	4.761904761904762	0	0	0	4.761904761904762	0	9.523809523809524	0	0	0	4.761904761904762	0	0	14.285714285714286	0	0	0	0	4.761904761904762	0	0	14.285714285714286	0	0	9.523809523809524	9.523809523809524	0	0	14.285714285714286	4.761904761904762	0	33.333333333333336	66.66666666666667	50.0	50.0	1.0	100.0	0	0	0
dutch_clean_33.conllu	1	17	17.0	4.6875	5.882352941176471	11.764705882352942	5.882352941176471	11.764705882352942	0	17.647058823529413	11.764705882352942	0	5.882352941176471	5.882352941176471	5.882352941176471	5.882352941176471	0	11.764705882352942	0	0.4375	0	0	0	50.0	50.0	0	0	100.0	0	100.0	0	0	0	100.0	3.0	100.0	2.0	0	50.0	0	50.0	0	0	0	4.0	5.666666666666667	10.0	3.2	10	1.0	2	100.0	0	0	0	0	100.0	0.0	0	0	0	11.764705882352942	0	0	0	5.882352941176471	11.764705882352942	0	5.882352941176471	0	0	5.882352941176471	0	17.647058823529413	0	0	0	0	5.882352941176471	17.647058823529413	0	5.882352941176471	0	0	0	0	0	0	5.882352941176471	5.882352941176471	0	33.333333333333336	66.66666666666667	100.0	0.0	2.0	0	100.0	0	0
dutch_clean_34.conllu	1	19	19.0	4.944444444444445	5.2631578947368425	15.789473684210526	5.2631578947368425	10.526315789473685	0	21.05263157894737	21.05263157894737	0	5.2631578947368425	0	5.2631578947368425	0	0	10.526315789473685	0	0.4444444444444444	0	0	0	0	100.0	0	0	50.0	50.0	100.0	0	0	50.0	50.0	2.0	100.0	2.0	50.0	0	0	0	50.0	0	0	3.0	9.5	15.0	4.294117647058823	15	1.0	2	100.0	0	0	0	0	100.0	0.0	0	0	0	5.2631578947368425	10.526315789473685	0	10.526315789473685	0	15.789473684210526	0	0	0	0	0	0	21.05263157894737	0	5.2631578947368425	0	0	0	10.526315789473685	0	5.2631578947368425	0	0	0	5.2631578947368425	0	0	5.2631578947368425	5.2631578947368425	0	100.0	0.0	0	0	0	0	0	0	0
dutch_clean_35.conllu	1	13	13.0	5.5	7.6923076923076925	7.6923076923076925	7.6923076923076925	7.6923076923076925	0	15.384615384615385	15.384615384615385	7.6923076923076925	0	7.6923076923076925	7.6923076923076925	0	0	15.384615384615385	0	0.5833333333333334	0	100.0	50.0	0	50.0	0	100.0	100.0	0	100.0	0	0	0	100.0	2.0	100.0	3.0	0	0	50.0	0	50.0	0	0	3.0	6.5	11.0	2.909090909090909	11	1.0	1	100.0	0	0	0	0	50.0	50.0	0	0	7.6923076923076925	15.384615384615385	0	7.6923076923076925	0	7.6923076923076925	7.6923076923076925	0	0	0	0	0	0	15.384615384615385	0	0	0	0	0	7.6923076923076925	0	7.6923076923076925	7.6923076923076925	0	0	0	0	0	7.6923076923076925	7.6923076923076925	0	50.0	50.0	0.0	100.0	1.0	100.0	0	0	0
dutch_clean_36.conllu	1	12	12.0	5.181818181818182	16.666666666666668	0	33.333333333333336	8.333333333333334	0	8.333333333333334	8.333333333333334	0	0	0	8.333333333333334	8.333333333333334	0	8.333333333333334	0	0.7272727272727273	0	0	0	0	100.0	0	0	100.0	0	100.0	0	0	0	100.0	2.0	0.0	1.0	0	100.0	0	0	0	0	0	2.0	6.0	5.0	2.0	5	0	0	0	0	0	0	0	100.0	0.0	0	0	8.333333333333334	41.666666666666664	0	0	0	0	0	0	0	0	0	8.333333333333334	0	8.333333333333334	0	0	0	0	8.333333333333334	0	0	8.333333333333334	0	0	0	0	0	0	8.333333333333334	8.333333333333334	0	0.0	100.0	50.0	50.0	1.0	100.0	0	0	0
dutch_clean_37.conllu	1	23	23.0	5.857142857142857	13.043478260869565	8.695652173913043	21.73913043478261	17.391304347826086	0	8.695652173913043	13.043478260869565	0	4.3478260869565215	0	8.695652173913043	0	0	4.3478260869565215	0	0.5714285714285714	0	0	0	0	100.0	0	0	0	100.0	25.0	50.0	25.0	100.0	0	1.0	100.0	5.0	0	0	0	0	0	100.0	0	3.0	23.0	10.0	3.25	10	1.0	1	100.0	0	0	0	0	100.0	0.0	0	4.3478260869565215	0	21.73913043478261	8.695652173913043	0	8.695652173913043	4.3478260869565215	4.3478260869565215	0	0	0	0	0	0	13.043478260869565	0	0	0	0	4.3478260869565215	4.3478260869565215	0	4.3478260869565215	4.3478260869565215	0	0	0	0	0	8.695652173913043	4.3478260869565215	4.3478260869565215	50.0	50.0	100.0	0.0	1.0	100.0	0	0	0
dutch_clean_38.conllu	1	23	23.0	5.2727272727272725	4.3478260869565215	8.695652173913043	21.73913043478261	4.3478260869565215	0	8.695652173913043	13.043478260869565	0	8.695652173913043	4.3478260869565215	4.3478260869565215	4.3478260869565215	0	17.391304347826086	0	0.6363636363636364	0	100.0	25.0	25.0	50.0	100.0	0	0	100.0	100.0	0	0	100.0	0	5.0	0.0	2.25	25.0	25.0	0	25.0	0	25.0	0	7.0	4.6	18.0	3.4545454545454546	18	1.0	1	100.0	0	0	100.0	0.0	100.0	0.0	4.3478260869565215	4.3478260869565215	0	17.391304347826086	13.043478260869565	0	0	0	8.695652173913043	0	4.3478260869565215	0	0	4.3478260869565215	0	8.695652173913043	0	0	0	0	4.3478260869565215	4.3478260869565215	0	8.695652173913043	0	0	8.695652173913043	4.3478260869565215	0	0	0	4.3478260869565215	0	0.0	100.0	0.0	100.0	4.0	0	0	0	100.0
dutch_clean_39.conllu	1	12	12.0	6.7272727272727275	8.333333333333334	16.666666666666668	0	8.333333333333334	0	16.666666666666668	8.333333333333334	8.333333333333334	0	16.666666666666668	8.333333333333334	0	0	8.333333333333334	0	0.45454545454545453	0	0	0	0	100.0	0	0	0	100.0	100.0	0	0	0	100.0	1.0	100.0	5.0	0	0	0	0	0	100.0	0	2.0	12.0	9.0	3.6	9	0	0	0	0	0	0	0	100.0	0.0	0	0	0	8.333333333333334	0	0	0	8.333333333333334	16.666666666666668	0	0	0	0	0	0	16.666666666666668	0	0	0	8.333333333333334	0	0	0	0	8.333333333333334	0	0	8.333333333333334	8.333333333333334	0	8.333333333333334	8.333333333333334	0	100.0	0.0	0	0	0	0	0	0	0
dutch_clean_40.conllu	1	15	15.0	4.214285714285714	6.666666666666667	20.0	0	6.666666666666667	6.666666666666667	6.666666666666667	26.666666666666668	0	6.666666666666667	0	6.666666666666667	0	0	13.333333333333334	0	0.5	0	0	0	100.0	0	0	0	0	100.0	100.0	0	0	0	100.0	2.0	100.0	3.0	0	0	50.0	0	50.0	0	0	5.0	7.5	9.0	3.6923076923076925	9	0	0	0	0	0	100.0	0.0	100.0	0.0	6.666666666666667	0	0	0	0	0	6.666666666666667	0	6.666666666666667	6.666666666666667	0	6.666666666666667	6.666666666666667	0	0	6.666666666666667	0	0	0	0	13.333333333333334	0	6.666666666666667	6.666666666666667	0	0	6.666666666666667	6.666666666666667	0	0	6.666666666666667	6.666666666666667	0	50.0	50.0	0.0	100.0	1.0	100.0	0	0	0
dutch_clean_41.conllu	1	9	9.0	6.25	11.11111111111111	0	11.11111111111111	11.11111111111111	0	22.22222222222222	22.22222222222222	0	0	0	11.11111111111111	0	0	11.11111111111111	0	0.625	0	0	0	100.0	0	0	0	0	100.0	100.0	0	0	0	100.0	1.0	100.0	3.0	0	0	0	100.0	0	0	0	2.0	9.0	5.0	2.2857142857142856	5	0	0	0	0	0	100.0	0.0	100.0	0.0	0	0	0	11.11111111111111	11.11111111111111	0	11.11111111111111	0	0	0	0	0	0	0	0	22.22222222222222	0	0	0	0	0	0	0	11.11111111111111	0	0	11.11111111111111	0	0	0	11.11111111111111	11.11111111111111	0	100.0	0.0	0	0	0	0	0	0	0
dutch_clean_42.conllu	1	26	26.0	5.44	3.8461538461538463	11.538461538461538	7.6923076923076925	3.8461538461538463	0	11.538461538461538	7.6923076923076925	7.6923076923076925	3.8461538461538463	19.23076923076923	3.8461538461538463	7.6923076923076925	0	11.538461538461538	0	0.52	50.0	50.0	66.66666666666667	0	33.333333333333336	0	100.0	0	100.0	100.0	0	0	0	100.0	3.0	100.0	4.0	0	0	0	33.333333333333336	33.333333333333336	33.333333333333336	0	4.0	8.666666666666666	10.0	2.8333333333333335	10	0	0	0	0	0	100.0	0.0	100.0	0.0	0	3.8461538461538463	7.6923076923076925	7.6923076923076925	3.8461538461538463	0	0	3.8461538461538463	11.538461538461538	0	0	0	0	0	0	11.538461538461538	0	0	0	15.384615384615385	7.6923076923076925	0	0	3.8461538461538463	0	0	3.8461538461538463	11.538461538461538	0	0	3.8461538461538463	3.8461538461538463	0	33.333333333333336	66.66666666666667	100.0	0.0	2.0	0	100.0	0	0
dutch_clean_43.conllu	1	13	13.0	5.333333333333333	15.384615384615385	7.6923076923076925	0	0	0	30.76923076923077	30.76923076923077	0	0	0	7.6923076923076925	0	0	7.6923076923076925	0	0.5833333333333334	0	100.0	100.0	0	0	0	100.0	0	0	0	0	0	0	0	1.0	100.0	3.0	0	0	0	100.0	0	0	0	3.0	13.0	9.0	2.5454545454545454	9	1.0	1	100.0	0	0	0.0	100.0	0.0	100.0	0	0	0	0	15.384615384615385	0	0	0	7.6923076923076925	0	0	0	0	0	0	30.76923076923077	0	0	0	0	0	7.6923076923076925	0	7.6923076923076925	0	0	7.6923076923076925	7.6923076923076925	0	0	7.6923076923076925	7.6923076923076925	0	100.0	0.0	0	0	0	0	0	0	0
dutch_clean_44.conllu	1	31	31.0	5.206896551724138	6.451612903225806	19.35483870967742	3.225806451612903	0	3.225806451612903	22.580645161290324	29.032258064516128	0	3.225806451612903	3.225806451612903	6.451612903225806	0	0	3.225806451612903	0	0.4827586206896552	0	100.0	100.0	0	0	0	100.0	0	0	0	0	0	0	0	1.0	100.0	3.0	0	0	0	100.0	0	0	0	5.0	31.0	12.0	2.392857142857143	12	1.3333333333333333	3	66.66666666666667	33.333333333333336	0	0.0	100.0	100.0	0.0	0	0	3.225806451612903	0	9.67741935483871	3.225806451612903	0	0	12.903225806451612	3.225806451612903	0	0	3.225806451612903	0	0	22.580645161290324	0	0	0	0	6.451612903225806	16.129032258064516	3.225806451612903	3.225806451612903	0	0	3.225806451612903	0	0	0	6.451612903225806	3.225806451612903	0	100.0	0.0	0	0	0	0	0	0	0
dutch_clean_45.conllu	1	10	10.0	7.333333333333333	0	10.0	0	10.0	10.0	0	30.0	0	10.0	0	10.0	0	0	20.0	0	0.5555555555555556	0	0	0	0	100.0	0	0	0	100.0	100.0	0	0	100.0	0	2.0	100.0	3.0	0	50.0	0	0	0	50.0	0	3.0	5.0	4.0	2.125	4	0	0	0	0	0	100.0	0.0	100.0	0.0	0	0	0	0	0	0	0	10.0	10.0	10.0	0	0	10.0	0	0	0	0	0	0	0	0	0	0	0	20.0	0	10.0	10.0	0	0	10.0	10.0	0	50.0	50.0	0.0	100.0	1.0	100.0	0	0	0
dutch_clean_46.conllu	1	18	18.0	6.352941176470588	16.666666666666668	16.666666666666668	5.555555555555555	0	0	11.11111111111111	27.77777777777778	5.555555555555555	0	5.555555555555555	5.555555555555555	0	0	5.555555555555555	0	0.6470588235294118	0	100.0	100.0	0	0	0	100.0	0	0	0	0	0	0	0	1.0	100.0	4.0	0	0	0	0	100.0	0	0	4.0	18.0	9.0	2.5	9	1.0	1	100.0	0	0	0	0	0.0	100.0	0	0	0	5.555555555555555	16.666666666666668	5.555555555555555	0	0	11.11111111111111	0	0	0	0	0	0	11.11111111111111	0	0	0	0	5.555555555555555	5.555555555555555	0	5.555555555555555	0	5.555555555555555	0	11.11111111111111	0	0	5.555555555555555	5.555555555555555	5.555555555555555	100.0	0.0	0	0	0	0	0	0	0
dutch_clean_47.conllu	1	21	21.0	4.55	0	28.571428571428573	4.761904761904762	4.761904761904762	4.761904761904762	9.523809523809524	23.80952380952381	0	4.761904761904762	0	4.761904761904762	0	0	14.285714285714286	0	0.45	0	100.0	33.333333333333336	33.333333333333336	33.333333333333336	0	100.0	0	100.0	100.0	0	0	0	100.0	3.0	100.0	3.3333333333333335	0	0	0	66.66666666666667	33.333333333333336	0	0	5.0	7.0	10.0	2.8947368421052633	10	1.0	1	100.0	0	0	0.0	100.0	100.0	0.0	0	0	4.761904761904762	0	4.761904761904762	0	4.761904761904762	0	19.047619047619047	4.761904761904762	0	0	4.761904761904762	0	0	9.523809523809524	0	0	0	0	9.523809523809524	4.761904761904762	0	4.761904761904762	0	0	4.761904761904762	14.285714285714286	0	0	4.761904761904762	4.761904761904762	0	50.0	50.0	100.0	0.0	1.0	100.0	0	0	0
dutch_clean_48.conllu	1	11	11.0	6.1	18.181818181818183	18.181818181818183	0	9.090909090909092	0	9.090909090909092	18.181818181818183	0	0	0	9.090909090909092	0	0	18.181818181818183	0	0.6	100.0	0	50.0	0	50.0	0	100.0	0	100.0	100.0	0	0	0	100.0	2.0	100.0	2.5	0	0	50.0	50.0	0	0	0	3.0	5.5	9.0	3.7777777777777777	9	0	0	0	0	0	0	0	100.0	0.0	0	0	0	9.090909090909092	9.090909090909092	0	0	9.090909090909092	18.181818181818183	0	0	0	0	0	0	9.090909090909092	0	0	0	0	0	0	0	0	9.090909090909092	0	0	18.181818181818183	0	0	9.090909090909092	9.090909090909092	0	50.0	50.0	0.0	100.0	1.0	100.0	0	0	0
dutch_clean_49.conllu	1	19	19.0	6.611111111111111	5.2631578947368425	21.05263157894737	0	10.526315789473685	0	10.526315789473685	26.31578947368421	5.2631578947368425	5.2631578947368425	0	5.2631578947368425	0	0	10.526315789473685	0	0.4444444444444444	0	0	0	50.0	50.0	0	0	0	100.0	100.0	0	0	0	100.0	2.0	100.0	2.5	0	0	50.0	50.0	0	0	0	4.0	9.5	12.0	2.4705882352941178	12	1.0	2	100.0	0	0	100.0	0.0	100.0	0.0	0	5.2631578947368425	0	0	5.2631578947368425	0	5.2631578947368425	0	15.789473684210526	0	0	0	0	5.2631578947368425	0	10.526315789473685	0	0	10.526315789473685	0	0	10.526315789473685	0	5.2631578947368425	0	0	10.526315789473685	5.2631578947368425	0	0	5.2631578947368425	5.2631578947368425	0	50.0	50.0	100.0	0.0	1.0	100.0	0	0	0
dutch_clean_50.conllu	1	34	34.0	4.3	2.9411764705882355	14.705882352941176	0	2.9411764705882355	5.882352941176471	14.705882352941176	23.529411764705884	5.882352941176471	2.9411764705882355	0	11.764705882352942	0	0	14.705882352941176	0	0.4666666666666667	0	100.0	20.0	20.0	60.0	0	100.0	0	100.0	100.0	0	0	0	100.0	6.0	100.0	1.2	20.0	40.0	40.0	0	0	0	0	8.0	5.666666666666667	8.0	2.2758620689655173	8	1.0	1	100.0	0	0	100.0	0.0	100.0	0.0	2.9411764705882355	0	2.9411764705882355	0	2.9411764705882355	0	0	0	14.705882352941176	5.882352941176471	0	0	5.882352941176471	2.9411764705882355	0	14.705882352941176	0	0	5.882352941176471	0	0	2.9411764705882355	0	5.882352941176471	0	5.882352941176471	2.9411764705882355	8.823529411764707	0	0	11.764705882352942	2.9411764705882355	0	20.0	80.0	100.0	0.0	1.0	100.0	0	0	0
dutch_clean_51.conllu	1	30	30.0	4.464285714285714	0	16.666666666666668	10.0	6.666666666666667	3.3333333333333335	20.0	20.0	0	3.3333333333333335	0	6.666666666666667	3.3333333333333335	0	10.0	0	0.42857142857142855	0	100.0	33.333333333333336	0	66.66666666666667	0	100.0	0	100.0	100.0	0	0	0	100.0	3.0	100.0	4.666666666666667	0	0	0	0	33.333333333333336	66.66666666666667	0	4.0	10.0	26.0	3.962962962962963	26	0	0	0	0	0	0	0	100.0	0.0	3.3333333333333335	0	3.3333333333333335	10.0	0	0	0	6.666666666666667	13.333333333333334	3.3333333333333335	0	0	3.3333333333333335	0	0	20.0	0	0	0	0	6.666666666666667	0	0	3.3333333333333335	3.3333333333333335	0	0	13.333333333333334	0	0	6.666666666666667	3.3333333333333335	0	50.0	50.0	100.0	0.0	1.0	100.0	0	0	0
dutch_clean_52.conllu	1	39	39.0	4.457142857142857	0	15.384615384615385	10.256410256410257	7.6923076923076925	2.5641025641025643	15.384615384615385	17.94871794871795	0	2.5641025641025643	0	10.256410256410257	5.128205128205129	0	12.820512820512821	0	0.45714285714285713	0	100.0	20.0	60.0	20.0	0	100.0	0	100.0	100.0	0	0	0	100.0	5.0	100.0	3.4	0	20.0	20.0	0	40.0	0	20.0	6.0	7.8	22.0	3.911764705882353	22	2.0	1	0	100.0	0	0	0	100.0	0.0	0	0	2.5641025641025643	10.256410256410257	0	0	5.128205128205129	2.5641025641025643	15.384615384615385	2.5641025641025643	2.5641025641025643	0	2.5641025641025643	0	0	15.384615384615385	0	0	0	0	5.128205128205129	5.128205128205129	0	5.128205128205129	2.5641025641025643	0	0	10.256410256410257	0	0	10.256410256410257	2.5641025641025643	0	25.0	75.0	100.0	0.0	1.5	50.0	50.0	0	0
dutch_clean_53.conllu	1	11	11.0	4.6	0	9.090909090909092	0	0	9.090909090909092	27.272727272727273	27.272727272727273	0	9.090909090909092	0	9.090909090909092	0	0	9.090909090909092	0	0.4	0	100.0	100.0	0	0	0	100.0	0	0	0	0	0	0	0	1.0	100.0	2.0	0	0	100.0	0	0	0	0	4.0	11.0	3.0	1.7777777777777777	3	1.0	1	100.0	0	0	0.0	100.0	100.0	0.0	0	0	0	0	0	0	0	0	9.090909090909092	9.090909090909092	0	0	9.090909090909092	0	0	27.272727272727273	0	0	0	0	0	9.090909090909092	0	9.090909090909092	0	0	9.090909090909092	0	0	0	9.090909090909092	9.090909090909092	0	100.0	0.0	0	0	0	0	0	0	0
dutch_clean_54.conllu	1	37	37.0	4.818181818181818	5.405405405405405	10.81081081081081	16.216216216216218	5.405405405405405	0	8.108108108108109	24.324324324324323	5.405405405405405	2.7027027027027026	0	10.81081081081081	0	0	10.81081081081081	0	0.6363636363636364	0	100.0	50.0	25.0	25.0	100.0	0	0	100.0	100.0	0	0	0	100.0	5.0	100.0	3.5	0	25.0	0	25.0	0	50.0	0	5.0	7.4	24.0	3.96875	24	0	0	0	0	0	50.0	50.0	100.0	0.0	0	5.405405405405405	2.7027027027027026	10.81081081081081	8.108108108108109	0	2.7027027027027026	0	8.108108108108109	0	0	0	0	2.7027027027027026	0	8.108108108108109	0	0	0	0	2.7027027027027026	2.7027027027027026	0	10.81081081081081	0	5.405405405405405	5.405405405405405	8.108108108108109	0	0	10.81081081081081	2.7027027027027026	2.7027027027027026	20.0	80.0	100.0	0.0	1.3333333333333333	66.66666666666667	33.333333333333336	0	0
dutch_clean_55.conllu	1	34	34.0	5.09375	8.823529411764707	14.705882352941176	14.705882352941176	8.823529411764707	0	14.705882352941176	17.647058823529413	2.9411764705882355	5.882352941176471	0	5.882352941176471	0	0	5.882352941176471	0	0.5	0	100.0	50.0	0	50.0	0	100.0	0	100.0	100.0	0	0	0	100.0	4.0	100.0	1.5	0	0	0	100.0	0	0	0	5.0	8.5	11.0	3.032258064516129	11	2.0	1	0	100.0	0	100.0	0.0	75.0	25.0	0	2.9411764705882355	0	14.705882352941176	5.882352941176471	0	0	0	14.705882352941176	0	0	0	0	8.823529411764707	0	14.705882352941176	0	0	0	0	0	5.882352941176471	0	11.764705882352942	0	0	2.9411764705882355	5.882352941176471	0	0	5.882352941176471	2.9411764705882355	2.9411764705882355	25.0	75.0	33.333333333333336	66.66666666666667	1.5	50.0	50.0	0	0
dutch_clean_56.conllu	1	12	12.0	6.363636363636363	16.666666666666668	0	0	8.333333333333334	0	16.666666666666668	16.666666666666668	0	8.333333333333334	0	8.333333333333334	16.666666666666668	0	8.333333333333334	0	0.45454545454545453	0	0	0	0	100.0	0	0	0	100.0	100.0	0	0	0	100.0	2.0	100.0	2.0	0	0	100.0	0	0	0	0	3.0	6.0	6.0	2.6	6	0	0	0	0	0	100.0	0.0	100.0	0.0	0	0	16.666666666666668	8.333333333333334	0	0	0	0	0	0	0	0	0	8.333333333333334	0	16.666666666666668	0	0	0	0	16.666666666666668	0	0	8.333333333333334	0	0	8.333333333333334	0	0	0	8.333333333333334	8.333333333333334	0	50.0	50.0	100.0	0.0	1.0	100.0	0	0	0
dutch_clean_57.conllu	1	10	10.0	6.222222222222222	10.0	10.0	0	10.0	10.0	10.0	30.0	0	0	0	10.0	0	0	10.0	0	0.5555555555555556	0	0	0	0	100.0	0	0	0	100.0	100.0	0	0	0	100.0	1.0	100.0	2.0	0	0	100.0	0	0	0	0	4.0	10.0	4.0	1.75	4	1.0	1	100.0	0	0	0	0	0.0	100.0	0	0	0	0	10.0	0	0	0	10.0	10.0	0	0	10.0	10.0	0	10.0	0	0	0	0	0	10.0	0	10.0	0	0	0	0	0	0	10.0	10.0	0	100.0	0.0	0	0	0	0	0	0	0
dutch_clean_58.conllu	1	27	27.0	5.0	3.7037037037037037	11.11111111111111	11.11111111111111	3.7037037037037037	0	18.51851851851852	18.51851851851852	0	0	3.7037037037037037	7.407407407407407	7.407407407407407	0	14.814814814814815	0	0.56	0	100.0	25.0	25.0	50.0	0	100.0	0	100.0	100.0	0	0	0	100.0	5.0	100.0	1.75	25.0	0	50.0	25.0	0	0	0	5.0	5.4	11.0	2.7083333333333335	11	1.0	1	100.0	0	0	0	0	100.0	0.0	0	0	7.407407407407407	7.407407407407407	7.407407407407407	3.7037037037037037	3.7037037037037037	0	7.407407407407407	0	0	3.7037037037037037	0	3.7037037037037037	0	18.51851851851852	0	0	3.7037037037037037	0	7.407407407407407	3.7037037037037037	0	7.407407407407407	0	0	0	3.7037037037037037	0	0	7.407407407407407	3.7037037037037037	0	25.0	75.0	0.0	100.0	1.5	50.0	50.0	0	0
dutch_clean_59.conllu	1	31	31.0	6.9655172413793105	16.129032258064516	12.903225806451612	0	3.225806451612903	6.451612903225806	9.67741935483871	22.580645161290324	0	6.451612903225806	0	6.451612903225806	0	0	16.129032258064516	0	0.5862068965517241	0	100.0	40.0	20.0	40.0	50.0	50.0	0	100.0	100.0	0	0	0	100.0	5.0	100.0	2.4	20.0	0	20.0	40.0	20.0	0	0	8.0	6.2	17.0	3.4642857142857144	17	1.0	2	100.0	0	0	50.0	50.0	100.0	0.0	0	3.225806451612903	3.225806451612903	3.225806451612903	16.129032258064516	0	0	3.225806451612903	6.451612903225806	6.451612903225806	0	0	9.67741935483871	0	0	9.67741935483871	0	0	0	0	6.451612903225806	6.451612903225806	0	6.451612903225806	3.225806451612903	0	6.451612903225806	0	0	0	6.451612903225806	3.225806451612903	0	33.333333333333336	66.66666666666667	100.0	0.0	1.0	100.0	0	0	0
dutch_clean_60.conllu	1	25	25.0	5.478260869565218	0	20.0	8.0	4.0	0	12.0	24.0	0	4.0	0	8.0	4.0	0	16.0	0	0.5217391304347826	0	0	0	50.0	50.0	0	0	0	100.0	100.0	0	0	100.0	0	4.0	100.0	2.75	25.0	0	25.0	25.0	0	0	25.0	4.0	6.25	13.0	3.1818181818181817	13	1.0	1	100.0	0	0	100.0	0.0	100.0	0.0	0	4.0	0	4.0	4.0	0	0	4.0	20.0	8.0	0	0	4.0	0	0	12.0	0	0	0	0	0	4.0	0	0	4.0	0	8.0	8.0	0	0	8.0	4.0	4.0	33.333333333333336	66.66666666666667	100.0	0.0	1.0	100.0	0	0	0
dutch_clean_61.conllu	1	55	55.0	5.8076923076923075	14.545454545454545	0	12.727272727272727	10.909090909090908	0	5.454545454545454	16.363636363636363	0	7.2727272727272725	0	5.454545454545454	12.727272727272727	0	14.545454545454545	0	0.6153846153846154	0	100.0	62.5	0	37.5	80.0	20.0	0	100.0	100.0	0	0	16.666666666666668	83.33333333333333	9.0	100.0	3.125	0	0	28.571428571428573	28.571428571428573	14.285714285714286	14.285714285714286	14.285714285714286	9.0	6.111111111111111	34.0	4.882352941176471	34	0	0	0	0	0	100.0	0.0	77.77777777777777	22.22222222222222	0	3.6363636363636362	5.454545454545454	18.181818181818183	5.454545454545454	0	1.8181818181818181	5.454545454545454	0	0	5.454545454545454	0	0	3.6363636363636362	0	7.2727272727272725	0	0	0	0	12.727272727272727	3.6363636363636362	0	16.363636363636363	0	0	1.8181818181818181	1.8181818181818181	0	0	5.454545454545454	1.8181818181818181	0	11.11111111111111	88.88888888888889	37.5	62.5	1.6	60.0	20.0	20.0	0
dutch_clean_62.conllu	1	32	32.0	5.428571428571429	9.375	9.375	0	6.25	3.125	12.5	25.0	0	3.125	0	12.5	9.375	0	9.375	0	0.5	0	100.0	66.66666666666667	0	33.333333333333336	100.0	0	0	100.0	50.0	50.0	0	0	100.0	3.0	100.0	3.6666666666666665	0	0	0	33.333333333333336	66.66666666666667	0	0	5.0	10.666666666666666	21.0	3.5555555555555554	21	1.0	2	100.0	0	0	100.0	0.0	100.0	0.0	0	0	3.125	0	9.375	0	3.125	0	6.25	3.125	3.125	3.125	6.25	3.125	0	12.5	0	0	0	0	9.375	9.375	0	9.375	0	0	3.125	0	0	0	12.5	3.125	0	33.333333333333336	66.66666666666667	100.0	0.0	2.0	0	100.0	0	0
dutch_clean_63.conllu	1	27	27.0	4.76	7.407407407407407	3.7037037037037037	11.11111111111111	11.11111111111111	3.7037037037037037	18.51851851851852	22.22222222222222	0	0	0	7.407407407407407	3.7037037037037037	0	11.11111111111111	0	0.56	0	100.0	33.333333333333336	0	66.66666666666667	0	100.0	0	100.0	66.66666666666667	33.333333333333336	0	0	100.0	3.0	100.0	3.6666666666666665	0	0	0	66.66666666666667	0	33.333333333333336	0	5.0	9.0	15.0	3.7083333333333335	15	1.0	1	100.0	0	0	100.0	0.0	100.0	0.0	0	0	3.7037037037037037	11.11111111111111	3.7037037037037037	0	7.407407407407407	3.7037037037037037	3.7037037037037037	7.407407407407407	3.7037037037037037	0	3.7037037037037037	0	0	18.51851851851852	0	0	0	0	3.7037037037037037	3.7037037037037037	0	7.407407407407407	3.7037037037037037	0	3.7037037037037037	0	0	0	7.407407407407407	3.7037037037037037	0	33.333333333333336	66.66666666666667	100.0	0.0	2.0	0	100.0	0	0
dutch_clean_64.conllu	1	22	22.0	4.238095238095238	9.090909090909092	22.727272727272727	4.545454545454546	9.090909090909092	0	18.181818181818183	22.727272727272727	0	0	0	4.545454545454546	0	0	9.090909090909092	0	0.47619047619047616	0	0	0	50.0	50.0	0	0	0	100.0	50.0	50.0	0	0	100.0	2.0	100.0	4.0	0	0	0	50.0	0	50.0	0	4.0	11.0	9.0	3.4	9	1.0	1	100.0	0	0	100.0	0.0	100.0	0.0	0	0	4.545454545454546	0	13.636363636363637	0	4.545454545454546	4.545454545454546	13.636363636363637	0	0	0	0	0	0	18.181818181818183	0	0	0	0	9.090909090909092	4.545454545454546	0	0	4.545454545454546	0	4.545454545454546	9.090909090909092	0	0	4.545454545454546	4.545454545454546	0	50.0	50.0	100.0	0.0	1.0	100.0	0	0	0
dutch_clean_65.conllu	1	15	15.0	5.928571428571429	0	26.666666666666668	6.666666666666667	6.666666666666667	0	20.0	20.0	0	0	0	6.666666666666667	0	0	13.333333333333334	0	0.42857142857142855	0	0	0	50.0	50.0	0	0	0	100.0	100.0	0	0	0	100.0	2.0	100.0	4.0	0	0	0	0	100.0	0	0	3.0	7.5	9.0	2.769230769230769	9	0	0	0	0	0	100.0	0.0	100.0	0.0	0	0	6.666666666666667	0	0	0	0	6.666666666666667	13.333333333333334	0	0	6.666666666666667	0	0	0	20.0	0	0	0	0	6.666666666666667	0	0	0	6.666666666666667	0	6.666666666666667	13.333333333333334	0	0	6.666666666666667	6.666666666666667	0	50.0	50.0	100.0	0.0	1.0	100.0	0	0	0
dutch_clean_66.conllu	1	12	12.0	3.909090909090909	0	25.0	0	8.333333333333334	8.333333333333334	8.333333333333334	25.0	0	8.333333333333334	0	8.333333333333334	0	0	8.333333333333334	0	0.36363636363636365	0	100.0	100.0	0	0	0	100.0	0	100.0	100.0	0	0	0	100.0	1.0	100.0	4.0	0	0	0	0	100.0	0	0	2.0	12.0	5.0	2.4	5	0	0	0	0	0	0	0	100.0	0.0	0	0	0	0	0	0	8.333333333333334	0	16.666666666666668	8.333333333333334	0	8.333333333333334	8.333333333333334	0	0	8.333333333333334	0	0	8.333333333333334	0	0	0	0	8.333333333333334	0	0	0	8.333333333333334	0	0	8.333333333333334	8.333333333333334	0	100.0	0.0	0	0	0	0	0	0	0
dutch_clean_67.conllu	1	15	15.0	5.642857142857143	13.333333333333334	6.666666666666667	0	0	6.666666666666667	20.0	26.666666666666668	0	0	0	6.666666666666667	0	6.666666666666667	13.333333333333334	0	0.5714285714285714	0	100.0	100.0	0	0	0	100.0	0	0	0	0	0	0	0	2.0	100.0	3.0	0	0	50.0	0	50.0	0	0	3.0	7.5	9.0	2.4615384615384617	9	0	0	0	0	0	0.0	100.0	100.0	0.0	0	0	0	0	6.666666666666667	6.666666666666667	0	0	6.666666666666667	6.666666666666667	0	0	6.666666666666667	0	0	20.0	0	0	0	0	0	6.666666666666667	0	6.666666666666667	0	0	13.333333333333334	6.666666666666667	0	0	6.666666666666667	6.666666666666667	0	100.0	0.0	0	0	0	0	0	0	0
dutch_clean_68.conllu	1	29	29.0	4.230769230769231	13.793103448275861	6.896551724137931	17.24137931034483	13.793103448275861	3.4482758620689653	6.896551724137931	10.344827586206897	0	6.896551724137931	0	10.344827586206897	3.4482758620689653	0	6.896551724137931	0	0.5384615384615384	0	100.0	50.0	0	50.0	100.0	0	0	100.0	100.0	0	0	0	100.0	4.0	100.0	4.5	0	0	0	50.0	0	0	50.0	4.0	7.25	13.0	3.36	13	0	0	0	0	0	50.0	50.0	66.66666666666667	33.333333333333336	0	0	3.4482758620689653	17.24137931034483	3.4482758620689653	0	3.4482758620689653	3.4482758620689653	6.896551724137931	3.4482758620689653	0	0	3.4482758620689653	6.896551724137931	0	6.896551724137931	0	0	0	0	3.4482758620689653	0	0	10.344827586206897	0	0	6.896551724137931	6.896551724137931	0	0	10.344827586206897	3.4482758620689653	0	33.333333333333336	66.66666666666667	100.0	0.0	1.0	100.0	0	0	0
dutch_clean_69.conllu	1	15	15.0	5.357142857142857	6.666666666666667	26.666666666666668	13.333333333333334	6.666666666666667	0	6.666666666666667	13.333333333333334	0	6.666666666666667	0	6.666666666666667	0	0	13.333333333333334	0	0.5	0	0	0	100.0	0	0	0	0	100.0	100.0	0	0	0	100.0	2.0	100.0	4.5	0	0	0	0	50.0	50.0	0	3.0	7.5	8.0	3.1538461538461537	8	0	0	0	0	0	0	0	100.0	0.0	0	0	6.666666666666667	20.0	0	0	6.666666666666667	0	6.666666666666667	0	0	6.666666666666667	0	0	0	6.666666666666667	0	0	0	0	13.333333333333334	6.666666666666667	0	6.666666666666667	0	0	0	6.666666666666667	0	0	6.666666666666667	6.666666666666667	0	50.0	50.0	100.0	0.0	1.0	100.0	0	0	0
dutch_clean_70.conllu	1	16	16.0	5.857142857142857	6.25	12.5	0	6.25	6.25	12.5	12.5	0	0	25.0	12.5	0	0	6.25	0	0.5714285714285714	0	0	0	0	100.0	0	0	0	100.0	100.0	0	0	0	100.0	1.0	0.0	1.0	0	100.0	0	0	0	0	0	4.0	16.0	4.0	1.8461538461538463	4	1.0	1	100.0	0	0	0	0	100.0	0.0	0	0	6.25	0	6.25	0	0	0	12.5	6.25	0	0	6.25	6.25	0	12.5	0	0	0	6.25	0	6.25	0	6.25	0	0	0	6.25	0	0	12.5	6.25	0	0.0	100.0	100.0	0.0	1.0	100.0	0	0	0
dutch_clean_71.conllu	1	16	16.0	5.266666666666667	0	12.5	12.5	6.25	0	18.75	25.0	0	0	0	6.25	6.25	0	12.5	0	0.5333333333333333	0	100.0	100.0	0	0	0	100.0	0	100.0	100.0	0	0	0	100.0	2.0	100.0	3.5	0	0	50.0	0	0	50.0	0	3.0	8.0	9.0	3.2142857142857144	9	1.0	1	100.0	0	0	100.0	0.0	100.0	0.0	0	0	6.25	12.5	0	0	0	6.25	12.5	0	0	0	0	0	0	18.75	0	0	0	0	6.25	6.25	0	6.25	0	0	6.25	6.25	0	0	6.25	6.25	0	50.0	50.0	100.0	0.0	1.0	100.0	0	0	0
dutch_clean_72.conllu	1	20	20.0	6.555555555555555	0	10.0	5.0	10.0	5.0	20.0	20.0	0	0	0	10.0	0	0	20.0	0	0.5	0	0	0	0	100.0	0	0	0	100.0	100.0	0	0	100.0	0	4.0	100.0	2.5	0	25.0	25.0	25.0	25.0	0	0	6.0	5.0	6.0	2.2941176470588234	6	1.0	1	100.0	0	0	0	0	100.0	0.0	5.0	0	0	5.0	0	0	0	10.0	10.0	5.0	5.0	0	5.0	0	0	20.0	0	0	0	0	0	5.0	0	0	10.0	0	0	5.0	0	0	10.0	5.0	0	33.333333333333336	66.66666666666667	100.0	0.0	2.0	0	100.0	0	0
dutch_clean_73.conllu	1	16	16.0	5.533333333333333	6.25	25.0	0	6.25	0	18.75	31.25	0	0	0	6.25	0	0	6.25	0	0.4666666666666667	0	0	0	0	100.0	0	0	0	100.0	100.0	0	0	100.0	0	1.0	100.0	4.0	0	0	0	0	100.0	0	0	3.0	16.0	8.0	2.5714285714285716	8	1.0	2	100.0	0	0	0	0	100.0	0.0	0	0	0	0	6.25	0	0	6.25	25.0	0	0	0	0	0	0	18.75	0	0	0	0	0	12.5	0	0	6.25	0	0	12.5	0	0	6.25	6.25	0	100.0	0.0	0	0	0	0	0	0	0
dutch_clean_74.conllu	1	25	25.0	5.684210526315789	20.0	4.0	8.0	8.0	4.0	0	8.0	0	0	0	24.0	8.0	0	16.0	0	0.6842105263157895	0	0	0	25.0	75.0	0	0	0	100.0	100.0	0	0	0	100.0	4.0	100.0	2.75	0	25.0	25.0	0	50.0	0	0	4.0	6.25	10.0	3.2777777777777777	10	0	0	0	0	0	0	0	100.0	0.0	0	0	8.0	20.0	0	0	4.0	4.0	4.0	4.0	0	0	4.0	0	0	0	0	0	0	0	8.0	0	0	0	4.0	0	0	4.0	0	4.0	24.0	4.0	4.0	33.333333333333336	66.66666666666667	0.0	100.0	2.0	0	100.0	0	0
dutch_clean_75.conllu	1	32	32.0	5.133333333333334	0	18.75	0	3.125	9.375	15.625	31.25	0	9.375	0	6.25	0	0	3.125	3.125	0.36666666666666664	0	100.0	100.0	0	0	0	100.0	0	100.0	100.0	0	0	0	100.0	2.0	100.0	3.0	0	0	0	100.0	0	0	0	5.0	16.0	14.0	2.6551724137931036	14	1.3333333333333333	3	66.66666666666667	33.333333333333336	0	100.0	0.0	100.0	0.0	0	3.125	0	0	0	0	0	0	15.625	9.375	0	0	9.375	3.125	0	15.625	0	0	6.25	0	0	12.5	0	6.25	0	0	3.125	3.125	0	3.125	6.25	3.125	0	50.0	50.0	100.0	0.0	1.0	100.0	0	0	0
dutch_clean_76.conllu	1	24	24.0	5.090909090909091	16.666666666666668	16.666666666666668	0	4.166666666666667	4.166666666666667	12.5	16.666666666666668	0	4.166666666666667	4.166666666666667	8.333333333333334	0	0	12.5	0	0.5454545454545454	0	0	0	66.66666666666667	33.333333333333336	0	0	100.0	0	100.0	0	0	0	100.0	3.0	100.0	2.6666666666666665	0	33.333333333333336	0	33.333333333333336	33.333333333333336	0	0	5.0	8.0	13.0	2.761904761904762	13	1.0	3	100.0	0	0	100.0	0.0	0	0	0	0	0	4.166666666666667	12.5	0	4.166666666666667	0	16.666666666666668	4.166666666666667	0	0	4.166666666666667	0	0	12.5	0	0	0	0	0	12.5	0	0	0	0	8.333333333333334	4.166666666666667	0	0	8.333333333333334	4.166666666666667	4.166666666666667	50.0	50.0	100.0	0.0	1.0	100.0	0	0	0
dutch_clean_77.conllu	1	18	18.0	6.411764705882353	5.555555555555555	22.22222222222222	0	0	5.555555555555555	11.11111111111111	27.77777777777778	0	0	0	5.555555555555555	0	0	22.22222222222222	0	0.5882352941176471	50.0	50.0	50.0	25.0	25.0	100.0	0	0	0	0	0	0	0	0	4.0	100.0	1.75	25.0	25.0	25.0	0	25.0	0	0	5.0	4.5	11.0	2.5	11	1.0	3	100.0	0	0	0	0	100.0	0.0	0	0	5.555555555555555	0	11.11111111111111	0	0	0	22.22222222222222	5.555555555555555	0	0	5.555555555555555	0	0	11.11111111111111	0	0	0	0	0	16.666666666666668	0	5.555555555555555	0	0	0	5.555555555555555	0	0	5.555555555555555	5.555555555555555	0	33.333333333333336	66.66666666666667	0.0	100.0	2.0	0	100.0	0	0
dutch_clean_78.conllu	1	15	15.0	5.214285714285714	0	20.0	0	6.666666666666667	6.666666666666667	20.0	26.666666666666668	0	0	0	6.666666666666667	0	0	13.333333333333334	0	0.42857142857142855	0	0	0	50.0	50.0	0	0	100.0	0	100.0	0	0	100.0	0	2.0	100.0	3.0	0	0	0	100.0	0	0	0	4.0	7.5	11.0	2.923076923076923	11	1.0	1	100.0	0	0	0	0	0	0	0	0	0	0	0	0	0	6.666666666666667	20.0	6.666666666666667	0	0	6.666666666666667	0	0	20.0	0	0	0	0	0	13.333333333333334	0	0	0	0	0	13.333333333333334	0	0	6.666666666666667	6.666666666666667	0	50.0	50.0	0.0	100.0	1.0	100.0	0	0	0
dutch_clean_79.conllu	1	21	21.0	5.526315789473684	14.285714285714286	14.285714285714286	4.761904761904762	9.523809523809524	4.761904761904762	9.523809523809524	14.285714285714286	0	4.761904761904762	0	9.523809523809524	0	0	14.285714285714286	0	0.5263157894736842	0	100.0	33.333333333333336	66.66666666666667	0	0	100.0	100.0	0	100.0	0	0	50.0	50.0	4.0	100.0	3.0	0	0	33.333333333333336	33.333333333333336	33.333333333333336	0	0	4.0	5.25	7.0	2.5	7	1.0	1	100.0	0	0	100.0	0.0	100.0	0.0	0	0	0	4.761904761904762	9.523809523809524	0	0	4.761904761904762	9.523809523809524	4.761904761904762	4.761904761904762	0	4.761904761904762	4.761904761904762	0	9.523809523809524	4.761904761904762	0	0	0	4.761904761904762	4.761904761904762	0	0	4.761904761904762	0	4.761904761904762	4.761904761904762	0	0	9.523809523809524	4.761904761904762	0	33.333333333333336	66.66666666666667	50.0	50.0	1.0	100.0	0	0	0
dutch_clean_80.conllu	1	12	12.0	5.7272727272727275	8.333333333333334	25.0	0	8.333333333333334	0	8.333333333333334	25.0	0	0	0	8.333333333333334	0	0	16.666666666666668	0	0.5454545454545454	0	0	0	0	100.0	0	0	100.0	0	100.0	0	0	100.0	0	2.0	100.0	2.0	50.0	0	0	0	50.0	0	0	2.0	6.0	6.0	2.9	6	0	0	0	0	0	0	0	100.0	0.0	0	0	0	0	16.666666666666668	0	0	8.333333333333334	25.0	0	0	0	0	0	0	8.333333333333334	0	0	0	0	0	0	0	0	8.333333333333334	0	0	16.666666666666668	0	0	8.333333333333334	8.333333333333334	0	100.0	0.0	0	0	0	0	0	0	0
dutch_clean_81.conllu	1	8	8.0	5.571428571428571	12.5	12.5	0	12.5	0	12.5	37.5	0	0	0	12.5	0	0	0	0	0.5714285714285714	0	0	0	0	0	0	0	100.0	0	100.0	0	0	0	100.0	1.0	100.0	0	0	0	0	0	0	0	0	3.0	8.0	5.0	1.8333333333333333	5	1.0	1	100.0	0	0	0	0	100.0	0.0	0	0	0	0	0	12.5	0	0	12.5	0	0	0	0	12.5	0	12.5	0	0	0	0	0	12.5	0	12.5	0	0	0	0	0	0	12.5	12.5	0	100.0	0.0	0	0	0	0	0	0	0
dutch_clean_82.conllu	1	19	19.0	5.588235294117647	5.2631578947368425	15.789473684210526	5.2631578947368425	15.789473684210526	0	10.526315789473685	15.789473684210526	0	0	0	10.526315789473685	5.2631578947368425	0	15.789473684210526	0	0.47058823529411764	0	0	0	33.333333333333336	66.66666666666667	0	0	100.0	0	66.66666666666667	33.333333333333336	0	0	100.0	3.0	100.0	3.6666666666666665	0	0	0	33.333333333333336	66.66666666666667	0	0	3.0	6.333333333333333	7.0	2.5	7	0	0	0	0	0	0	0	100.0	0.0	0	0	10.526315789473685	5.2631578947368425	5.2631578947368425	0	5.2631578947368425	10.526315789473685	5.2631578947368425	0	0	0	0	0	0	10.526315789473685	0	0	0	0	15.789473684210526	0	0	0	10.526315789473685	0	0	5.2631578947368425	0	0	10.526315789473685	5.2631578947368425	0	33.333333333333336	66.66666666666667	50.0	50.0	1.0	100.0	0	0	0
dutch_clean_83.conllu	1	21	21.0	5.35	14.285714285714286	23.80952380952381	0	0	0	23.80952380952381	28.571428571428573	0	0	0	4.761904761904762	0	0	4.761904761904762	0	0.5	100.0	0	100.0	0	0	0	100.0	0	0	0	0	0	0	0	1.0	100.0	2.0	0	0	100.0	0	0	0	0	4.0	21.0	11.0	2.9473684210526314	11	1.3333333333333333	3	66.66666666666667	33.333333333333336	0	0	0	100.0	0.0	0	0	0	0	14.285714285714286	0	0	0	23.80952380952381	0	0	0	0	0	0	23.80952380952381	0	0	0	0	0	19.047619047619047	0	4.761904761904762	0	0	0	4.761904761904762	0	0	4.761904761904762	4.761904761904762	0	100.0	0.0	0	0	0	0	0	0	0
dutch_clean_84.conllu	1	26	26.0	5.25	15.384615384615385	15.384615384615385	3.8461538461538463	3.8461538461538463	3.8461538461538463	11.538461538461538	19.23076923076923	0	7.6923076923076925	0	7.6923076923076925	0	0	11.538461538461538	0	0.5416666666666666	100.0	0	33.333333333333336	66.66666666666667	0	0	100.0	100.0	0	100.0	0	0	0	100.0	4.0	100.0	3.3333333333333335	0	0	33.333333333333336	33.333333333333336	0	33.333333333333336	0	4.0	6.5	11.0	3.0	11	1.0	2	100.0	0	0	0.0	100.0	66.66666666666667	33.333333333333336	0	3.8461538461538463	0	7.6923076923076925	3.8461538461538463	0	0	0	11.538461538461538	3.8461538461538463	0	0	3.8461538461538463	3.8461538461538463	3.8461538461538463	11.538461538461538	0	0	0	0	3.8461538461538463	7.6923076923076925	0	7.6923076923076925	0	0	3.8461538461538463	3.8461538461538463	0	0	7.6923076923076925	3.8461538461538463	7.6923076923076925	33.333333333333336	66.66666666666667	100.0	0.0	1.0	100.0	0	0	0
dutch_clean_85.conllu	1	11	11.0	5.1	9.090909090909092	0	0	9.090909090909092	0	27.272727272727273	27.272727272727273	0	9.090909090909092	0	9.090909090909092	0	0	9.090909090909092	0	0.5	0	100.0	100.0	0	0	0	100.0	0	100.0	100.0	0	0	0	100.0	2.0	100.0	2.0	0	0	100.0	0	0	0	0	3.0	5.5	4.0	2.0	4	0	0	0	0	0	100.0	0.0	100.0	0.0	0	9.090909090909092	0	0	9.090909090909092	0	0	0	0	0	0	0	0	9.090909090909092	0	27.272727272727273	0	0	0	0	0	0	0	18.181818181818183	0	0	9.090909090909092	0	0	0	9.090909090909092	9.090909090909092	0	50.0	50.0	100.0	0.0	1.0	100.0	0	0	0
dutch_clean_86.conllu	1	21	21.0	4.7368421052631575	0	14.285714285714286	9.523809523809524	14.285714285714286	4.761904761904762	19.047619047619047	19.047619047619047	0	0	0	9.523809523809524	0	0	9.523809523809524	0	0.42105263157894735	0	0	0	0	100.0	0	0	0	100.0	66.66666666666667	33.333333333333336	0	0	100.0	2.0	100.0	4.5	0	0	0	0	50.0	50.0	0	4.0	10.5	9.0	2.388888888888889	9	1.0	1	100.0	0	0	0	0	100.0	0.0	0	0	0	9.523809523809524	0	0	4.761904761904762	9.523809523809524	14.285714285714286	4.761904761904762	0	0	4.761904761904762	0	0	19.047619047619047	0	0	0	0	0	4.761904761904762	0	0	4.761904761904762	0	0	0	9.523809523809524	0	9.523809523809524	4.761904761904762	0	100.0	0.0	0	0	0	0	0	0	0
dutch_clean_87.conllu	1	15	15.0	5.357142857142857	0	33.333333333333336	0	0	0	13.333333333333334	26.666666666666668	0	0	0	6.666666666666667	0	0	20.0	0	0.5	100.0	0	33.333333333333336	66.66666666666667	0	100.0	0	0	0	0	0	0	0	0	3.0	100.0	2.0	0	33.333333333333336	33.333333333333336	33.333333333333336	0	0	0	5.0	5.0	9.0	2.769230769230769	9	1.0	1	100.0	0	0	0	0	0	0	0	0	6.666666666666667	0	0	6.666666666666667	0	0	20.0	0	0	0	0	0	0	13.333333333333334	0	0	0	0	13.333333333333334	6.666666666666667	0	0	0	0	0	13.333333333333334	0	0	6.666666666666667	6.666666666666667	6.666666666666667	33.333333333333336	66.66666666666667	100.0	0.0	2.0	0	100.0	0	0
dutch_clean_88.conllu	1	32	32.0	5.821428571428571	6.25	25.0	0	3.125	0	15.625	21.875	0	0	0	12.5	3.125	0	12.5	0	0.4642857142857143	100.0	0	25.0	50.0	25.0	0	100.0	100.0	0	100.0	0	0	0	100.0	4.0	100.0	3.25	0	0	0	75.0	25.0	0	0	6.0	8.0	15.0	3.6296296296296298	15	1.0	3	100.0	0	0	100.0	0.0	100.0	0.0	3.125	0	3.125	0	6.25	0	0	3.125	18.75	0	0	0	0	0	0	15.625	0	0	0	0	9.375	9.375	0	3.125	3.125	0	3.125	6.25	0	0	12.5	3.125	0	25.0	75.0	33.333333333333336	66.66666666666667	1.0	100.0	0	0	0
dutch_clean_89.conllu	1	28	28.0	4.8076923076923075	25.0	17.857142857142858	3.5714285714285716	0	3.5714285714285716	14.285714285714286	17.857142857142858	0	0	3.5714285714285716	7.142857142857143	0	0	7.142857142857143	0	0.6153846153846154	100.0	0	50.0	0	50.0	100.0	0	0	0	0	0	0	0	0	2.0	100.0	3.5	0	0	50.0	0	0	50.0	0	4.0	14.0	17.0	3.56	17	1.0	1	100.0	0	0	0.0	100.0	100.0	0.0	0	0	0	3.5714285714285716	17.857142857142858	0	0	0	10.714285714285714	3.5714285714285716	0	3.5714285714285716	7.142857142857143	0	0	10.714285714285714	0	0	10.714285714285714	0	0	7.142857142857143	0	3.5714285714285716	0	0	3.5714285714285716	7.142857142857143	0	0	7.142857142857143	3.5714285714285716	0	100.0	0.0	0	0	0	0	0	0	0
dutch_clean_90.conllu	1	13	13.0	4.666666666666667	15.384615384615385	15.384615384615385	0	7.6923076923076925	0	23.076923076923077	23.076923076923077	0	0	0	7.6923076923076925	0	0	7.6923076923076925	0	0.5	0	0	0	0	100.0	0	0	0	100.0	100.0	0	0	0	100.0	1.0	100.0	4.0	0	0	0	0	100.0	0	0	3.0	13.0	3.0	1.9090909090909092	3	1.0	1	100.0	0	0	0	0	100.0	0.0	0	0	0	7.6923076923076925	7.6923076923076925	0	0	7.6923076923076925	15.384615384615385	0	0	0	0	0	0	23.076923076923077	0	0	0	0	0	7.6923076923076925	0	0	7.6923076923076925	0	0	7.6923076923076925	0	0	7.6923076923076925	7.6923076923076925	0	100.0	0.0	0	0	0	0	0	0	0
dutch_clean_91.conllu	1	12	12.0	5.6	16.666666666666668	8.333333333333334	0	8.333333333333334	0	16.666666666666668	16.666666666666668	0	0	8.333333333333334	16.666666666666668	8.333333333333334	0	0	0	0.5	0	0	0	0	0	0	0	0	100.0	100.0	0	0	100.0	0	1.0	100.0	0	0	0	0	0	0	0	0	3.0	12.0	4.0	1.7777777777777777	4	1.0	1	100.0	0	0	0	0	100.0	0.0	0	0	8.333333333333334	0	8.333333333333334	0	0	0	8.333333333333334	0	0	0	0	8.333333333333334	0	16.666666666666668	0	0	0	0	8.333333333333334	8.333333333333334	0	8.333333333333334	0	0	0	0	0	0	16.666666666666668	8.333333333333334	0	100.0	0.0	0	0	0	0	0	0	0
dutch_clean_92.conllu	1	23	23.0	4.809523809523809	13.043478260869565	8.695652173913043	0	8.695652173913043	8.695652173913043	17.391304347826086	17.391304347826086	0	8.695652173913043	0	8.695652173913043	4.3478260869565215	0	4.3478260869565215	0	0.38095238095238093	0	0	0	100.0	0	0	0	0	100.0	100.0	0	0	0	100.0	3.0	100.0	2.0	0	0	100.0	0	0	0	0	4.0	7.666666666666667	10.0	2.65	10	1.0	2	100.0	0	0	100.0	0.0	100.0	0.0	0	0	4.3478260869565215	0	4.3478260869565215	0	0	0	8.695652173913043	8.695652173913043	0	0	8.695652173913043	8.695652173913043	0	17.391304347826086	0	0	0	0	4.3478260869565215	8.695652173913043	0	8.695652173913043	0	0	4.3478260869565215	0	0	0	8.695652173913043	4.3478260869565215	0	50.0	50.0	100.0	0.0	1.0	100.0	0	0	0
dutch_clean_93.conllu	1	18	18.0	5.588235294117647	16.666666666666668	5.555555555555555	0	5.555555555555555	5.555555555555555	16.666666666666668	11.11111111111111	5.555555555555555	11.11111111111111	11.11111111111111	5.555555555555555	0	0	5.555555555555555	0	0.47058823529411764	0	100.0	100.0	0	0	100.0	0	0	100.0	100.0	0	0	100.0	0	2.0	100.0	3.0	0	0	0	100.0	0	0	0	4.0	9.0	10.0	2.75	10	1.0	1	100.0	0	0	100.0	0.0	100.0	0.0	0	5.555555555555555	0	5.555555555555555	5.555555555555555	0	0	0	5.555555555555555	5.555555555555555	0	0	5.555555555555555	5.555555555555555	0	16.666666666666668	0	0	0	0	0	11.11111111111111	0	11.11111111111111	0	5.555555555555555	5.555555555555555	0	0	0	5.555555555555555	5.555555555555555	0	50.0	50.0	100.0	0.0	1.0	100.0	0	0	0
dutch_clean_94.conllu	1	20	20.0	5.888888888888889	10.0	15.0	5.0	5.0	0	10.0	15.0	10.0	10.0	0	10.0	0	0	10.0	0	0.4444444444444444	0	0	0	50.0	50.0	0	0	0	100.0	100.0	0	0	100.0	0	2.0	100.0	2.5	0	0	50.0	50.0	0	0	0	4.0	10.0	13.0	3.4705882352941178	13	1.0	1	100.0	0	0	0	0	50.0	50.0	0	5.0	0	0	15.0	0	0	0	15.0	0	0	0	0	5.0	0	5.0	0	0	5.0	0	0	5.0	5.0	10.0	0	5.0	0	10.0	0	0	10.0	5.0	0	50.0	50.0	100.0	0.0	1.0	100.0	0	0	0
dutch_clean_95.conllu	1	13	13.0	5.666666666666667	7.6923076923076925	15.384615384615385	0	7.6923076923076925	7.6923076923076925	15.384615384615385	30.76923076923077	0	0	0	7.6923076923076925	0	0	7.6923076923076925	0	0.5	0	0	0	0	100.0	0	0	0	100.0	100.0	0	0	100.0	0	2.0	100.0	0.0	100.0	0	0	0	0	0	0	3.0	6.5	9.0	3.5454545454545454	9	1.0	1	100.0	0	0	0	0	100.0	0.0	0	0	0	0	7.6923076923076925	0	0	0	15.384615384615385	7.6923076923076925	0	0	7.6923076923076925	7.6923076923076925	0	15.384615384615385	0	0	0	0	0	7.6923076923076925	0	7.6923076923076925	0	0	0	7.6923076923076925	0	0	7.6923076923076925	7.6923076923076925	0	100.0	0.0	0	0	0	0	0	0	0
dutch_clean_96.conllu	1	28	28.0	6.407407407407407	17.857142857142858	17.857142857142858	0	7.142857142857143	3.5714285714285716	17.857142857142858	28.571428571428573	0	3.5714285714285716	0	3.5714285714285716	0	0	0	0	0.48148148148148145	0	0	0	0	0	0	0	0	100.0	100.0	0	0	0	100.0	2.0	100.0	0	0	0	0	0	0	0	0	4.0	14.0	10.0	2.4615384615384617	10	1.0	3	100.0	0	0	0	0	100.0	0.0	0	0	0	0	10.714285714285714	0	0	0	14.285714285714286	3.5714285714285716	0	0	3.5714285714285716	7.142857142857143	0	17.857142857142858	0	0	7.142857142857143	0	0	17.857142857142858	0	7.142857142857143	0	0	0	3.5714285714285716	0	0	3.5714285714285716	3.5714285714285716	0	50.0	50.0	100.0	0.0	1.0	100.0	0	0	0
dutch_clean_97.conllu	1	20	20.0	7.375	5.0	10.0	0	5.0	10.0	5.0	25.0	0	5.0	0	20.0	0	0	15.0	0	0.5625	0	0	0	66.66666666666667	33.333333333333336	0	0	0	100.0	100.0	0	0	0	100.0	3.0	100.0	2.6666666666666665	0	0	33.333333333333336	66.66666666666667	0	0	0	5.0	6.666666666666667	9.0	2.6	9	1.0	1	100.0	0	0	0	0	100.0	0.0	0	0	0	0	5.0	0	0	5.0	10.0	10.0	0	0	25.0	0	0	5.0	0	0	0	0	0	5.0	0	0	5.0	0	0	5.0	0	0	20.0	5.0	0	50.0	50.0	100.0	0.0	1.0	100.0	0	0	0
dutch_clean_98.conllu	1	34	34.0	6.15625	17.647058823529413	17.647058823529413	0	5.882352941176471	8.823529411764707	8.823529411764707	23.529411764705884	0	2.9411764705882355	0	5.882352941176471	2.9411764705882355	0	5.882352941176471	0	0.5	0	0	0	100.0	0	0	0	0	100.0	100.0	0	0	0	100.0	4.0	100.0	3.5	0	0	0	50.0	50.0	0	0	6.0	8.5	14.0	3.032258064516129	14	1.0	3	100.0	0	0	100.0	0.0	100.0	0.0	0	0	2.9411764705882355	0	5.882352941176471	0	0	0	8.823529411764707	8.823529411764707	2.9411764705882355	0	14.705882352941176	5.882352941176471	0	8.823529411764707	0	0	0	0	11.764705882352942	8.823529411764707	2.9411764705882355	5.882352941176471	0	0	2.9411764705882355	0	0	0	5.882352941176471	2.9411764705882355	0	33.333333333333336	66.66666666666667	100.0	0.0	1.0	100.0	0	0	0
dutch_clean_99.conllu	1	3	3.0	4.333333333333333	33.333333333333336	0	0	0	0	33.333333333333336	0	0	0	0	0	0	33.333333333333336	0	0	0.3333333333333333	0	0	0	0	0	0	0	0	0	0	0	0	0	0	0.0	0.0	0	0	0	0	0	0	0	0	1.0	0	2.0	1.5	2	0	0	0	0	0	0	0	0	0	0	0	0	0	33.333333333333336	0	0	0	0	0	0	0	0	0	0	33.333333333333336	0	0	0	0	0	0	0	0	0	0	0	0	0	0	0	33.333333333333336	0	0	0	0	0	0	0	0	0	0
dutch_clean_100.conllu	1	28	28.0	5.884615384615385	7.142857142857143	17.857142857142858	7.142857142857143	3.5714285714285716	0	7.142857142857143	25.0	0	10.714285714285714	0	7.142857142857143	0	0	14.285714285714286	0	0.5769230769230769	0	100.0	25.0	0	75.0	0	100.0	0	100.0	100.0	0	0	0	100.0	4.0	100.0	2.75	25.0	0	0	25.0	50.0	0	0	4.0	7.0	7.0	2.44	7	0	0	0	0	0	100.0	0.0	50.0	50.0	0	0	3.5714285714285716	3.5714285714285716	14.285714285714286	0	3.5714285714285716	0	17.857142857142858	0	0	0	0	0	0	7.142857142857143	0	0	0	0	0	0	7.142857142857143	7.142857142857143	0	0	7.142857142857143	14.285714285714286	0	0	7.142857142857143	3.5714285714285716	3.5714285714285716	33.333333333333336	66.66666666666667	100.0	0.0	2.0	0	100.0	0	0
dutch_clean_101.conllu	1	23	23.0	5.7727272727272725	8.695652173913043	30.434782608695652	8.695652173913043	0	0	8.695652173913043	21.73913043478261	0	4.3478260869565215	0	4.3478260869565215	0	0	13.043478260869565	0	0.5454545454545454	0	100.0	33.333333333333336	66.66666666666667	0	0	100.0	0	0	0	0	0	0	0	3.0	100.0	3.6666666666666665	0	0	0	33.333333333333336	66.66666666666667	0	0	5.0	7.666666666666667	7.0	2.6666666666666665	7	1.0	1	100.0	0	0	100.0	0.0	0.0	100.0	0	0	4.3478260869565215	4.3478260869565215	13.043478260869565	0	0	0	8.695652173913043	0	0	0	0	0	0	8.695652173913043	0	0	8.695652173913043	0	17.391304347826086	4.3478260869565215	0	4.3478260869565215	0	0	8.695652173913043	4.3478260869565215	0	0	4.3478260869565215	4.3478260869565215	4.3478260869565215	33.333333333333336	66.66666666666667	100.0	0.0	2.0	0	100.0	0	0
dutch_clean_102.conllu	1	28	28.0	6.5	7.142857142857143	25.0	3.5714285714285716	0	10.714285714285714	7.142857142857143	25.0	0	0	0	7.142857142857143	0	0	14.285714285714286	0	0.5384615384615384	0	100.0	25.0	75.0	0	0	100.0	0	0	0	0	0	0	0	4.0	100.0	3.75	0	0	0	25.0	75.0	0	0	5.0	7.0	12.0	2.76	12	1.0	1	100.0	0	0	50.0	50.0	100.0	0.0	0	0	3.5714285714285716	7.142857142857143	0	0	0	0	7.142857142857143	10.714285714285714	0	3.5714285714285716	14.285714285714286	0	0	7.142857142857143	0	0	0	0	14.285714285714286	3.5714285714285716	0	3.5714285714285716	0	0	7.142857142857143	3.5714285714285716	0	0	7.142857142857143	3.5714285714285716	3.5714285714285716	33.333333333333336	66.66666666666667	100.0	0.0	2.0	0	100.0	0	0
dutch_clean_103.conllu	1	32	32.0	6.066666666666666	6.25	15.625	3.125	3.125	3.125	15.625	21.875	0	6.25	9.375	6.25	0	0	9.375	0	0.5333333333333333	0	100.0	33.333333333333336	33.333333333333336	33.333333333333336	0	100.0	0	100.0	100.0	0	0	0	100.0	4.0	100.0	2.3333333333333335	33.333333333333336	0	0	33.333333333333336	33.333333333333336	0	0	7.0	8.0	13.0	2.7241379310344827	13	1.5	2	50.0	50.0	0	100.0	0.0	100.0	0.0	0	3.125	0	3.125	6.25	0	0	0	12.5	3.125	0	0	3.125	3.125	0	15.625	0	0	0	12.5	0	9.375	0	12.5	0	0	3.125	3.125	0	0	6.25	3.125	0	33.333333333333336	66.66666666666667	100.0	0.0	1.0	100.0	0	0	0
dutch_clean_104.conllu	1	15	15.0	6.142857142857143	6.666666666666667	6.666666666666667	13.333333333333334	0	0	13.333333333333334	26.666666666666668	6.666666666666667	6.666666666666667	0	6.666666666666667	6.666666666666667	0	6.666666666666667	0	0.5714285714285714	0	100.0	100.0	0	0	0	100.0	0	0	0	0	0	0	0	1.0	100.0	4.0	0	0	0	0	100.0	0	0	6.0	15.0	5.0	2.0	5	1.0	1	100.0	0	0	0.0	100.0	100.0	0.0	0	0	0	13.333333333333334	13.333333333333334	0	0	0	6.666666666666667	0	0	0	0	0	0	20.0	0	0	6.666666666666667	0	0	13.333333333333334	0	6.666666666666667	0	0	6.666666666666667	0	0	0	6.666666666666667	6.666666666666667	0	100.0	0.0	0	0	0	0	0	0	0
dutch_clean_105.conllu	1	16	16.0	5.533333333333333	0	18.75	0	6.25	6.25	18.75	37.5	0	0	0	6.25	0	0	6.25	0	0.4666666666666667	0	0	0	0	100.0	0	0	0	100.0	100.0	0	0	0	100.0	1.0	100.0	4.0	0	0	0	0	100.0	0	0	4.0	16.0	8.0	2.642857142857143	8	1.0	2	100.0	0	0	0	0	100.0	0.0	0	0	0	0	0	0	0	6.25	18.75	6.25	0	0	6.25	0	0	18.75	0	0	0	0	0	12.5	0	0	12.5	0	0	6.25	0	0	6.25	6.25	0	100.0	0.0	0	0	0	0	0	0	0
dutch_clean_106.conllu	1	13	13.0	7.818181818181818	0	7.6923076923076925	0	0	7.6923076923076925	7.6923076923076925	46.15384615384615	0	0	0	15.384615384615385	7.6923076923076925	0	7.6923076923076925	0	0.6363636363636364	0	100.0	100.0	0	0	100.0	0	0	0	0	0	0	0	0	1.0	100.0	2.0	0	0	100.0	0	0	0	0	4.0	13.0	6.0	2.0	6	1.0	1	100.0	0	0	0.0	100.0	100.0	0.0	0	0	0	0	0	0	0	0	7.6923076923076925	15.384615384615385	0	0	23.076923076923077	0	0	7.6923076923076925	0	0	0	0	0	7.6923076923076925	0	7.6923076923076925	0	0	7.6923076923076925	0	0	0	15.384615384615385	7.6923076923076925	0	100.0	0.0	0	0	0	0	0	0	0
dutch_clean_107.conllu	1	20	20.0	5.529411764705882	5.0	10.0	10.0	10.0	5.0	0	20.0	0	5.0	0	15.0	10.0	0	10.0	0	0.5294117647058824	0	0	0	50.0	50.0	0	0	0	100.0	100.0	0	0	50.0	50.0	3.0	100.0	3.0	0	0	0	100.0	0	0	0	4.0	6.666666666666667	7.0	2.3125	7	0	0	0	0	0	0	0	100.0	0.0	0	0	5.0	10.0	5.0	0	5.0	0	10.0	5.0	0	0	10.0	5.0	0	0	0	0	0	0	10.0	5.0	0	0	5.0	0	0	5.0	0	0	15.0	5.0	0	50.0	50.0	0.0	100.0	1.0	100.0	0	0	0
dutch_clean_108.conllu	1	24	24.0	6.478260869565218	4.166666666666667	8.333333333333334	0	4.166666666666667	4.166666666666667	25.0	33.333333333333336	0	8.333333333333334	0	4.166666666666667	0	0	8.333333333333334	0	0.4782608695652174	0	100.0	100.0	0	0	0	100.0	0	100.0	100.0	0	0	0	100.0	3.0	100.0	2.5	0	0	50.0	50.0	0	0	0	5.0	8.0	9.0	2.272727272727273	9	1.0	1	100.0	0	0	100.0	0.0	100.0	0.0	0	8.333333333333334	0	0	4.166666666666667	0	0	0	8.333333333333334	4.166666666666667	0	0	4.166666666666667	4.166666666666667	0	25.0	0	0	4.166666666666667	0	0	4.166666666666667	0	12.5	0	0	8.333333333333334	4.166666666666667	0	0	4.166666666666667	4.166666666666667	0	33.333333333333336	66.66666666666667	100.0	0.0	1.0	100.0	0	0	0
dutch_clean_109.conllu	1	25	25.0	5.478260869565218	16.0	16.0	0	8.0	4.0	16.0	24.0	0	4.0	0	8.0	4.0	0	0	0	0.43478260869565216	0	0	0	0	0	0	0	0	100.0	100.0	0	0	0	100.0	2.0	100.0	0	0	0	0	0	0	0	0	4.0	12.5	11.0	2.590909090909091	11	0	0	0	0	0	0	0	100.0	0.0	0	0	4.0	0	8.0	0	0	0	16.0	4.0	0	0	4.0	8.0	0	16.0	0	0	0	0	4.0	0	0	8.0	0	0	0	16.0	0	0	8.0	4.0	0	50.0	50.0	100.0	0.0	1.0	100.0	0	0	0
dutch_clean_110.conllu	1	17	17.0	5.4375	11.764705882352942	11.764705882352942	0	5.882352941176471	0	23.529411764705884	23.529411764705884	0	5.882352941176471	5.882352941176471	5.882352941176471	0	0	5.882352941176471	0	0.5	100.0	0	100.0	0	0	0	100.0	100.0	0	100.0	0	0	0	100.0	2.0	100.0	3.0	0	0	0	100.0	0	0	0	4.0	8.5	4.0	2.3333333333333335	4	1.0	1	100.0	0	0	100.0	0.0	100.0	0.0	0	5.882352941176471	0	0	11.764705882352942	0	0	0	11.764705882352942	0	0	0	0	5.882352941176471	0	23.529411764705884	0	0	0	0	0	5.882352941176471	0	11.764705882352942	0	0	5.882352941176471	5.882352941176471	0	0	5.882352941176471	5.882352941176471	0	50.0	50.0	100.0	0.0	1.0	100.0	0	0	0
dutch_clean_111.conllu	1	44	44.0	4.595238095238095	11.363636363636363	18.181818181818183	4.545454545454546	2.272727272727273	4.545454545454546	13.636363636363637	18.181818181818183	2.272727272727273	6.818181818181818	0	4.545454545454546	4.545454545454546	0	9.090909090909092	0	0.4523809523809524	100.0	0	50.0	50.0	0	0	100.0	100.0	0	100.0	0	0	0	100.0	5.0	100.0	4.0	0	0	25.0	0	50.0	0	25.0	6.0	8.8	19.0	3.1219512195121952	19	1.0	1	100.0	0	0	100.0	0.0	50.0	50.0	2.272727272727273	0	6.818181818181818	4.545454545454546	6.818181818181818	0	0	0	9.090909090909092	4.545454545454546	0	0	4.545454545454546	2.272727272727273	0	15.909090909090908	2.272727272727273	0	0	0	13.636363636363637	4.545454545454546	0	4.545454545454546	0	0	4.545454545454546	6.818181818181818	0	0	4.545454545454546	2.272727272727273	0	20.0	80.0	100.0	0.0	2.0	0	100.0	0	0
dutch_clean_112.conllu	1	24	24.0	6.636363636363637	8.333333333333334	12.5	4.166666666666667	0	4.166666666666667	8.333333333333334	37.5	4.166666666666667	0	0	8.333333333333334	4.166666666666667	0	8.333333333333334	0	0.6363636363636364	100.0	0	100.0	0	0	100.0	0	0	0	0	0	0	0	0	2.0	100.0	3.5	0	0	50.0	0	0	50.0	0	5.0	12.0	12.0	2.857142857142857	12	0	0	0	0	0	0	0	100.0	0.0	0	0	4.166666666666667	4.166666666666667	12.5	8.333333333333334	0	0	12.5	4.166666666666667	0	0	4.166666666666667	0	0	8.333333333333334	0	0	0	0	4.166666666666667	0	0	8.333333333333334	0	0	0	16.666666666666668	0	0	8.333333333333334	4.166666666666667	0	50.0	50.0	100.0	0.0	1.0	100.0	0	0	0